batch_size,s_in,s_out,context_length,decode_steps,repeat,warmup,page_size,max_num_pages,max_num_batched_tokens,split_kv_cache,estimated_kv_gib,gpu_total_gib,status,status_reason,model,batch_prompt_mode,prompt_sha256,git_commit,gpu_name,driver_version,torch_version,torch_cuda_version,transformers_version,flashinfer_version,policy,prefill_backend,decode_backend,timing_mode,mean_prefill_ms,mean_decode_ms,mean_prefill_plus_decode_ms,mean_continuous_total_ms,continuous_generated_tokens_per_second,mean_step_latency_ms,median_step_latency_ms,p90_step_latency_ms,p99_step_latency_ms,decode_tokens_per_second,generated_tokens_per_second_including_prefill,decode_relative_range,repeat_prefill_ms,repeat_decode_ms,repeat_continuous_total_ms,minimum_first30_matches,minimum_batch_match_fraction,minimum_passing_request_fraction,invalid_token_count,incomplete_request_count,compared_token_positions,required_token_matches,correctness_gate_applicable,first30_matches_by_request_per_repeat,decode_speedup_vs_normal,phase_sum_speedup_vs_normal,continuous_total_speedup_vs_normal,summary_path
1,16,16,16,15,1,0,64,1,8,False,0.0087890625,93.3447265625,completed,,Qwen/Qwen3-8B,identical,373683306970cf5dc9b931a3baaa87503d8c70b35642a3553ef6519f5f5b13f5,cec73259ef6b1952599c9ec97de94f12f18e6321,NVIDIA H100 NVL,590.48.01,2.6.0+cu124,12.4,4.57.1,0.7.0,normal,NORMAL,NORMAL,one_prefill_phase_then_decode,422.4971618652344,328.8683853149414,751.3655471801758,,,21.924559020996092,20.27689552307129,20.70355796813965,41.263795738220196,45.61095158367145,21.294561695098906,,[422.4971618652344],[328.8683853149414],,,,,0,0,16,11,True,,1.0,1.0,,/data/home/hliu148/mirage/results/qwen3_3d_identical_b1_b64_repeat1/b1_in16_out16/summary.json
1,16,16,16,15,1,0,64,1,8,False,0.0087890625,93.3447265625,completed,,Qwen/Qwen3-8B,identical,373683306970cf5dc9b931a3baaa87503d8c70b35642a3553ef6519f5f5b13f5,cec73259ef6b1952599c9ec97de94f12f18e6321,NVIDIA H100 NVL,590.48.01,2.6.0+cu124,12.4,4.57.1,0.7.0,always,MPK,MPK,split_two_mpk_launches,14.662848472595215,93.45484924316406,108.11769771575928,,,6.230323282877604,,,,160.50531482824263,147.98687299154201,,[14.662848472595215],[93.45484924316406],,16,1.0,1.0,0,0,16,11,True,[[16]],3.519008248135365,6.949514862548321,,/data/home/hliu148/mirage/results/qwen3_3d_identical_b1_b64_repeat1/b1_in16_out16/summary.json
1,16,16,16,15,1,0,64,1,8,False,0.0087890625,93.3447265625,completed,,Qwen/Qwen3-8B,identical,373683306970cf5dc9b931a3baaa87503d8c70b35642a3553ef6519f5f5b13f5,cec73259ef6b1952599c9ec97de94f12f18e6321,NVIDIA H100 NVL,590.48.01,2.6.0+cu124,12.4,4.57.1,0.7.0,always-continuous,MPK,MPK,continuous_one_mpk_launch,,,,107.59244537353516,148.7093256822246,,,,,,,,,,[107.59244537353516],16,1.0,1.0,0,0,16,11,True,[[16]],,,6.983441491376229,/data/home/hliu148/mirage/results/qwen3_3d_identical_b1_b64_repeat1/b1_in16_out16/summary.json
1,16,16,16,15,1,0,64,1,8,False,0.0087890625,93.3447265625,completed,,Qwen/Qwen3-8B,identical,373683306970cf5dc9b931a3baaa87503d8c70b35642a3553ef6519f5f5b13f5,cec73259ef6b1952599c9ec97de94f12f18e6321,NVIDIA H100 NVL,590.48.01,2.6.0+cu124,12.4,4.57.1,0.7.0,decode-only,NORMAL,MPK,one_prefill_phase_then_decode,385.28338623046875,92.71024322509766,477.9936294555664,,,6.180682881673177,,,,161.79441966925333,33.47324946197288,,[385.28338623046875],[92.71024322509766],,16,1.0,1.0,0,0,16,11,True,[[16]],3.547271303306356,1.5719153998683608,,/data/home/hliu148/mirage/results/qwen3_3d_identical_b1_b64_repeat1/b1_in16_out16/summary.json
1,16,16,16,15,1,0,64,1,8,False,0.0087890625,93.3447265625,completed,,Qwen/Qwen3-8B,identical,373683306970cf5dc9b931a3baaa87503d8c70b35642a3553ef6519f5f5b13f5,cec73259ef6b1952599c9ec97de94f12f18e6321,NVIDIA H100 NVL,590.48.01,2.6.0+cu124,12.4,4.57.1,0.7.0,prefill-only,MPK,NORMAL,one_prefill_phase_then_decode,14.660479545593262,667.5644130706787,682.224892616272,,,44.50429420471191,20.483999252319336,21.378720474243163,329.1702190017698,22.46974180514303,23.452676929804507,,[14.660479545593262],[667.5644130706787],,16,1.0,1.0,0,0,16,11,True,[[16]],0.4926391803934017,1.1013458396376532,,/data/home/hliu148/mirage/results/qwen3_3d_identical_b1_b64_repeat1/b1_in16_out16/summary.json
1,16,32,16,31,1,0,64,1,8,False,0.0087890625,93.3447265625,completed,,Qwen/Qwen3-8B,identical,373683306970cf5dc9b931a3baaa87503d8c70b35642a3553ef6519f5f5b13f5,cec73259ef6b1952599c9ec97de94f12f18e6321,NVIDIA H100 NVL,590.48.01,2.6.0+cu124,12.4,4.57.1,0.7.0,normal,NORMAL,NORMAL,one_prefill_phase_then_decode,425.5140686035156,651.5579814910889,1077.0720500946045,,,21.01799940293835,20.239839553833008,20.372127532958984,37.09384880065916,47.57826759954129,29.71017583938724,,[425.5140686035156],[651.5579814910889],,,,,0,0,30,20,True,,1.0,1.0,,/data/home/hliu148/mirage/results/qwen3_3d_identical_b1_b64_repeat1/b1_in16_out32/summary.json
1,16,32,16,31,1,0,64,1,8,False,0.0087890625,93.3447265625,completed,,Qwen/Qwen3-8B,identical,373683306970cf5dc9b931a3baaa87503d8c70b35642a3553ef6519f5f5b13f5,cec73259ef6b1952599c9ec97de94f12f18e6321,NVIDIA H100 NVL,590.48.01,2.6.0+cu124,12.4,4.57.1,0.7.0,always,MPK,MPK,split_two_mpk_launches,14.799839973449707,193.51673889160156,208.31657886505127,,,6.2424754481161795,,,,160.1928607187033,153.61235372787968,,[14.799839973449707],[193.51673889160156],,30,1.0,1.0,0,0,30,20,True,[[30]],3.366933450940692,5.170361648423279,,/data/home/hliu148/mirage/results/qwen3_3d_identical_b1_b64_repeat1/b1_in16_out32/summary.json
1,16,32,16,31,1,0,64,1,8,False,0.0087890625,93.3447265625,completed,,Qwen/Qwen3-8B,identical,373683306970cf5dc9b931a3baaa87503d8c70b35642a3553ef6519f5f5b13f5,cec73259ef6b1952599c9ec97de94f12f18e6321,NVIDIA H100 NVL,590.48.01,2.6.0+cu124,12.4,4.57.1,0.7.0,always-continuous,MPK,MPK,continuous_one_mpk_launch,,,,208.40896606445312,153.54425773651022,,,,,,,,,,[208.40896606445312],30,1.0,1.0,0,0,30,20,True,[[30]],,,5.1680696393911685,/data/home/hliu148/mirage/results/qwen3_3d_identical_b1_b64_repeat1/b1_in16_out32/summary.json
1,16,32,16,31,1,0,64,1,8,False,0.0087890625,93.3447265625,correctness_failed,Batch match fraction: 0.633; passing-request fraction: 0.000; both require 0.667; invalid token IDs: 0; incomplete requests: 0,Qwen/Qwen3-8B,identical,373683306970cf5dc9b931a3baaa87503d8c70b35642a3553ef6519f5f5b13f5,cec73259ef6b1952599c9ec97de94f12f18e6321,NVIDIA H100 NVL,590.48.01,2.6.0+cu124,12.4,4.57.1,0.7.0,decode-only,NORMAL,MPK,one_prefill_phase_then_decode,393.36944580078125,193.42906188964844,586.7985076904297,,,6.2396471577305945,,,,160.26547250529265,54.533199353127635,,[393.36944580078125],[193.42906188964844],,19,0.6333333333333333,0.0,0,0,30,20,True,[[19]],3.3684596054278733,1.8355057757965918,,/data/home/hliu148/mirage/results/qwen3_3d_identical_b1_b64_repeat1/b1_in16_out32/summary.json
1,16,32,16,31,1,0,64,1,8,False,0.0087890625,93.3447265625,correctness_failed,Batch match fraction: 0.633; passing-request fraction: 0.000; both require 0.667; invalid token IDs: 0; incomplete requests: 0,Qwen/Qwen3-8B,identical,373683306970cf5dc9b931a3baaa87503d8c70b35642a3553ef6519f5f5b13f5,cec73259ef6b1952599c9ec97de94f12f18e6321,NVIDIA H100 NVL,590.48.01,2.6.0+cu124,12.4,4.57.1,0.7.0,prefill-only,MPK,NORMAL,one_prefill_phase_then_decode,14.689791679382324,1005.2164821624756,1019.9062738418579,,,32.42633813427341,20.739360809326172,21.11724853515625,273.1972856521604,30.839128237642043,31.375432057555688,,[14.689791679382324],[1005.2164821624756],,19,0.6333333333333333,0.0,0,0,30,20,True,[[19]],0.6481767788858996,1.0560500290261088,,/data/home/hliu148/mirage/results/qwen3_3d_identical_b1_b64_repeat1/b1_in16_out32/summary.json
1,16,64,16,63,1,0,128,1,8,False,0.017578125,93.3447265625,completed,,Qwen/Qwen3-8B,identical,373683306970cf5dc9b931a3baaa87503d8c70b35642a3553ef6519f5f5b13f5,cec73259ef6b1952599c9ec97de94f12f18e6321,NVIDIA H100 NVL,590.48.01,2.6.0+cu124,12.4,4.57.1,0.7.0,normal,NORMAL,NORMAL,one_prefill_phase_then_decode,419.04290771484375,1306.8548488616943,1725.897756576538,,,20.743727759709433,20.286752700805664,20.524947738647462,31.00522449493414,48.207343038038765,37.08215029316066,,[419.04290771484375],[1306.8548488616943],,,,,0,0,30,20,True,,1.0,1.0,,/data/home/hliu148/mirage/results/qwen3_3d_identical_b1_b64_repeat1/b1_in16_out64/summary.json
1,16,64,16,63,1,0,128,1,8,False,0.017578125,93.3447265625,completed,,Qwen/Qwen3-8B,identical,373683306970cf5dc9b931a3baaa87503d8c70b35642a3553ef6519f5f5b13f5,cec73259ef6b1952599c9ec97de94f12f18e6321,NVIDIA H100 NVL,590.48.01,2.6.0+cu124,12.4,4.57.1,0.7.0,always,MPK,MPK,split_two_mpk_launches,14.849247932434082,392.92864990234375,407.77789783477783,,,6.236962696862599,,,,160.3344526179439,156.94818267450904,,[14.849247932434082],[392.92864990234375],,30,1.0,1.0,0,0,30,20,True,[[30]],3.32593423560866,4.232445568385935,,/data/home/hliu148/mirage/results/qwen3_3d_identical_b1_b64_repeat1/b1_in16_out64/summary.json
1,16,64,16,63,1,0,128,1,8,False,0.017578125,93.3447265625,completed,,Qwen/Qwen3-8B,identical,373683306970cf5dc9b931a3baaa87503d8c70b35642a3553ef6519f5f5b13f5,cec73259ef6b1952599c9ec97de94f12f18e6321,NVIDIA H100 NVL,590.48.01,2.6.0+cu124,12.4,4.57.1,0.7.0,always-continuous,MPK,MPK,continuous_one_mpk_launch,,,,404.471923828125,158.23100746838477,,,,,,,,,,[404.471923828125],30,1.0,1.0,0,0,30,20,True,[[30]],,,4.267039700164542,/data/home/hliu148/mirage/results/qwen3_3d_identical_b1_b64_repeat1/b1_in16_out64/summary.json
1,16,64,16,63,1,0,128,1,8,False,0.017578125,93.3447265625,correctness_failed,Batch match fraction: 0.633; passing-request fraction: 0.000; both require 0.667; invalid token IDs: 0; incomplete requests: 0,Qwen/Qwen3-8B,identical,373683306970cf5dc9b931a3baaa87503d8c70b35642a3553ef6519f5f5b13f5,cec73259ef6b1952599c9ec97de94f12f18e6321,NVIDIA H100 NVL,590.48.01,2.6.0+cu124,12.4,4.57.1,0.7.0,decode-only,NORMAL,MPK,one_prefill_phase_then_decode,400.53009033203125,388.9181823730469,789.4482727050781,,,6.173304482111855,,,,161.98779809057874,81.06927611697886,,[400.53009033203125],[388.9181823730469],,19,0.6333333333333333,0.0,0,0,30,20,True,[[19]],3.3602307839857453,2.186207527774652,,/data/home/hliu148/mirage/results/qwen3_3d_identical_b1_b64_repeat1/b1_in16_out64/summary.json
1,16,64,16,63,1,0,128,1,8,False,0.017578125,93.3447265625,correctness_failed,Batch match fraction: 0.633; passing-request fraction: 0.000; both require 0.667; invalid token IDs: 0; incomplete requests: 0,Qwen/Qwen3-8B,identical,373683306970cf5dc9b931a3baaa87503d8c70b35642a3553ef6519f5f5b13f5,cec73259ef6b1952599c9ec97de94f12f18e6321,NVIDIA H100 NVL,590.48.01,2.6.0+cu124,12.4,4.57.1,0.7.0,prefill-only,MPK,NORMAL,one_prefill_phase_then_decode,14.836544036865234,1628.1295146942139,1642.966058731079,,,25.843325630066886,20.10032081604004,20.46347541809082,156.95994552612396,38.694710360208845,38.953939224666314,,[14.836544036865234],[1628.1295146942139],,19,0.6333333333333333,0.0,0,0,30,20,True,[[19]],0.8026725374529805,1.0504768174635999,,/data/home/hliu148/mirage/results/qwen3_3d_identical_b1_b64_repeat1/b1_in16_out64/summary.json
1,16,128,16,127,1,0,256,1,8,False,0.03515625,93.3447265625,completed,,Qwen/Qwen3-8B,identical,373683306970cf5dc9b931a3baaa87503d8c70b35642a3553ef6519f5f5b13f5,cec73259ef6b1952599c9ec97de94f12f18e6321,NVIDIA H100 NVL,590.48.01,2.6.0+cu124,12.4,4.57.1,0.7.0,normal,NORMAL,NORMAL,one_prefill_phase_then_decode,415.1784362792969,2589.8837699890137,3005.0622062683105,,,20.392785590464676,20.161216735839844,20.3330940246582,23.136259574890133,49.03694963907154,42.59479212543508,,[415.1784362792969],[2589.8837699890137],,,,,0,0,30,20,True,,1.0,1.0,,/data/home/hliu148/mirage/results/qwen3_3d_identical_b1_b64_repeat1/b1_in16_out128/summary.json
1,16,128,16,127,1,0,256,1,8,False,0.03515625,93.3447265625,completed,,Qwen/Qwen3-8B,identical,373683306970cf5dc9b931a3baaa87503d8c70b35642a3553ef6519f5f5b13f5,cec73259ef6b1952599c9ec97de94f12f18e6321,NVIDIA H100 NVL,590.48.01,2.6.0+cu124,12.4,4.57.1,0.7.0,always,MPK,MPK,split_two_mpk_launches,14.877632141113281,795.7796020507812,810.6572341918945,,,6.265981118510089,,,,159.59192680072707,157.8965740404415,,[14.877632141113281],[795.7796020507812],,30,1.0,1.0,0,0,30,20,True,[[30]],3.25452394521636,3.706945524595131,,/data/home/hliu148/mirage/results/qwen3_3d_identical_b1_b64_repeat1/b1_in16_out128/summary.json
1,16,128,16,127,1,0,256,1,8,False,0.03515625,93.3447265625,completed,,Qwen/Qwen3-8B,identical,373683306970cf5dc9b931a3baaa87503d8c70b35642a3553ef6519f5f5b13f5,cec73259ef6b1952599c9ec97de94f12f18e6321,NVIDIA H100 NVL,590.48.01,2.6.0+cu124,12.4,4.57.1,0.7.0,always-continuous,MPK,MPK,continuous_one_mpk_launch,,,,813.7238159179688,157.30152847450103,,,,,,,,,,[813.7238159179688],30,1.0,1.0,0,0,30,20,True,[[30]],,,3.692975610991887,/data/home/hliu148/mirage/results/qwen3_3d_identical_b1_b64_repeat1/b1_in16_out128/summary.json
1,16,128,16,127,1,0,256,1,8,False,0.03515625,93.3447265625,correctness_failed,Batch match fraction: 0.633; passing-request fraction: 0.000; both require 0.667; invalid token IDs: 0; incomplete requests: 0,Qwen/Qwen3-8B,identical,373683306970cf5dc9b931a3baaa87503d8c70b35642a3553ef6519f5f5b13f5,cec73259ef6b1952599c9ec97de94f12f18e6321,NVIDIA H100 NVL,590.48.01,2.6.0+cu124,12.4,4.57.1,0.7.0,decode-only,NORMAL,MPK,one_prefill_phase_then_decode,385.4828796386719,787.3482666015625,1172.8311462402344,,,6.199592650406004,,,,161.30092030070898,109.13762003194738,,[385.4828796386719],[787.3482666015625],,19,0.6333333333333333,0.0,0,0,30,20,True,[[19]],3.289375083236989,2.5622291971880964,,/data/home/hliu148/mirage/results/qwen3_3d_identical_b1_b64_repeat1/b1_in16_out128/summary.json
1,16,128,16,127,1,0,256,1,8,False,0.03515625,93.3447265625,correctness_failed,Batch match fraction: 0.633; passing-request fraction: 0.000; both require 0.667; invalid token IDs: 0; incomplete requests: 0,Qwen/Qwen3-8B,identical,373683306970cf5dc9b931a3baaa87503d8c70b35642a3553ef6519f5f5b13f5,cec73259ef6b1952599c9ec97de94f12f18e6321,NVIDIA H100 NVL,590.48.01,2.6.0+cu124,12.4,4.57.1,0.7.0,prefill-only,MPK,NORMAL,one_prefill_phase_then_decode,14.767904281616211,2926.326187133789,2941.0940914154053,,,23.04193848136842,20.172256469726562,20.33315200805664,22.841749954223623,43.39912637161992,43.521218982286904,,[14.767904281616211],[2926.326187133789],,19,0.6333333333333333,0.0,0,0,30,20,True,[[19]],0.8850290789099262,1.0217497682374794,,/data/home/hliu148/mirage/results/qwen3_3d_identical_b1_b64_repeat1/b1_in16_out128/summary.json
1,16,256,16,255,1,0,512,1,8,False,0.0703125,93.3447265625,completed,,Qwen/Qwen3-8B,identical,373683306970cf5dc9b931a3baaa87503d8c70b35642a3553ef6519f5f5b13f5,cec73259ef6b1952599c9ec97de94f12f18e6321,NVIDIA H100 NVL,590.48.01,2.6.0+cu124,12.4,4.57.1,0.7.0,normal,NORMAL,NORMAL,one_prefill_phase_then_decode,416.3844299316406,5234.120164871216,5650.504594802856,,,20.525961430867515,20.414079666137695,20.549305725097657,21.928232955932625,48.71878978083687,45.30568831595326,,[416.3844299316406],[5234.120164871216],,,,,0,0,30,20,True,,1.0,1.0,,/data/home/hliu148/mirage/results/qwen3_3d_identical_b1_b64_repeat1/b1_in16_out256/summary.json
1,16,256,16,255,1,0,512,1,8,False,0.0703125,93.3447265625,completed,,Qwen/Qwen3-8B,identical,373683306970cf5dc9b931a3baaa87503d8c70b35642a3553ef6519f5f5b13f5,cec73259ef6b1952599c9ec97de94f12f18e6321,NVIDIA H100 NVL,590.48.01,2.6.0+cu124,12.4,4.57.1,0.7.0,always,MPK,MPK,split_two_mpk_launches,14.78831958770752,1610.4031982421875,1625.191517829895,,,6.3153066597732845,,,,158.34543813520838,157.51989669613505,,[14.78831958770752],[1610.4031982421875],,30,1.0,1.0,0,0,30,20,True,[[30]],3.250192355917105,3.4768238283374315,,/data/home/hliu148/mirage/results/qwen3_3d_identical_b1_b64_repeat1/b1_in16_out256/summary.json
1,16,256,16,255,1,0,512,1,8,False,0.0703125,93.3447265625,completed,,Qwen/Qwen3-8B,identical,373683306970cf5dc9b931a3baaa87503d8c70b35642a3553ef6519f5f5b13f5,cec73259ef6b1952599c9ec97de94f12f18e6321,NVIDIA H100 NVL,590.48.01,2.6.0+cu124,12.4,4.57.1,0.7.0,always-continuous,MPK,MPK,continuous_one_mpk_launch,,,,1624.2154541015625,157.6145574489727,,,,,,,,,,[1624.2154541015625],30,1.0,1.0,0,0,30,20,True,[[30]],,,3.47891320731734,/data/home/hliu148/mirage/results/qwen3_3d_identical_b1_b64_repeat1/b1_in16_out256/summary.json
1,16,256,16,255,1,0,512,1,8,False,0.0703125,93.3447265625,correctness_failed,Batch match fraction: 0.633; passing-request fraction: 0.000; both require 0.667; invalid token IDs: 0; incomplete requests: 0,Qwen/Qwen3-8B,identical,373683306970cf5dc9b931a3baaa87503d8c70b35642a3553ef6519f5f5b13f5,cec73259ef6b1952599c9ec97de94f12f18e6321,NVIDIA H100 NVL,590.48.01,2.6.0+cu124,12.4,4.57.1,0.7.0,decode-only,NORMAL,MPK,one_prefill_phase_then_decode,384.02496337890625,1595.2447509765625,1979.2697143554688,,,6.2558617685355395,,,,159.8500793335295,129.34063414564199,,[384.02496337890625],[1595.2447509765625],,19,0.6333333333333333,0.0,0,0,30,20,True,[[19]],3.2810765631211383,2.8548431544322863,,/data/home/hliu148/mirage/results/qwen3_3d_identical_b1_b64_repeat1/b1_in16_out256/summary.json
1,16,256,16,255,1,0,512,1,8,False,0.0703125,93.3447265625,correctness_failed,Batch match fraction: 0.633; passing-request fraction: 0.000; both require 0.667; invalid token IDs: 0; incomplete requests: 0,Qwen/Qwen3-8B,identical,373683306970cf5dc9b931a3baaa87503d8c70b35642a3553ef6519f5f5b13f5,cec73259ef6b1952599c9ec97de94f12f18e6321,NVIDIA H100 NVL,590.48.01,2.6.0+cu124,12.4,4.57.1,0.7.0,prefill-only,MPK,NORMAL,one_prefill_phase_then_decode,14.710944175720215,5584.286144256592,5598.997088432312,,,21.89916135002585,20.376672744750977,20.53638458251953,21.669291725158693,45.663849131775976,45.72247421398081,,[14.710944175720215],[5584.286144256592],,19,0.6333333333333333,0.0,0,0,30,20,True,[[19]],0.9372944060637867,1.0091994165306784,,/data/home/hliu148/mirage/results/qwen3_3d_identical_b1_b64_repeat1/b1_in16_out256/summary.json
1,16,512,16,511,1,0,1024,1,8,False,0.140625,93.3447265625,completed,,Qwen/Qwen3-8B,identical,373683306970cf5dc9b931a3baaa87503d8c70b35642a3553ef6519f5f5b13f5,cec73259ef6b1952599c9ec97de94f12f18e6321,NVIDIA H100 NVL,590.48.01,2.6.0+cu124,12.4,4.57.1,0.7.0,normal,NORMAL,NORMAL,one_prefill_phase_then_decode,431.8500671386719,10397.399896621704,10829.249963760376,,,20.34716222430862,20.280960083007812,20.399072647094727,20.858429527282716,49.146902598796146,47.27935930127998,,[431.8500671386719],[10397.399896621704],,,,,0,0,30,20,True,,1.0,1.0,,/data/home/hliu148/mirage/results/qwen3_3d_identical_b1_b64_repeat1/b1_in16_out512/summary.json
1,16,512,16,511,1,0,1024,1,8,False,0.140625,93.3447265625,completed,,Qwen/Qwen3-8B,identical,373683306970cf5dc9b931a3baaa87503d8c70b35642a3553ef6519f5f5b13f5,cec73259ef6b1952599c9ec97de94f12f18e6321,NVIDIA H100 NVL,590.48.01,2.6.0+cu124,12.4,4.57.1,0.7.0,always,MPK,MPK,split_two_mpk_launches,14.690943717956543,3284.24560546875,3298.9365491867065,,,6.427095118334149,,,,155.5912868237108,155.20153005859552,,[14.690943717956543],[3284.24560546875],,30,1.0,1.0,0,0,30,20,True,[[30]],3.1658411536909754,3.282648757348829,,/data/home/hliu148/mirage/results/qwen3_3d_identical_b1_b64_repeat1/b1_in16_out512/summary.json
1,16,512,16,511,1,0,1024,1,8,False,0.140625,93.3447265625,completed,,Qwen/Qwen3-8B,identical,373683306970cf5dc9b931a3baaa87503d8c70b35642a3553ef6519f5f5b13f5,cec73259ef6b1952599c9ec97de94f12f18e6321,NVIDIA H100 NVL,590.48.01,2.6.0+cu124,12.4,4.57.1,0.7.0,always-continuous,MPK,MPK,continuous_one_mpk_launch,,,,3307.3134765625,154.80842793654804,,,,,,,,,,[3307.3134765625],30,1.0,1.0,0,0,30,20,True,[[30]],,,3.274334301995437,/data/home/hliu148/mirage/results/qwen3_3d_identical_b1_b64_repeat1/b1_in16_out512/summary.json
1,16,512,16,511,1,0,1024,1,8,False,0.140625,93.3447265625,correctness_failed,Batch match fraction: 0.633; passing-request fraction: 0.000; both require 0.667; invalid token IDs: 0; incomplete requests: 0,Qwen/Qwen3-8B,identical,373683306970cf5dc9b931a3baaa87503d8c70b35642a3553ef6519f5f5b13f5,cec73259ef6b1952599c9ec97de94f12f18e6321,NVIDIA H100 NVL,590.48.01,2.6.0+cu124,12.4,4.57.1,0.7.0,decode-only,NORMAL,MPK,one_prefill_phase_then_decode,385.2424621582031,3276.117431640625,3661.359893798828,,,6.411188711625489,,,,155.9773148131933,139.83875249935525,,[385.2424621582031],[3276.117431640625],,19,0.6333333333333333,0.0,0,0,30,20,True,[[19]],3.1736957278160993,2.9577125106170685,,/data/home/hliu148/mirage/results/qwen3_3d_identical_b1_b64_repeat1/b1_in16_out512/summary.json
1,16,512,16,511,1,0,1024,1,8,False,0.140625,93.3447265625,correctness_failed,Batch match fraction: 0.633; passing-request fraction: 0.000; both require 0.667; invalid token IDs: 0; incomplete requests: 0,Qwen/Qwen3-8B,identical,373683306970cf5dc9b931a3baaa87503d8c70b35642a3553ef6519f5f5b13f5,cec73259ef6b1952599c9ec97de94f12f18e6321,NVIDIA H100 NVL,590.48.01,2.6.0+cu124,12.4,4.57.1,0.7.0,prefill-only,MPK,NORMAL,one_prefill_phase_then_decode,14.79638385772705,10856.102239608765,10870.898623466492,,,21.244818472815588,20.513248443603516,20.65894317626953,21.693050003051756,47.070300990313406,47.09822230287108,,[14.79638385772705],[10856.102239608765],,19,0.6333333333333333,0.0,0,0,30,20,True,[[19]],0.9577470501969415,0.9961687932940326,,/data/home/hliu148/mirage/results/qwen3_3d_identical_b1_b64_repeat1/b1_in16_out512/summary.json
1,32,16,32,15,1,0,64,1,8,False,0.0087890625,93.3447265625,completed,,Qwen/Qwen3-8B,identical,a1403258c57dc4a19334e2e8b367033603e6e644256a116c2b5d778621d0a7cf,cec73259ef6b1952599c9ec97de94f12f18e6321,NVIDIA H100 NVL,590.48.01,2.6.0+cu124,12.4,4.57.1,0.7.0,normal,NORMAL,NORMAL,one_prefill_phase_then_decode,420.2337951660156,331.5005760192871,751.7343711853027,,,22.100038401285808,20.4366397857666,20.87735595703125,41.63452087402342,45.248790153315696,21.28411392813113,,[420.2337951660156],[331.5005760192871],,,,,0,0,16,11,True,,1.0,1.0,,/data/home/hliu148/mirage/results/qwen3_3d_identical_b1_b64_repeat1/b1_in32_out16/summary.json
1,32,16,32,15,1,0,64,1,8,False,0.0087890625,93.3447265625,completed,,Qwen/Qwen3-8B,identical,a1403258c57dc4a19334e2e8b367033603e6e644256a116c2b5d778621d0a7cf,cec73259ef6b1952599c9ec97de94f12f18e6321,NVIDIA H100 NVL,590.48.01,2.6.0+cu124,12.4,4.57.1,0.7.0,always,MPK,MPK,split_two_mpk_launches,29.131135940551758,93.66252899169922,122.79366493225098,,,6.244168599446614,,,,160.14942326967667,130.29988158450755,,[29.131135940551758],[93.66252899169922],,16,1.0,1.0,0,0,16,11,True,[[16]],3.539308404203629,6.121931221778075,,/data/home/hliu148/mirage/results/qwen3_3d_identical_b1_b64_repeat1/b1_in32_out16/summary.json
1,32,16,32,15,1,0,64,1,8,False,0.0087890625,93.3447265625,completed,,Qwen/Qwen3-8B,identical,a1403258c57dc4a19334e2e8b367033603e6e644256a116c2b5d778621d0a7cf,cec73259ef6b1952599c9ec97de94f12f18e6321,NVIDIA H100 NVL,590.48.01,2.6.0+cu124,12.4,4.57.1,0.7.0,always-continuous,MPK,MPK,continuous_one_mpk_launch,,,,121.997314453125,131.15042795591765,,,,,,,,,,[121.997314453125],16,1.0,1.0,0,0,16,11,True,[[16]],,,6.161892780632819,/data/home/hliu148/mirage/results/qwen3_3d_identical_b1_b64_repeat1/b1_in32_out16/summary.json
1,32,16,32,15,1,0,64,1,8,False,0.0087890625,93.3447265625,completed,,Qwen/Qwen3-8B,identical,a1403258c57dc4a19334e2e8b367033603e6e644256a116c2b5d778621d0a7cf,cec73259ef6b1952599c9ec97de94f12f18e6321,NVIDIA H100 NVL,590.48.01,2.6.0+cu124,12.4,4.57.1,0.7.0,decode-only,NORMAL,MPK,one_prefill_phase_then_decode,386.9908752441406,92.68729400634766,479.6781692504883,,,6.1791529337565105,,,,161.83447969656694,33.355697685805644,,[386.9908752441406],[92.68729400634766],,16,1.0,1.0,0,0,16,11,True,[[16]],3.5765482159462376,1.5671640265803852,,/data/home/hliu148/mirage/results/qwen3_3d_identical_b1_b64_repeat1/b1_in32_out16/summary.json
1,32,16,32,15,1,0,64,1,8,False,0.0087890625,93.3447265625,completed,,Qwen/Qwen3-8B,identical,a1403258c57dc4a19334e2e8b367033603e6e644256a116c2b5d778621d0a7cf,cec73259ef6b1952599c9ec97de94f12f18e6321,NVIDIA H100 NVL,590.48.01,2.6.0+cu124,12.4,4.57.1,0.7.0,prefill-only,MPK,NORMAL,one_prefill_phase_then_decode,29.1562557220459,663.261791229248,692.418046951294,,,44.21745274861654,20.30169677734375,21.10417251586914,327.92487045288067,22.615504463478796,23.107427760509356,,[29.1562557220459],[663.261791229248],,16,1.0,1.0,0,0,16,11,True,[[16]],0.49980351710733195,1.0856654798285192,,/data/home/hliu148/mirage/results/qwen3_3d_identical_b1_b64_repeat1/b1_in32_out16/summary.json
1,32,32,32,31,1,0,64,1,8,False,0.0087890625,93.3447265625,completed,,Qwen/Qwen3-8B,identical,a1403258c57dc4a19334e2e8b367033603e6e644256a116c2b5d778621d0a7cf,cec73259ef6b1952599c9ec97de94f12f18e6321,NVIDIA H100 NVL,590.48.01,2.6.0+cu124,12.4,4.57.1,0.7.0,normal,NORMAL,NORMAL,one_prefill_phase_then_decode,419.1129150390625,648.1176624298096,1067.230577468872,,,20.907021368703536,20.164384841918945,20.27872085571289,36.33845653533934,47.8308211564243,29.984148388901783,,[419.1129150390625],[648.1176624298096],,,,,0,0,30,20,True,,1.0,1.0,,/data/home/hliu148/mirage/results/qwen3_3d_identical_b1_b64_repeat1/b1_in32_out32/summary.json
1,32,32,32,31,1,0,64,1,8,False,0.0087890625,93.3447265625,completed,,Qwen/Qwen3-8B,identical,a1403258c57dc4a19334e2e8b367033603e6e644256a116c2b5d778621d0a7cf,cec73259ef6b1952599c9ec97de94f12f18e6321,NVIDIA H100 NVL,590.48.01,2.6.0+cu124,12.4,4.57.1,0.7.0,always,MPK,MPK,split_two_mpk_launches,29.164831161499023,193.64230346679688,222.8071346282959,,,6.24652591828377,,,,160.0889859550522,143.62197177116826,,[29.164831161499023],[193.64230346679688],,30,1.0,1.0,0,0,30,20,True,[[30]],3.3469838502563563,4.7899299959550605,,/data/home/hliu148/mirage/results/qwen3_3d_identical_b1_b64_repeat1/b1_in32_out32/summary.json
1,32,32,32,31,1,0,64,1,8,False,0.0087890625,93.3447265625,completed,,Qwen/Qwen3-8B,identical,a1403258c57dc4a19334e2e8b367033603e6e644256a116c2b5d778621d0a7cf,cec73259ef6b1952599c9ec97de94f12f18e6321,NVIDIA H100 NVL,590.48.01,2.6.0+cu124,12.4,4.57.1,0.7.0,always-continuous,MPK,MPK,continuous_one_mpk_launch,,,,221.56451416015625,144.42745997163175,,,,,,,,,,[221.56451416015625],30,1.0,1.0,0,0,30,20,True,[[30]],,,4.816793797121467,/data/home/hliu148/mirage/results/qwen3_3d_identical_b1_b64_repeat1/b1_in32_out32/summary.json
1,32,32,32,31,1,0,64,1,8,False,0.0087890625,93.3447265625,completed,,Qwen/Qwen3-8B,identical,a1403258c57dc4a19334e2e8b367033603e6e644256a116c2b5d778621d0a7cf,cec73259ef6b1952599c9ec97de94f12f18e6321,NVIDIA H100 NVL,590.48.01,2.6.0+cu124,12.4,4.57.1,0.7.0,decode-only,NORMAL,MPK,one_prefill_phase_then_decode,398.4432373046875,191.7494354248047,590.1926727294922,,,6.1854656588646675,,,,161.66931564268816,54.219581974828785,,[398.4432373046875],[191.7494354248047],,30,1.0,1.0,0,0,30,20,True,[[30]],3.380023836805358,1.808274868159918,,/data/home/hliu148/mirage/results/qwen3_3d_identical_b1_b64_repeat1/b1_in32_out32/summary.json
1,32,32,32,31,1,0,64,1,8,False,0.0087890625,93.3447265625,completed,,Qwen/Qwen3-8B,identical,a1403258c57dc4a19334e2e8b367033603e6e644256a116c2b5d778621d0a7cf,cec73259ef6b1952599c9ec97de94f12f18e6321,NVIDIA H100 NVL,590.48.01,2.6.0+cu124,12.4,4.57.1,0.7.0,prefill-only,MPK,NORMAL,one_prefill_phase_then_decode,29.159360885620117,993.5464668273926,1022.7058277130127,,,32.04988602669008,20.489343643188477,20.995136260986328,270.8269906997678,31.2013590053716,31.28954498241082,,[29.159360885620117],[993.5464668273926],,30,1.0,1.0,0,0,30,20,True,[[30]],0.6523274794578945,1.0435362237598922,,/data/home/hliu148/mirage/results/qwen3_3d_identical_b1_b64_repeat1/b1_in32_out32/summary.json
1,32,64,32,63,1,0,128,1,8,False,0.017578125,93.3447265625,completed,,Qwen/Qwen3-8B,identical,a1403258c57dc4a19334e2e8b367033603e6e644256a116c2b5d778621d0a7cf,cec73259ef6b1952599c9ec97de94f12f18e6321,NVIDIA H100 NVL,590.48.01,2.6.0+cu124,12.4,4.57.1,0.7.0,normal,NORMAL,NORMAL,one_prefill_phase_then_decode,418.52874755859375,1301.3302783966064,1719.8590259552002,,,20.656036165025498,20.192832946777344,20.36769905090332,31.110192260742238,48.41199889517939,37.21235231152434,,[418.52874755859375],[1301.3302783966064],,,,,0,0,30,20,True,,1.0,1.0,,/data/home/hliu148/mirage/results/qwen3_3d_identical_b1_b64_repeat1/b1_in32_out64/summary.json
1,32,64,32,63,1,0,128,1,8,False,0.017578125,93.3447265625,completed,,Qwen/Qwen3-8B,identical,a1403258c57dc4a19334e2e8b367033603e6e644256a116c2b5d778621d0a7cf,cec73259ef6b1952599c9ec97de94f12f18e6321,NVIDIA H100 NVL,590.48.01,2.6.0+cu124,12.4,4.57.1,0.7.0,always,MPK,MPK,split_two_mpk_launches,29.24553680419922,393.74151611328125,422.98705291748047,,,6.249865335131449,,,,160.00344749491595,151.3048675097051,,[29.24553680419922],[393.74151611328125],,30,1.0,1.0,0,0,30,20,True,[[30]],3.3050369979837426,4.065985032148782,,/data/home/hliu148/mirage/results/qwen3_3d_identical_b1_b64_repeat1/b1_in32_out64/summary.json
1,32,64,32,63,1,0,128,1,8,False,0.017578125,93.3447265625,completed,,Qwen/Qwen3-8B,identical,a1403258c57dc4a19334e2e8b367033603e6e644256a116c2b5d778621d0a7cf,cec73259ef6b1952599c9ec97de94f12f18e6321,NVIDIA H100 NVL,590.48.01,2.6.0+cu124,12.4,4.57.1,0.7.0,always-continuous,MPK,MPK,continuous_one_mpk_launch,,,,420.1322937011719,152.33296978004117,,,,,,,,,,[420.1322937011719],30,1.0,1.0,0,0,30,20,True,[[30]],,,4.0936130160431965,/data/home/hliu148/mirage/results/qwen3_3d_identical_b1_b64_repeat1/b1_in32_out64/summary.json
1,32,64,32,63,1,0,128,1,8,False,0.017578125,93.3447265625,completed,,Qwen/Qwen3-8B,identical,a1403258c57dc4a19334e2e8b367033603e6e644256a116c2b5d778621d0a7cf,cec73259ef6b1952599c9ec97de94f12f18e6321,NVIDIA H100 NVL,590.48.01,2.6.0+cu124,12.4,4.57.1,0.7.0,decode-only,NORMAL,MPK,one_prefill_phase_then_decode,383.59381103515625,393.3345031738281,776.9283142089844,,,6.243404812282986,,,,160.1690151554239,82.37568232425723,,[383.59381103515625],[393.3345031738281],,30,1.0,1.0,0,0,30,20,True,[[30]],3.308456969566953,2.2136650119467505,,/data/home/hliu148/mirage/results/qwen3_3d_identical_b1_b64_repeat1/b1_in32_out64/summary.json
1,32,64,32,63,1,0,128,1,8,False,0.017578125,93.3447265625,completed,,Qwen/Qwen3-8B,identical,a1403258c57dc4a19334e2e8b367033603e6e644256a116c2b5d778621d0a7cf,cec73259ef6b1952599c9ec97de94f12f18e6321,NVIDIA H100 NVL,590.48.01,2.6.0+cu124,12.4,4.57.1,0.7.0,prefill-only,MPK,NORMAL,one_prefill_phase_then_decode,29.489408493041992,1636.6872959136963,1666.1767044067383,,,25.979163427201527,20.224960327148438,20.530458068847658,158.0621795654306,38.49238651591638,38.41129205007577,,[29.489408493041992],[1636.6872959136963],,30,1.0,1.0,0,0,30,20,True,[[30]],0.7951001279509086,1.0322188645456882,,/data/home/hliu148/mirage/results/qwen3_3d_identical_b1_b64_repeat1/b1_in32_out64/summary.json
1,32,128,32,127,1,0,256,1,8,False,0.03515625,93.3447265625,completed,,Qwen/Qwen3-8B,identical,a1403258c57dc4a19334e2e8b367033603e6e644256a116c2b5d778621d0a7cf,cec73259ef6b1952599c9ec97de94f12f18e6321,NVIDIA H100 NVL,590.48.01,2.6.0+cu124,12.4,4.57.1,0.7.0,normal,NORMAL,NORMAL,one_prefill_phase_then_decode,416.81207275390625,2608.0341968536377,3024.846269607544,,,20.53570233743022,20.305696487426758,20.41807327270508,23.170429420471187,48.695680506495755,42.31620009456125,,[416.81207275390625],[2608.0341968536377],,,,,0,0,30,20,True,,1.0,1.0,,/data/home/hliu148/mirage/results/qwen3_3d_identical_b1_b64_repeat1/b1_in32_out128/summary.json
1,32,128,32,127,1,0,256,1,8,False,0.03515625,93.3447265625,completed,,Qwen/Qwen3-8B,identical,a1403258c57dc4a19334e2e8b367033603e6e644256a116c2b5d778621d0a7cf,cec73259ef6b1952599c9ec97de94f12f18e6321,NVIDIA H100 NVL,590.48.01,2.6.0+cu124,12.4,4.57.1,0.7.0,always,MPK,MPK,split_two_mpk_launches,29.465791702270508,791.8264770507812,821.2922687530518,,,6.234854150006152,,,,160.38867565154084,155.8519480456565,,[29.465791702270508],[791.8264770507812],,30,1.0,1.0,0,0,30,20,True,[[30]],3.293694101474684,3.683032684820101,,/data/home/hliu148/mirage/results/qwen3_3d_identical_b1_b64_repeat1/b1_in32_out128/summary.json
1,32,128,32,127,1,0,256,1,8,False,0.03515625,93.3447265625,completed,,Qwen/Qwen3-8B,identical,a1403258c57dc4a19334e2e8b367033603e6e644256a116c2b5d778621d0a7cf,cec73259ef6b1952599c9ec97de94f12f18e6321,NVIDIA H100 NVL,590.48.01,2.6.0+cu124,12.4,4.57.1,0.7.0,always-continuous,MPK,MPK,continuous_one_mpk_launch,,,,826.7696533203125,154.8194221763597,,,,,,,,,,[826.7696533203125],30,1.0,1.0,0,0,30,20,True,[[30]],,,3.658632434632477,/data/home/hliu148/mirage/results/qwen3_3d_identical_b1_b64_repeat1/b1_in32_out128/summary.json
1,32,128,32,127,1,0,256,1,8,False,0.03515625,93.3447265625,completed,,Qwen/Qwen3-8B,identical,a1403258c57dc4a19334e2e8b367033603e6e644256a116c2b5d778621d0a7cf,cec73259ef6b1952599c9ec97de94f12f18e6321,NVIDIA H100 NVL,590.48.01,2.6.0+cu124,12.4,4.57.1,0.7.0,decode-only,NORMAL,MPK,one_prefill_phase_then_decode,400.2321472167969,796.3783569335938,1196.6105041503906,,,6.270695723886565,,,,159.47193804839918,106.96880861068632,,[400.2321472167969],[796.3783569335938],,30,1.0,1.0,0,0,30,20,True,[[30]],3.274868250935038,2.527845325706233,,/data/home/hliu148/mirage/results/qwen3_3d_identical_b1_b64_repeat1/b1_in32_out128/summary.json
1,32,128,32,127,1,0,256,1,8,False,0.03515625,93.3447265625,completed,,Qwen/Qwen3-8B,identical,a1403258c57dc4a19334e2e8b367033603e6e644256a116c2b5d778621d0a7cf,cec73259ef6b1952599c9ec97de94f12f18e6321,NVIDIA H100 NVL,590.48.01,2.6.0+cu124,12.4,4.57.1,0.7.0,prefill-only,MPK,NORMAL,one_prefill_phase_then_decode,29.533504486083984,2941.7251834869385,2971.2586879730225,,,23.163190421156997,20.2607364654541,20.58691825866699,22.86711082458495,43.17194573881374,43.07938602522722,,[29.533504486083984],[2941.7251834869385],,30,1.0,1.0,0,0,30,20,True,[[30]],0.8865662270199679,1.0180353134014994,,/data/home/hliu148/mirage/results/qwen3_3d_identical_b1_b64_repeat1/b1_in32_out128/summary.json
1,32,256,32,255,1,0,512,1,8,False,0.0703125,93.3447265625,completed,,Qwen/Qwen3-8B,identical,a1403258c57dc4a19334e2e8b367033603e6e644256a116c2b5d778621d0a7cf,cec73259ef6b1952599c9ec97de94f12f18e6321,NVIDIA H100 NVL,590.48.01,2.6.0+cu124,12.4,4.57.1,0.7.0,normal,NORMAL,NORMAL,one_prefill_phase_then_decode,421.47174072265625,5213.82607460022,5635.297815322876,,,20.446376763138115,20.30713653564453,20.49473304748535,21.909782791137705,48.90842087009061,45.427945139636314,,[421.47174072265625],[5213.82607460022],,,,,0,0,30,20,True,,1.0,1.0,,/data/home/hliu148/mirage/results/qwen3_3d_identical_b1_b64_repeat1/b1_in32_out256/summary.json
1,32,256,32,255,1,0,512,1,8,False,0.0703125,93.3447265625,completed,,Qwen/Qwen3-8B,identical,a1403258c57dc4a19334e2e8b367033603e6e644256a116c2b5d778621d0a7cf,cec73259ef6b1952599c9ec97de94f12f18e6321,NVIDIA H100 NVL,590.48.01,2.6.0+cu124,12.4,4.57.1,0.7.0,always,MPK,MPK,split_two_mpk_launches,29.300384521484375,1614.455810546875,1643.7561950683594,,,6.331199257046569,,,,157.94795889372915,155.74085790098187,,[29.300384521484375],[1614.455810546875],,30,1.0,1.0,0,0,30,20,True,[[30]],3.2294634765098382,3.42830514174185,,/data/home/hliu148/mirage/results/qwen3_3d_identical_b1_b64_repeat1/b1_in32_out256/summary.json
1,32,256,32,255,1,0,512,1,8,False,0.0703125,93.3447265625,completed,,Qwen/Qwen3-8B,identical,a1403258c57dc4a19334e2e8b367033603e6e644256a116c2b5d778621d0a7cf,cec73259ef6b1952599c9ec97de94f12f18e6321,NVIDIA H100 NVL,590.48.01,2.6.0+cu124,12.4,4.57.1,0.7.0,always-continuous,MPK,MPK,continuous_one_mpk_launch,,,,1648.51220703125,155.29154040116072,,,,,,,,,,[1648.51220703125],30,1.0,1.0,0,0,30,20,True,[[30]],,,3.4184143685968174,/data/home/hliu148/mirage/results/qwen3_3d_identical_b1_b64_repeat1/b1_in32_out256/summary.json
1,32,256,32,255,1,0,512,1,8,False,0.0703125,93.3447265625,completed,,Qwen/Qwen3-8B,identical,a1403258c57dc4a19334e2e8b367033603e6e644256a116c2b5d778621d0a7cf,cec73259ef6b1952599c9ec97de94f12f18e6321,NVIDIA H100 NVL,590.48.01,2.6.0+cu124,12.4,4.57.1,0.7.0,decode-only,NORMAL,MPK,one_prefill_phase_then_decode,384.7073669433594,1599.0283203125,1983.7356872558594,,,6.270699295343137,,,,159.47184722167088,129.04945030964777,,[384.7073669433594],[1599.0283203125],,30,1.0,1.0,0,0,30,20,True,[[30]],3.2606214714078834,2.840750333588188,,/data/home/hliu148/mirage/results/qwen3_3d_identical_b1_b64_repeat1/b1_in32_out256/summary.json
1,32,256,32,255,1,0,512,1,8,False,0.0703125,93.3447265625,completed,,Qwen/Qwen3-8B,identical,a1403258c57dc4a19334e2e8b367033603e6e644256a116c2b5d778621d0a7cf,cec73259ef6b1952599c9ec97de94f12f18e6321,NVIDIA H100 NVL,590.48.01,2.6.0+cu124,12.4,4.57.1,0.7.0,prefill-only,MPK,NORMAL,one_prefill_phase_then_decode,29.41596794128418,5567.599521636963,5597.015489578247,,,21.8337236142626,20.3852481842041,20.55272979736328,21.54500141143799,45.80070800872293,45.73866205599699,,[29.41596794128418],[5567.599521636963],,30,1.0,1.0,0,0,30,20,True,[[30]],0.9364585319648263,1.0068397748435594,,/data/home/hliu148/mirage/results/qwen3_3d_identical_b1_b64_repeat1/b1_in32_out256/summary.json
1,32,512,32,511,1,0,1024,1,8,False,0.140625,93.3447265625,completed,,Qwen/Qwen3-8B,identical,a1403258c57dc4a19334e2e8b367033603e6e644256a116c2b5d778621d0a7cf,cec73259ef6b1952599c9ec97de94f12f18e6321,NVIDIA H100 NVL,590.48.01,2.6.0+cu124,12.4,4.57.1,0.7.0,normal,NORMAL,NORMAL,one_prefill_phase_then_decode,400.61785888671875,10413.784742355347,10814.402601242065,,,20.37922650167387,20.313119888305664,20.465856552124023,21.03651485443115,49.06957582113649,47.344270310520464,,[400.61785888671875],[10413.784742355347],,,,,0,0,30,20,True,,1.0,1.0,,/data/home/hliu148/mirage/results/qwen3_3d_identical_b1_b64_repeat1/b1_in32_out512/summary.json
1,32,512,32,511,1,0,1024,1,8,False,0.140625,93.3447265625,completed,,Qwen/Qwen3-8B,identical,a1403258c57dc4a19334e2e8b367033603e6e644256a116c2b5d778621d0a7cf,cec73259ef6b1952599c9ec97de94f12f18e6321,NVIDIA H100 NVL,590.48.01,2.6.0+cu124,12.4,4.57.1,0.7.0,always,MPK,MPK,split_two_mpk_launches,29.394208908081055,3292.113525390625,3321.507734298706,,,6.442492221899462,,,,155.21943458476798,154.1468637007712,,[29.394208908081055],[3292.113525390625],,30,1.0,1.0,0,0,30,20,True,[[30]],3.163252014864737,3.255871569880715,,/data/home/hliu148/mirage/results/qwen3_3d_identical_b1_b64_repeat1/b1_in32_out512/summary.json
1,32,512,32,511,1,0,1024,1,8,False,0.140625,93.3447265625,completed,,Qwen/Qwen3-8B,identical,a1403258c57dc4a19334e2e8b367033603e6e644256a116c2b5d778621d0a7cf,cec73259ef6b1952599c9ec97de94f12f18e6321,NVIDIA H100 NVL,590.48.01,2.6.0+cu124,12.4,4.57.1,0.7.0,always-continuous,MPK,MPK,continuous_one_mpk_launch,,,,3327.170166015625,153.88452482222561,,,,,,,,,,[3327.170166015625],30,1.0,1.0,0,0,30,20,True,[[30]],,,3.2503304795476096,/data/home/hliu148/mirage/results/qwen3_3d_identical_b1_b64_repeat1/b1_in32_out512/summary.json
1,32,512,32,511,1,0,1024,1,8,False,0.140625,93.3447265625,completed,,Qwen/Qwen3-8B,identical,a1403258c57dc4a19334e2e8b367033603e6e644256a116c2b5d778621d0a7cf,cec73259ef6b1952599c9ec97de94f12f18e6321,NVIDIA H100 NVL,590.48.01,2.6.0+cu124,12.4,4.57.1,0.7.0,decode-only,NORMAL,MPK,one_prefill_phase_then_decode,398.5205078125,3294.973388671875,3693.493896484375,,,6.448088823232632,,,,155.08471229443583,138.6221324170438,,[398.5205078125],[3294.973388671875],,30,1.0,1.0,0,0,30,20,True,[[30]],3.1605064787952335,2.9279600574230473,,/data/home/hliu148/mirage/results/qwen3_3d_identical_b1_b64_repeat1/b1_in32_out512/summary.json
1,32,512,32,511,1,0,1024,1,8,False,0.140625,93.3447265625,completed,,Qwen/Qwen3-8B,identical,a1403258c57dc4a19334e2e8b367033603e6e644256a116c2b5d778621d0a7cf,cec73259ef6b1952599c9ec97de94f12f18e6321,NVIDIA H100 NVL,590.48.01,2.6.0+cu124,12.4,4.57.1,0.7.0,prefill-only,MPK,NORMAL,one_prefill_phase_then_decode,29.238304138183594,10694.318477630615,10723.556781768799,,,20.928216198885742,20.19718360900879,20.35158348083496,21.380509185791016,47.7823809968688,47.745352630617404,,[29.238304138183594],[10694.318477630615],,30,1.0,1.0,0,0,30,20,True,[[30]],0.9737679651244665,1.0084716126675166,,/data/home/hliu148/mirage/results/qwen3_3d_identical_b1_b64_repeat1/b1_in32_out512/summary.json
1,64,16,64,15,1,0,128,1,8,False,0.017578125,93.3447265625,completed,,Qwen/Qwen3-8B,identical,cb6c61322dc8fa8d521794d8aca0761b9a8dc4993adb15ed345dd4f0dcded30b,cec73259ef6b1952599c9ec97de94f12f18e6321,NVIDIA H100 NVL,590.48.01,2.6.0+cu124,12.4,4.57.1,0.7.0,normal,NORMAL,NORMAL,one_prefill_phase_then_decode,416.8692626953125,326.10681343078613,742.9760761260986,,,21.740454228719077,20.271936416625977,20.588492584228515,38.81362289428709,45.997199022594614,21.535013729411745,,[416.8692626953125],[326.10681343078613],,,,,0,0,16,11,True,,1.0,1.0,,/data/home/hliu148/mirage/results/qwen3_3d_identical_b1_b64_repeat1/b1_in64_out16/summary.json
1,64,16,64,15,1,0,128,1,8,False,0.017578125,93.3447265625,completed,,Qwen/Qwen3-8B,identical,cb6c61322dc8fa8d521794d8aca0761b9a8dc4993adb15ed345dd4f0dcded30b,cec73259ef6b1952599c9ec97de94f12f18e6321,NVIDIA H100 NVL,590.48.01,2.6.0+cu124,12.4,4.57.1,0.7.0,always,MPK,MPK,split_two_mpk_launches,58.7256965637207,93.44662475585938,152.17232131958008,,,6.229774983723958,,,,160.5194413301638,105.14395693812205,,[58.7256965637207],[93.44662475585938],,16,1.0,1.0,0,0,16,11,True,[[16]],3.489765567057983,4.882465284641088,,/data/home/hliu148/mirage/results/qwen3_3d_identical_b1_b64_repeat1/b1_in64_out16/summary.json
1,64,16,64,15,1,0,128,1,8,False,0.017578125,93.3447265625,completed,,Qwen/Qwen3-8B,identical,cb6c61322dc8fa8d521794d8aca0761b9a8dc4993adb15ed345dd4f0dcded30b,cec73259ef6b1952599c9ec97de94f12f18e6321,NVIDIA H100 NVL,590.48.01,2.6.0+cu124,12.4,4.57.1,0.7.0,always-continuous,MPK,MPK,continuous_one_mpk_launch,,,,151.66134643554688,105.49820620773461,,,,,,,,,,[151.66134643554688],16,1.0,1.0,0,0,16,11,True,[[16]],,,4.898915205410292,/data/home/hliu148/mirage/results/qwen3_3d_identical_b1_b64_repeat1/b1_in64_out16/summary.json
1,64,16,64,15,1,0,128,1,8,False,0.017578125,93.3447265625,completed,,Qwen/Qwen3-8B,identical,cb6c61322dc8fa8d521794d8aca0761b9a8dc4993adb15ed345dd4f0dcded30b,cec73259ef6b1952599c9ec97de94f12f18e6321,NVIDIA H100 NVL,590.48.01,2.6.0+cu124,12.4,4.57.1,0.7.0,decode-only,NORMAL,MPK,one_prefill_phase_then_decode,388.6415710449219,93.000732421875,481.6423034667969,,,6.200048828125,,,,161.28905234806302,33.219673365138696,,[388.6415710449219],[93.000732421875],,16,1.0,1.0,0,0,16,11,True,[[16]],3.5064972601665394,1.5425889104388386,,/data/home/hliu148/mirage/results/qwen3_3d_identical_b1_b64_repeat1/b1_in64_out16/summary.json
1,64,16,64,15,1,0,128,1,8,False,0.017578125,93.3447265625,completed,,Qwen/Qwen3-8B,identical,cb6c61322dc8fa8d521794d8aca0761b9a8dc4993adb15ed345dd4f0dcded30b,cec73259ef6b1952599c9ec97de94f12f18e6321,NVIDIA H100 NVL,590.48.01,2.6.0+cu124,12.4,4.57.1,0.7.0,prefill-only,MPK,NORMAL,one_prefill_phase_then_decode,58.756927490234375,734.0144214630127,792.7713489532471,,,48.93429476420085,20.363487243652344,21.080192184448244,387.7807454299924,20.435565789160528,20.182364084077896,,[58.756927490234375],[734.0144214630127],,16,1.0,1.0,0,0,16,11,True,[[16]],0.44427848267722186,0.9371883546335312,,/data/home/hliu148/mirage/results/qwen3_3d_identical_b1_b64_repeat1/b1_in64_out16/summary.json
1,64,32,64,31,1,0,128,1,8,False,0.017578125,93.3447265625,completed,,Qwen/Qwen3-8B,identical,cb6c61322dc8fa8d521794d8aca0761b9a8dc4993adb15ed345dd4f0dcded30b,cec73259ef6b1952599c9ec97de94f12f18e6321,NVIDIA H100 NVL,590.48.01,2.6.0+cu124,12.4,4.57.1,0.7.0,normal,NORMAL,NORMAL,one_prefill_phase_then_decode,418.64825439453125,671.251651763916,1089.8999061584473,,,21.65327908915858,20.74166488647461,20.971200942993164,39.13086109161375,46.18238170220983,29.360494316207337,,[418.64825439453125],[671.251651763916],,,,,0,0,30,20,True,,1.0,1.0,,/data/home/hliu148/mirage/results/qwen3_3d_identical_b1_b64_repeat1/b1_in64_out32/summary.json
1,64,32,64,31,1,0,128,1,8,False,0.017578125,93.3447265625,completed,,Qwen/Qwen3-8B,identical,cb6c61322dc8fa8d521794d8aca0761b9a8dc4993adb15ed345dd4f0dcded30b,cec73259ef6b1952599c9ec97de94f12f18e6321,NVIDIA H100 NVL,590.48.01,2.6.0+cu124,12.4,4.57.1,0.7.0,always,MPK,MPK,split_two_mpk_launches,58.35932922363281,194.41845703125,252.7777862548828,,,6.271563130040323,,,,159.44988183409558,126.59340234799555,,[58.35932922363281],[194.41845703125],,30,1.0,1.0,0,0,30,20,True,[[30]],3.452612792087028,4.311691791854966,,/data/home/hliu148/mirage/results/qwen3_3d_identical_b1_b64_repeat1/b1_in64_out32/summary.json
1,64,32,64,31,1,0,128,1,8,False,0.017578125,93.3447265625,completed,,Qwen/Qwen3-8B,identical,cb6c61322dc8fa8d521794d8aca0761b9a8dc4993adb15ed345dd4f0dcded30b,cec73259ef6b1952599c9ec97de94f12f18e6321,NVIDIA H100 NVL,590.48.01,2.6.0+cu124,12.4,4.57.1,0.7.0,always-continuous,MPK,MPK,continuous_one_mpk_launch,,,,250.85008239746094,127.56623276406745,,,,,,,,,,[250.85008239746094],30,1.0,1.0,0,0,30,20,True,[[30]],,,4.344825784954492,/data/home/hliu148/mirage/results/qwen3_3d_identical_b1_b64_repeat1/b1_in64_out32/summary.json
1,64,32,64,31,1,0,128,1,8,False,0.017578125,93.3447265625,completed,,Qwen/Qwen3-8B,identical,cb6c61322dc8fa8d521794d8aca0761b9a8dc4993adb15ed345dd4f0dcded30b,cec73259ef6b1952599c9ec97de94f12f18e6321,NVIDIA H100 NVL,590.48.01,2.6.0+cu124,12.4,4.57.1,0.7.0,decode-only,NORMAL,MPK,one_prefill_phase_then_decode,397.5339050292969,192.2421417236328,589.7760467529297,,,6.2013594104397685,,,,161.25496585741112,54.25788343928032,,[397.5339050292969],[192.2421417236328],,30,1.0,1.0,0,0,30,20,True,[[30]],3.491698780223261,1.8479894396508623,,/data/home/hliu148/mirage/results/qwen3_3d_identical_b1_b64_repeat1/b1_in64_out32/summary.json
1,64,32,64,31,1,0,128,1,8,False,0.017578125,93.3447265625,completed,,Qwen/Qwen3-8B,identical,cb6c61322dc8fa8d521794d8aca0761b9a8dc4993adb15ed345dd4f0dcded30b,cec73259ef6b1952599c9ec97de94f12f18e6321,NVIDIA H100 NVL,590.48.01,2.6.0+cu124,12.4,4.57.1,0.7.0,prefill-only,MPK,NORMAL,one_prefill_phase_then_decode,58.331966400146484,1005.4505958557129,1063.7825622558594,,,32.43389018889396,20.550048828125,21.367488861083984,275.95452384948703,30.831947514653073,30.08133535498151,,[58.331966400146484],[1005.4505958557129],,30,1.0,1.0,0,0,30,20,True,[[30]],0.6676127643970723,1.0245513931410977,,/data/home/hliu148/mirage/results/qwen3_3d_identical_b1_b64_repeat1/b1_in64_out32/summary.json
1,64,64,64,63,1,0,128,1,8,False,0.017578125,93.3447265625,completed,,Qwen/Qwen3-8B,identical,cb6c61322dc8fa8d521794d8aca0761b9a8dc4993adb15ed345dd4f0dcded30b,cec73259ef6b1952599c9ec97de94f12f18e6321,NVIDIA H100 NVL,590.48.01,2.6.0+cu124,12.4,4.57.1,0.7.0,normal,NORMAL,NORMAL,one_prefill_phase_then_decode,413.50738525390625,1292.214687347412,1705.7220726013184,,,20.511344243609717,20.105823516845703,20.29303092956543,29.356872024536184,48.753508698560736,37.52076673452231,,[413.50738525390625],[1292.214687347412],,,,,0,0,30,20,True,,1.0,1.0,,/data/home/hliu148/mirage/results/qwen3_3d_identical_b1_b64_repeat1/b1_in64_out64/summary.json
1,64,64,64,63,1,0,128,1,8,False,0.017578125,93.3447265625,completed,,Qwen/Qwen3-8B,identical,cb6c61322dc8fa8d521794d8aca0761b9a8dc4993adb15ed345dd4f0dcded30b,cec73259ef6b1952599c9ec97de94f12f18e6321,NVIDIA H100 NVL,590.48.01,2.6.0+cu124,12.4,4.57.1,0.7.0,always,MPK,MPK,split_two_mpk_launches,58.753726959228516,394.674072265625,453.4277992248535,,,6.264667813740079,,,,159.6253831379111,141.14705827346634,,[58.753726959228516],[394.674072265625],,30,1.0,1.0,0,0,30,20,True,[[30]],3.274131183559788,3.7618383246843137,,/data/home/hliu148/mirage/results/qwen3_3d_identical_b1_b64_repeat1/b1_in64_out64/summary.json
1,64,64,64,63,1,0,128,1,8,False,0.017578125,93.3447265625,completed,,Qwen/Qwen3-8B,identical,cb6c61322dc8fa8d521794d8aca0761b9a8dc4993adb15ed345dd4f0dcded30b,cec73259ef6b1952599c9ec97de94f12f18e6321,NVIDIA H100 NVL,590.48.01,2.6.0+cu124,12.4,4.57.1,0.7.0,always-continuous,MPK,MPK,continuous_one_mpk_launch,,,,453.3328552246094,141.17661948038247,,,,,,,,,,[453.3328552246094],30,1.0,1.0,0,0,30,20,True,[[30]],,,3.7626261872332134,/data/home/hliu148/mirage/results/qwen3_3d_identical_b1_b64_repeat1/b1_in64_out64/summary.json
1,64,64,64,63,1,0,128,1,8,False,0.017578125,93.3447265625,completed,,Qwen/Qwen3-8B,identical,cb6c61322dc8fa8d521794d8aca0761b9a8dc4993adb15ed345dd4f0dcded30b,cec73259ef6b1952599c9ec97de94f12f18e6321,NVIDIA H100 NVL,590.48.01,2.6.0+cu124,12.4,4.57.1,0.7.0,decode-only,NORMAL,MPK,one_prefill_phase_then_decode,384.72540283203125,394.3407287597656,779.0661315917969,,,6.259376646980407,,,,159.7603174243255,82.14963711647233,,[384.72540283203125],[394.3407287597656],,30,1.0,1.0,0,0,30,20,True,[[30]],3.2768988671587,2.189444520089928,,/data/home/hliu148/mirage/results/qwen3_3d_identical_b1_b64_repeat1/b1_in64_out64/summary.json
1,64,64,64,63,1,0,128,1,8,False,0.017578125,93.3447265625,completed,,Qwen/Qwen3-8B,identical,cb6c61322dc8fa8d521794d8aca0761b9a8dc4993adb15ed345dd4f0dcded30b,cec73259ef6b1952599c9ec97de94f12f18e6321,NVIDIA H100 NVL,590.48.01,2.6.0+cu124,12.4,4.57.1,0.7.0,prefill-only,MPK,NORMAL,one_prefill_phase_then_decode,58.79081726074219,1638.3918209075928,1697.182638168335,,,26.0062193794856,20.22425651550293,20.44907569885254,158.51255725860688,38.45234039626793,37.70955379856541,,[58.79081726074219],[1638.3918209075928],,30,1.0,1.0,0,0,30,20,True,[[30]],0.7887091908403115,1.0050315353462487,,/data/home/hliu148/mirage/results/qwen3_3d_identical_b1_b64_repeat1/b1_in64_out64/summary.json
1,64,128,64,127,1,0,256,1,8,False,0.03515625,93.3447265625,completed,,Qwen/Qwen3-8B,identical,cb6c61322dc8fa8d521794d8aca0761b9a8dc4993adb15ed345dd4f0dcded30b,cec73259ef6b1952599c9ec97de94f12f18e6321,NVIDIA H100 NVL,590.48.01,2.6.0+cu124,12.4,4.57.1,0.7.0,normal,NORMAL,NORMAL,one_prefill_phase_then_decode,418.9302062988281,2604.4778156280518,3023.40802192688,,,20.50769933565395,20.259199142456055,20.432147598266603,23.2443947982788,48.762173836898214,42.336330085683564,,[418.9302062988281],[2604.4778156280518],,,,,0,0,30,20,True,,1.0,1.0,,/data/home/hliu148/mirage/results/qwen3_3d_identical_b1_b64_repeat1/b1_in64_out128/summary.json
1,64,128,64,127,1,0,256,1,8,False,0.03515625,93.3447265625,completed,,Qwen/Qwen3-8B,identical,cb6c61322dc8fa8d521794d8aca0761b9a8dc4993adb15ed345dd4f0dcded30b,cec73259ef6b1952599c9ec97de94f12f18e6321,NVIDIA H100 NVL,590.48.01,2.6.0+cu124,12.4,4.57.1,0.7.0,always,MPK,MPK,split_two_mpk_launches,58.85023880004883,799.892578125,858.7428169250488,,,6.298366756889764,,,,158.7713193910315,149.05510413273345,,[58.85023880004883],[799.892578125],,30,1.0,1.0,0,0,30,20,True,[[30]],3.256034481196358,3.5207374808129117,,/data/home/hliu148/mirage/results/qwen3_3d_identical_b1_b64_repeat1/b1_in64_out128/summary.json
1,64,128,64,127,1,0,256,1,8,False,0.03515625,93.3447265625,completed,,Qwen/Qwen3-8B,identical,cb6c61322dc8fa8d521794d8aca0761b9a8dc4993adb15ed345dd4f0dcded30b,cec73259ef6b1952599c9ec97de94f12f18e6321,NVIDIA H100 NVL,590.48.01,2.6.0+cu124,12.4,4.57.1,0.7.0,always-continuous,MPK,MPK,continuous_one_mpk_launch,,,,852.5311279296875,150.14114535716612,,,,,,,,,,[852.5311279296875],30,1.0,1.0,0,0,30,20,True,[[30]],,,3.546390181985514,/data/home/hliu148/mirage/results/qwen3_3d_identical_b1_b64_repeat1/b1_in64_out128/summary.json
1,64,128,64,127,1,0,256,1,8,False,0.03515625,93.3447265625,completed,,Qwen/Qwen3-8B,identical,cb6c61322dc8fa8d521794d8aca0761b9a8dc4993adb15ed345dd4f0dcded30b,cec73259ef6b1952599c9ec97de94f12f18e6321,NVIDIA H100 NVL,590.48.01,2.6.0+cu124,12.4,4.57.1,0.7.0,decode-only,NORMAL,MPK,one_prefill_phase_then_decode,382.9468688964844,793.1710815429688,1176.1179504394531,,,6.24544158695251,,,,160.11678054745113,108.83262172146354,,[382.9468688964844],[793.1710815429688],,30,1.0,1.0,0,0,30,20,True,[[30]],3.2836267940600132,2.5706673559375504,,/data/home/hliu148/mirage/results/qwen3_3d_identical_b1_b64_repeat1/b1_in64_out128/summary.json
1,64,128,64,127,1,0,256,1,8,False,0.03515625,93.3447265625,completed,,Qwen/Qwen3-8B,identical,cb6c61322dc8fa8d521794d8aca0761b9a8dc4993adb15ed345dd4f0dcded30b,cec73259ef6b1952599c9ec97de94f12f18e6321,NVIDIA H100 NVL,590.48.01,2.6.0+cu124,12.4,4.57.1,0.7.0,prefill-only,MPK,NORMAL,one_prefill_phase_then_decode,58.81244659423828,3061.008836746216,3119.821283340454,,,24.102431785403276,20.5382080078125,20.769325256347656,23.312481956481925,41.48958946979002,41.027991149207075,,[58.81244659423828],[3061.008836746216],,30,1.0,1.0,0,0,30,20,True,[[30]],0.850856026406168,0.9690965434692007,,/data/home/hliu148/mirage/results/qwen3_3d_identical_b1_b64_repeat1/b1_in64_out128/summary.json
1,64,256,64,255,1,0,512,1,8,False,0.0703125,93.3447265625,completed,,Qwen/Qwen3-8B,identical,cb6c61322dc8fa8d521794d8aca0761b9a8dc4993adb15ed345dd4f0dcded30b,cec73259ef6b1952599c9ec97de94f12f18e6321,NVIDIA H100 NVL,590.48.01,2.6.0+cu124,12.4,4.57.1,0.7.0,normal,NORMAL,NORMAL,one_prefill_phase_then_decode,417.0035705566406,5151.304203033447,5568.307773590088,,,20.201192953072344,20.08892822265625,20.227539825439454,21.564765701293954,49.502027049739795,45.97447023567586,,[417.0035705566406],[5151.304203033447],,,,,0,0,30,20,True,,1.0,1.0,,/data/home/hliu148/mirage/results/qwen3_3d_identical_b1_b64_repeat1/b1_in64_out256/summary.json
1,64,256,64,255,1,0,512,1,8,False,0.0703125,93.3447265625,completed,,Qwen/Qwen3-8B,identical,cb6c61322dc8fa8d521794d8aca0761b9a8dc4993adb15ed345dd4f0dcded30b,cec73259ef6b1952599c9ec97de94f12f18e6321,NVIDIA H100 NVL,590.48.01,2.6.0+cu124,12.4,4.57.1,0.7.0,always,MPK,MPK,split_two_mpk_launches,58.14361572265625,1622.03564453125,1680.1792602539062,,,6.36092409620098,,,,157.20986210120685,152.36469468222913,,[58.14361572265625],[1622.03564453125],,30,1.0,1.0,0,0,30,20,True,[[30]],3.1758267584323745,3.3141152883583467,,/data/home/hliu148/mirage/results/qwen3_3d_identical_b1_b64_repeat1/b1_in64_out256/summary.json
1,64,256,64,255,1,0,512,1,8,False,0.0703125,93.3447265625,completed,,Qwen/Qwen3-8B,identical,cb6c61322dc8fa8d521794d8aca0761b9a8dc4993adb15ed345dd4f0dcded30b,cec73259ef6b1952599c9ec97de94f12f18e6321,NVIDIA H100 NVL,590.48.01,2.6.0+cu124,12.4,4.57.1,0.7.0,always-continuous,MPK,MPK,continuous_one_mpk_launch,,,,1667.694091796875,153.50537083462953,,,,,,,,,,[1667.694091796875],30,1.0,1.0,0,0,30,20,True,[[30]],,,3.338926366040222,/data/home/hliu148/mirage/results/qwen3_3d_identical_b1_b64_repeat1/b1_in64_out256/summary.json
1,64,256,64,255,1,0,512,1,8,False,0.0703125,93.3447265625,completed,,Qwen/Qwen3-8B,identical,cb6c61322dc8fa8d521794d8aca0761b9a8dc4993adb15ed345dd4f0dcded30b,cec73259ef6b1952599c9ec97de94f12f18e6321,NVIDIA H100 NVL,590.48.01,2.6.0+cu124,12.4,4.57.1,0.7.0,decode-only,NORMAL,MPK,one_prefill_phase_then_decode,392.1285400390625,1623.459228515625,2015.5877685546875,,,6.3665067784926475,,,,157.0720074277158,127.01009799417928,,[392.1285400390625],[1623.459228515625],,30,1.0,1.0,0,0,30,20,True,[[30]],3.173041929573699,2.7626223280680753,,/data/home/hliu148/mirage/results/qwen3_3d_identical_b1_b64_repeat1/b1_in64_out256/summary.json
1,64,256,64,255,1,0,512,1,8,False,0.0703125,93.3447265625,completed,,Qwen/Qwen3-8B,identical,cb6c61322dc8fa8d521794d8aca0761b9a8dc4993adb15ed345dd4f0dcded30b,cec73259ef6b1952599c9ec97de94f12f18e6321,NVIDIA H100 NVL,590.48.01,2.6.0+cu124,12.4,4.57.1,0.7.0,prefill-only,MPK,NORMAL,one_prefill_phase_then_decode,58.295841217041016,5521.563520431519,5579.85936164856,,,21.653190276202032,20.20591926574707,20.39451484680176,21.530578956604003,46.18257112435997,45.8792925426646,,[58.295841217041016],[5521.563520431519],,30,1.0,1.0,0,0,30,20,True,[[30]],0.9329430303521827,0.9979297707505196,,/data/home/hliu148/mirage/results/qwen3_3d_identical_b1_b64_repeat1/b1_in64_out256/summary.json
1,64,512,64,511,1,0,1024,1,8,False,0.140625,93.3447265625,completed,,Qwen/Qwen3-8B,identical,cb6c61322dc8fa8d521794d8aca0761b9a8dc4993adb15ed345dd4f0dcded30b,cec73259ef6b1952599c9ec97de94f12f18e6321,NVIDIA H100 NVL,590.48.01,2.6.0+cu124,12.4,4.57.1,0.7.0,normal,NORMAL,NORMAL,one_prefill_phase_then_decode,397.49169921875,10208.711114883423,10606.202814102173,,,19.977908248304153,19.91859245300293,20.03264045715332,20.777677536010735,50.05529045238688,48.273638452324974,,[397.49169921875],[10208.711114883423],,,,,0,0,30,20,True,,1.0,1.0,,/data/home/hliu148/mirage/results/qwen3_3d_identical_b1_b64_repeat1/b1_in64_out512/summary.json
1,64,512,64,511,1,0,1024,1,8,False,0.140625,93.3447265625,completed,,Qwen/Qwen3-8B,identical,cb6c61322dc8fa8d521794d8aca0761b9a8dc4993adb15ed345dd4f0dcded30b,cec73259ef6b1952599c9ec97de94f12f18e6321,NVIDIA H100 NVL,590.48.01,2.6.0+cu124,12.4,4.57.1,0.7.0,always,MPK,MPK,split_two_mpk_launches,58.156734466552734,3307.60986328125,3365.7665977478027,,,6.472817736362525,,,,154.49222282009777,152.11987674445518,,[58.156734466552734],[3307.60986328125],,30,1.0,1.0,0,0,30,20,True,[[30]],3.0864314525764747,3.1511997359529613,,/data/home/hliu148/mirage/results/qwen3_3d_identical_b1_b64_repeat1/b1_in64_out512/summary.json
1,64,512,64,511,1,0,1024,1,8,False,0.140625,93.3447265625,completed,,Qwen/Qwen3-8B,identical,cb6c61322dc8fa8d521794d8aca0761b9a8dc4993adb15ed345dd4f0dcded30b,cec73259ef6b1952599c9ec97de94f12f18e6321,NVIDIA H100 NVL,590.48.01,2.6.0+cu124,12.4,4.57.1,0.7.0,always-continuous,MPK,MPK,continuous_one_mpk_launch,,,,3373.42529296875,151.7745186375298,,,,,,,,,,[3373.42529296875],30,1.0,1.0,0,0,30,20,True,[[30]],,,3.1440455599265067,/data/home/hliu148/mirage/results/qwen3_3d_identical_b1_b64_repeat1/b1_in64_out512/summary.json
1,64,512,64,511,1,0,1024,1,8,False,0.140625,93.3447265625,completed,,Qwen/Qwen3-8B,identical,cb6c61322dc8fa8d521794d8aca0761b9a8dc4993adb15ed345dd4f0dcded30b,cec73259ef6b1952599c9ec97de94f12f18e6321,NVIDIA H100 NVL,590.48.01,2.6.0+cu124,12.4,4.57.1,0.7.0,decode-only,NORMAL,MPK,one_prefill_phase_then_decode,389.9819030761719,3299.419921875,3689.401824951172,,,6.456790453767123,,,,154.87570909422408,138.77588408434642,,[389.9819030761719],[3299.419921875],,30,1.0,1.0,0,0,30,20,True,[[30]],3.0940927061754535,2.874775727158031,,/data/home/hliu148/mirage/results/qwen3_3d_identical_b1_b64_repeat1/b1_in64_out512/summary.json
1,64,512,64,511,1,0,1024,1,8,False,0.140625,93.3447265625,completed,,Qwen/Qwen3-8B,identical,cb6c61322dc8fa8d521794d8aca0761b9a8dc4993adb15ed345dd4f0dcded30b,cec73259ef6b1952599c9ec97de94f12f18e6321,NVIDIA H100 NVL,590.48.01,2.6.0+cu124,12.4,4.57.1,0.7.0,prefill-only,MPK,NORMAL,one_prefill_phase_then_decode,58.16835021972656,10764.950521469116,10823.118871688843,,,21.06643937665189,20.340511322021484,20.479360580444336,21.206690979003906,47.468866575920195,47.306142163816716,,[58.16835021972656],[10764.950521469116],,30,1.0,1.0,0,0,30,20,True,[[30]],0.9483286611047255,0.9799580823089655,,/data/home/hliu148/mirage/results/qwen3_3d_identical_b1_b64_repeat1/b1_in64_out512/summary.json
1,128,16,128,15,1,0,256,1,8,False,0.03515625,93.3447265625,completed,,Qwen/Qwen3-8B,identical,02cef3ca92c9c0d5fafbdd22944d875fe61d79cf54cc6ae06a563b5ac8707f92,cec73259ef6b1952599c9ec97de94f12f18e6321,NVIDIA H100 NVL,590.48.01,2.6.0+cu124,12.4,4.57.1,0.7.0,normal,NORMAL,NORMAL,one_prefill_phase_then_decode,423.0766296386719,332.18163108825684,755.2582607269287,,,22.145442072550455,20.342975616455078,20.565511322021486,43.425721511840806,45.15601886491632,21.184806352995274,,[423.0766296386719],[332.18163108825684],,,,,0,0,16,11,True,,1.0,1.0,,/data/home/hliu148/mirage/results/qwen3_3d_identical_b1_b64_repeat1/b1_in128_out16/summary.json
1,128,16,128,15,1,0,256,1,8,False,0.03515625,93.3447265625,completed,,Qwen/Qwen3-8B,identical,02cef3ca92c9c0d5fafbdd22944d875fe61d79cf54cc6ae06a563b5ac8707f92,cec73259ef6b1952599c9ec97de94f12f18e6321,NVIDIA H100 NVL,590.48.01,2.6.0+cu124,12.4,4.57.1,0.7.0,always,MPK,MPK,split_two_mpk_launches,117.88416290283203,94.90828704833984,212.79244995117188,,,6.32721913655599,,,,158.04731564020344,75.19063765500805,,[117.88416290283203],[94.90828704833984],,16,1.0,1.0,0,0,16,11,True,[[16]],3.500027673232223,3.549271888641881,,/data/home/hliu148/mirage/results/qwen3_3d_identical_b1_b64_repeat1/b1_in128_out16/summary.json
1,128,16,128,15,1,0,256,1,8,False,0.03515625,93.3447265625,completed,,Qwen/Qwen3-8B,identical,02cef3ca92c9c0d5fafbdd22944d875fe61d79cf54cc6ae06a563b5ac8707f92,cec73259ef6b1952599c9ec97de94f12f18e6321,NVIDIA H100 NVL,590.48.01,2.6.0+cu124,12.4,4.57.1,0.7.0,always-continuous,MPK,MPK,continuous_one_mpk_launch,,,,213.0129852294922,75.112791751931,,,,,,,,,,[213.0129852294922],16,1.0,1.0,0,0,16,11,True,[[16]],,,3.5455972785567127,/data/home/hliu148/mirage/results/qwen3_3d_identical_b1_b64_repeat1/b1_in128_out16/summary.json
1,128,16,128,15,1,0,256,1,8,False,0.03515625,93.3447265625,completed,,Qwen/Qwen3-8B,identical,02cef3ca92c9c0d5fafbdd22944d875fe61d79cf54cc6ae06a563b5ac8707f92,cec73259ef6b1952599c9ec97de94f12f18e6321,NVIDIA H100 NVL,590.48.01,2.6.0+cu124,12.4,4.57.1,0.7.0,decode-only,NORMAL,MPK,one_prefill_phase_then_decode,386.726806640625,93.93075561523438,480.6575622558594,,,6.262050374348958,,,,159.6921040584836,33.28773175835944,,[386.726806640625],[93.93075561523438],,16,1.0,1.0,0,0,16,11,True,[[16]],3.536452239870848,1.5713021494601938,,/data/home/hliu148/mirage/results/qwen3_3d_identical_b1_b64_repeat1/b1_in128_out16/summary.json
1,128,16,128,15,1,0,256,1,8,False,0.03515625,93.3447265625,completed,,Qwen/Qwen3-8B,identical,02cef3ca92c9c0d5fafbdd22944d875fe61d79cf54cc6ae06a563b5ac8707f92,cec73259ef6b1952599c9ec97de94f12f18e6321,NVIDIA H100 NVL,590.48.01,2.6.0+cu124,12.4,4.57.1,0.7.0,prefill-only,MPK,NORMAL,one_prefill_phase_then_decode,117.07421112060547,689.2062664031982,806.2804775238037,,,45.94708442687988,20.89414405822754,21.507885360717772,343.56973995208716,21.764166594539823,19.844211097778484,,[117.07421112060547],[689.2062664031982],,16,1.0,1.0,0,0,16,11,True,[[16]],0.48197709057671934,0.9367190224503871,,/data/home/hliu148/mirage/results/qwen3_3d_identical_b1_b64_repeat1/b1_in128_out16/summary.json
1,128,32,128,31,1,0,256,1,8,False,0.03515625,93.3447265625,completed,,Qwen/Qwen3-8B,identical,02cef3ca92c9c0d5fafbdd22944d875fe61d79cf54cc6ae06a563b5ac8707f92,cec73259ef6b1952599c9ec97de94f12f18e6321,NVIDIA H100 NVL,590.48.01,2.6.0+cu124,12.4,4.57.1,0.7.0,normal,NORMAL,NORMAL,one_prefill_phase_then_decode,417.59637451171875,653.2616367340088,1070.8580112457275,,,21.0729560236777,20.185184478759766,20.25129508972168,39.6268543243408,47.454187199764185,29.882579822860407,,[417.59637451171875],[653.2616367340088],,,,,0,0,30,20,True,,1.0,1.0,,/data/home/hliu148/mirage/results/qwen3_3d_identical_b1_b64_repeat1/b1_in128_out32/summary.json
1,128,32,128,31,1,0,256,1,8,False,0.03515625,93.3447265625,completed,,Qwen/Qwen3-8B,identical,02cef3ca92c9c0d5fafbdd22944d875fe61d79cf54cc6ae06a563b5ac8707f92,cec73259ef6b1952599c9ec97de94f12f18e6321,NVIDIA H100 NVL,590.48.01,2.6.0+cu124,12.4,4.57.1,0.7.0,always,MPK,MPK,split_two_mpk_launches,116.92848205566406,195.99977111816406,312.9282531738281,,,6.3225732618762605,,,,158.16345000377967,102.2598620464748,,[116.92848205566406],[195.99977111816406],,27,0.9,1.0,0,0,30,20,True,[[27]],3.332971426482796,3.4220560156672013,,/data/home/hliu148/mirage/results/qwen3_3d_identical_b1_b64_repeat1/b1_in128_out32/summary.json
1,128,32,128,31,1,0,256,1,8,False,0.03515625,93.3447265625,completed,,Qwen/Qwen3-8B,identical,02cef3ca92c9c0d5fafbdd22944d875fe61d79cf54cc6ae06a563b5ac8707f92,cec73259ef6b1952599c9ec97de94f12f18e6321,NVIDIA H100 NVL,590.48.01,2.6.0+cu124,12.4,4.57.1,0.7.0,always-continuous,MPK,MPK,continuous_one_mpk_launch,,,,313.969970703125,101.9205751694568,,,,,,,,,,[313.969970703125],27,0.9,1.0,0,0,30,20,True,[[27]],,,3.410702013468287,/data/home/hliu148/mirage/results/qwen3_3d_identical_b1_b64_repeat1/b1_in128_out32/summary.json
1,128,32,128,31,1,0,256,1,8,False,0.03515625,93.3447265625,completed,,Qwen/Qwen3-8B,identical,02cef3ca92c9c0d5fafbdd22944d875fe61d79cf54cc6ae06a563b5ac8707f92,cec73259ef6b1952599c9ec97de94f12f18e6321,NVIDIA H100 NVL,590.48.01,2.6.0+cu124,12.4,4.57.1,0.7.0,decode-only,NORMAL,MPK,one_prefill_phase_then_decode,390.399169921875,195.7375030517578,586.1366729736328,,,6.3141130016696065,,,,158.37537271435835,54.59477537492268,,[390.399169921875],[195.7375030517578],,30,1.0,1.0,0,0,30,20,True,[[30]],3.3374372644432393,1.826976643199904,,/data/home/hliu148/mirage/results/qwen3_3d_identical_b1_b64_repeat1/b1_in128_out32/summary.json
1,128,32,128,31,1,0,256,1,8,False,0.03515625,93.3447265625,completed,,Qwen/Qwen3-8B,identical,02cef3ca92c9c0d5fafbdd22944d875fe61d79cf54cc6ae06a563b5ac8707f92,cec73259ef6b1952599c9ec97de94f12f18e6321,NVIDIA H100 NVL,590.48.01,2.6.0+cu124,12.4,4.57.1,0.7.0,prefill-only,MPK,NORMAL,one_prefill_phase_then_decode,117.96080017089844,1005.1683864593506,1123.129186630249,,,32.42478665997905,20.507455825805664,20.761856079101562,278.7974430084226,30.84060384071147,28.491824788215464,,[117.96080017089844],[1005.1683864593506],,30,1.0,1.0,0,0,30,20,True,[[30]],0.6499026884789785,0.9534593384209417,,/data/home/hliu148/mirage/results/qwen3_3d_identical_b1_b64_repeat1/b1_in128_out32/summary.json
1,128,64,128,63,1,0,256,1,8,False,0.03515625,93.3447265625,completed,,Qwen/Qwen3-8B,identical,02cef3ca92c9c0d5fafbdd22944d875fe61d79cf54cc6ae06a563b5ac8707f92,cec73259ef6b1952599c9ec97de94f12f18e6321,NVIDIA H100 NVL,590.48.01,2.6.0+cu124,12.4,4.57.1,0.7.0,normal,NORMAL,NORMAL,one_prefill_phase_then_decode,414.4078369140625,1306.6423988342285,1721.050235748291,,,20.740355537051247,20.278976440429688,20.489907455444335,31.352420997619692,48.215181182095336,37.18659610895879,,[414.4078369140625],[1306.6423988342285],,,,,0,0,30,20,True,,1.0,1.0,,/data/home/hliu148/mirage/results/qwen3_3d_identical_b1_b64_repeat1/b1_in128_out64/summary.json
1,128,64,128,63,1,0,256,1,8,False,0.03515625,93.3447265625,completed,,Qwen/Qwen3-8B,identical,02cef3ca92c9c0d5fafbdd22944d875fe61d79cf54cc6ae06a563b5ac8707f92,cec73259ef6b1952599c9ec97de94f12f18e6321,NVIDIA H100 NVL,590.48.01,2.6.0+cu124,12.4,4.57.1,0.7.0,always,MPK,MPK,split_two_mpk_launches,117.7713623046875,398.39813232421875,516.1694946289062,,,6.3237798781622026,,,,158.13327143996304,123.99027967743815,,[117.7713623046875],[398.39813232421875],,27,0.9,1.0,0,0,30,20,True,[[27]],3.2797402719018653,3.334273438583617,,/data/home/hliu148/mirage/results/qwen3_3d_identical_b1_b64_repeat1/b1_in128_out64/summary.json
1,128,64,128,63,1,0,256,1,8,False,0.03515625,93.3447265625,completed,,Qwen/Qwen3-8B,identical,02cef3ca92c9c0d5fafbdd22944d875fe61d79cf54cc6ae06a563b5ac8707f92,cec73259ef6b1952599c9ec97de94f12f18e6321,NVIDIA H100 NVL,590.48.01,2.6.0+cu124,12.4,4.57.1,0.7.0,always-continuous,MPK,MPK,continuous_one_mpk_launch,,,,517.6901245117188,123.62607855493535,,,,,,,,,,[517.6901245117188],27,0.9,1.0,0,0,30,20,True,[[27]],,,3.3244795569001284,/data/home/hliu148/mirage/results/qwen3_3d_identical_b1_b64_repeat1/b1_in128_out64/summary.json
1,128,64,128,63,1,0,256,1,8,False,0.03515625,93.3447265625,completed,,Qwen/Qwen3-8B,identical,02cef3ca92c9c0d5fafbdd22944d875fe61d79cf54cc6ae06a563b5ac8707f92,cec73259ef6b1952599c9ec97de94f12f18e6321,NVIDIA H100 NVL,590.48.01,2.6.0+cu124,12.4,4.57.1,0.7.0,decode-only,NORMAL,MPK,one_prefill_phase_then_decode,385.0174865722656,394.4410095214844,779.45849609375,,,6.260968405102926,,,,159.71970073910006,82.10828456003172,,[385.0174865722656],[394.4410095214844],,30,1.0,1.0,0,0,30,20,True,[[30]],3.312643379600362,2.208007539045787,,/data/home/hliu148/mirage/results/qwen3_3d_identical_b1_b64_repeat1/b1_in128_out64/summary.json
1,128,64,128,63,1,0,256,1,8,False,0.03515625,93.3447265625,completed,,Qwen/Qwen3-8B,identical,02cef3ca92c9c0d5fafbdd22944d875fe61d79cf54cc6ae06a563b5ac8707f92,cec73259ef6b1952599c9ec97de94f12f18e6321,NVIDIA H100 NVL,590.48.01,2.6.0+cu124,12.4,4.57.1,0.7.0,prefill-only,MPK,NORMAL,one_prefill_phase_then_decode,117.91059112548828,1642.4224529266357,1760.333044052124,,,26.070197665502153,20.326719284057617,20.540172576904297,157.51210216522307,38.35797537213412,36.35675659003589,,[117.91059112548828],[1642.4224529266357],,30,1.0,1.0,0,0,30,20,True,[[30]],0.7955580468995171,0.9776844453175704,,/data/home/hliu148/mirage/results/qwen3_3d_identical_b1_b64_repeat1/b1_in128_out64/summary.json
1,128,128,128,127,1,0,256,1,8,False,0.03515625,93.3447265625,completed,,Qwen/Qwen3-8B,identical,02cef3ca92c9c0d5fafbdd22944d875fe61d79cf54cc6ae06a563b5ac8707f92,cec73259ef6b1952599c9ec97de94f12f18e6321,NVIDIA H100 NVL,590.48.01,2.6.0+cu124,12.4,4.57.1,0.7.0,normal,NORMAL,NORMAL,one_prefill_phase_then_decode,426.8552551269531,2602.834785461426,3029.690040588379,,,20.49476209024745,20.231552124023438,20.45897560119629,21.01051700592041,48.792954785059734,42.24854631503553,,[426.8552551269531],[2602.834785461426],,,,,0,0,30,20,True,,1.0,1.0,,/data/home/hliu148/mirage/results/qwen3_3d_identical_b1_b64_repeat1/b1_in128_out128/summary.json
1,128,128,128,127,1,0,256,1,8,False,0.03515625,93.3447265625,completed,,Qwen/Qwen3-8B,identical,02cef3ca92c9c0d5fafbdd22944d875fe61d79cf54cc6ae06a563b5ac8707f92,cec73259ef6b1952599c9ec97de94f12f18e6321,NVIDIA H100 NVL,590.48.01,2.6.0+cu124,12.4,4.57.1,0.7.0,always,MPK,MPK,split_two_mpk_launches,117.19955444335938,807.0676879882812,924.2672424316406,,,6.354863684947096,,,,157.3597876487456,138.48808453196582,,[117.19955444335938],[807.0676879882812],,27,0.9,1.0,0,0,30,20,True,[[27]],3.2250514104329,3.2779372691145188,,/data/home/hliu148/mirage/results/qwen3_3d_identical_b1_b64_repeat1/b1_in128_out128/summary.json
1,128,128,128,127,1,0,256,1,8,False,0.03515625,93.3447265625,completed,,Qwen/Qwen3-8B,identical,02cef3ca92c9c0d5fafbdd22944d875fe61d79cf54cc6ae06a563b5ac8707f92,cec73259ef6b1952599c9ec97de94f12f18e6321,NVIDIA H100 NVL,590.48.01,2.6.0+cu124,12.4,4.57.1,0.7.0,always-continuous,MPK,MPK,continuous_one_mpk_launch,,,,928.6578369140625,137.83332774678888,,,,,,,,,,[928.6578369140625],27,0.9,1.0,0,0,30,20,True,[[27]],,,3.262439533871876,/data/home/hliu148/mirage/results/qwen3_3d_identical_b1_b64_repeat1/b1_in128_out128/summary.json
1,128,128,128,127,1,0,256,1,8,False,0.03515625,93.3447265625,completed,,Qwen/Qwen3-8B,identical,02cef3ca92c9c0d5fafbdd22944d875fe61d79cf54cc6ae06a563b5ac8707f92,cec73259ef6b1952599c9ec97de94f12f18e6321,NVIDIA H100 NVL,590.48.01,2.6.0+cu124,12.4,4.57.1,0.7.0,decode-only,NORMAL,MPK,one_prefill_phase_then_decode,398.7087707519531,804.896484375,1203.6052551269531,,,6.337767593503937,,,,157.78426476618935,106.34715946508467,,[398.7087707519531],[804.896484375],,30,1.0,1.0,0,0,30,20,True,[[30]],3.233750967967664,2.517179139658056,,/data/home/hliu148/mirage/results/qwen3_3d_identical_b1_b64_repeat1/b1_in128_out128/summary.json
1,128,128,128,127,1,0,256,1,8,False,0.03515625,93.3447265625,completed,,Qwen/Qwen3-8B,identical,02cef3ca92c9c0d5fafbdd22944d875fe61d79cf54cc6ae06a563b5ac8707f92,cec73259ef6b1952599c9ec97de94f12f18e6321,NVIDIA H100 NVL,590.48.01,2.6.0+cu124,12.4,4.57.1,0.7.0,prefill-only,MPK,NORMAL,one_prefill_phase_then_decode,117.97366333007812,2929.2552585601807,3047.228921890259,,,23.065002035906936,20.176671981811523,20.47370300292969,21.207356414794923,43.35572996886056,42.00537710852356,,[117.97366333007812],[2929.2552585601807],,30,1.0,1.0,0,0,30,20,True,[[30]],0.8885653709608085,0.9942443177879133,,/data/home/hliu148/mirage/results/qwen3_3d_identical_b1_b64_repeat1/b1_in128_out128/summary.json
1,128,256,128,255,1,0,512,1,8,False,0.0703125,93.3447265625,completed,,Qwen/Qwen3-8B,identical,02cef3ca92c9c0d5fafbdd22944d875fe61d79cf54cc6ae06a563b5ac8707f92,cec73259ef6b1952599c9ec97de94f12f18e6321,NVIDIA H100 NVL,590.48.01,2.6.0+cu124,12.4,4.57.1,0.7.0,normal,NORMAL,NORMAL,one_prefill_phase_then_decode,417.7076110839844,5132.300329208374,5550.007940292358,,,20.1266679576799,19.990400314331055,20.21327438354492,21.09880992889405,49.685323079939906,46.126060134341834,,[417.7076110839844],[5132.300329208374],,,,,0,0,30,20,True,,1.0,1.0,,/data/home/hliu148/mirage/results/qwen3_3d_identical_b1_b64_repeat1/b1_in128_out256/summary.json
1,128,256,128,255,1,0,512,1,8,False,0.0703125,93.3447265625,completed,,Qwen/Qwen3-8B,identical,02cef3ca92c9c0d5fafbdd22944d875fe61d79cf54cc6ae06a563b5ac8707f92,cec73259ef6b1952599c9ec97de94f12f18e6321,NVIDIA H100 NVL,590.48.01,2.6.0+cu124,12.4,4.57.1,0.7.0,always,MPK,MPK,split_two_mpk_launches,117.58364868164062,1637.916259765625,1755.4999084472656,,,6.423201018688726,,,,155.68561486561518,145.8274072064357,,[117.58364868164062],[1637.916259765625],,27,0.9,1.0,0,0,30,20,True,[[27]],3.1334326761874705,3.1614971402654892,,/data/home/hliu148/mirage/results/qwen3_3d_identical_b1_b64_repeat1/b1_in128_out256/summary.json
1,128,256,128,255,1,0,512,1,8,False,0.0703125,93.3447265625,completed,,Qwen/Qwen3-8B,identical,02cef3ca92c9c0d5fafbdd22944d875fe61d79cf54cc6ae06a563b5ac8707f92,cec73259ef6b1952599c9ec97de94f12f18e6321,NVIDIA H100 NVL,590.48.01,2.6.0+cu124,12.4,4.57.1,0.7.0,always-continuous,MPK,MPK,continuous_one_mpk_launch,,,,1763.2479248046875,145.18661635649266,,,,,,,,,,[1763.2479248046875],27,0.9,1.0,0,0,30,20,True,[[27]],,,3.1476049750106045,/data/home/hliu148/mirage/results/qwen3_3d_identical_b1_b64_repeat1/b1_in128_out256/summary.json
1,128,256,128,255,1,0,512,1,8,False,0.0703125,93.3447265625,completed,,Qwen/Qwen3-8B,identical,02cef3ca92c9c0d5fafbdd22944d875fe61d79cf54cc6ae06a563b5ac8707f92,cec73259ef6b1952599c9ec97de94f12f18e6321,NVIDIA H100 NVL,590.48.01,2.6.0+cu124,12.4,4.57.1,0.7.0,decode-only,NORMAL,MPK,one_prefill_phase_then_decode,387.21295166015625,1637.7264404296875,2024.9393920898438,,,6.422456629136029,,,,155.70365947874424,126.4235369216629,,[387.21295166015625],[1637.7264404296875],,30,1.0,1.0,0,0,30,20,True,[[30]],3.133795854124344,2.740826694355755,,/data/home/hliu148/mirage/results/qwen3_3d_identical_b1_b64_repeat1/b1_in128_out256/summary.json
1,128,256,128,255,1,0,512,1,8,False,0.0703125,93.3447265625,completed,,Qwen/Qwen3-8B,identical,02cef3ca92c9c0d5fafbdd22944d875fe61d79cf54cc6ae06a563b5ac8707f92,cec73259ef6b1952599c9ec97de94f12f18e6321,NVIDIA H100 NVL,590.48.01,2.6.0+cu124,12.4,4.57.1,0.7.0,prefill-only,MPK,NORMAL,one_prefill_phase_then_decode,117.79078674316406,5636.073394775391,5753.864181518555,,,22.102248606962316,20.6278076171875,20.80387191772461,21.73139907836914,45.244265313575156,44.49183920994755,,[117.79078674316406],[5636.073394775391],,30,1.0,1.0,0,0,30,20,True,[[30]],0.9106163049555012,0.9645705503649211,,/data/home/hliu148/mirage/results/qwen3_3d_identical_b1_b64_repeat1/b1_in128_out256/summary.json
1,128,512,128,511,1,0,1024,1,8,False,0.140625,93.3447265625,completed,,Qwen/Qwen3-8B,identical,02cef3ca92c9c0d5fafbdd22944d875fe61d79cf54cc6ae06a563b5ac8707f92,cec73259ef6b1952599c9ec97de94f12f18e6321,NVIDIA H100 NVL,590.48.01,2.6.0+cu124,12.4,4.57.1,0.7.0,normal,NORMAL,NORMAL,one_prefill_phase_then_decode,418.8373107910156,10496.736713409424,10915.57402420044,,,20.54155912604584,20.471935272216797,20.590272903442383,21.204119300842287,48.681796443194116,46.905458097289916,,[418.8373107910156],[10496.736713409424],,,,,0,0,30,20,True,,1.0,1.0,,/data/home/hliu148/mirage/results/qwen3_3d_identical_b1_b64_repeat1/b1_in128_out512/summary.json
1,128,512,128,511,1,0,1024,1,8,False,0.140625,93.3447265625,completed,,Qwen/Qwen3-8B,identical,02cef3ca92c9c0d5fafbdd22944d875fe61d79cf54cc6ae06a563b5ac8707f92,cec73259ef6b1952599c9ec97de94f12f18e6321,NVIDIA H100 NVL,590.48.01,2.6.0+cu124,12.4,4.57.1,0.7.0,always,MPK,MPK,split_two_mpk_launches,117.5732192993164,3342.097412109375,3459.6706314086914,,,6.540308047180773,,,,152.89799697294902,147.9909663514779,,[117.5732192993164],[3342.097412109375],,27,0.9,1.0,0,0,30,20,True,[[27]],3.1407632450738103,3.1550905236767846,,/data/home/hliu148/mirage/results/qwen3_3d_identical_b1_b64_repeat1/b1_in128_out512/summary.json
1,128,512,128,511,1,0,1024,1,8,False,0.140625,93.3447265625,completed,,Qwen/Qwen3-8B,identical,02cef3ca92c9c0d5fafbdd22944d875fe61d79cf54cc6ae06a563b5ac8707f92,cec73259ef6b1952599c9ec97de94f12f18e6321,NVIDIA H100 NVL,590.48.01,2.6.0+cu124,12.4,4.57.1,0.7.0,always-continuous,MPK,MPK,continuous_one_mpk_launch,,,,3466.672119140625,147.69207539792453,,,,,,,,,,[3466.672119140625],27,0.9,1.0,0,0,30,20,True,[[27]],,,3.1487183238160896,/data/home/hliu148/mirage/results/qwen3_3d_identical_b1_b64_repeat1/b1_in128_out512/summary.json
1,128,512,128,511,1,0,1024,1,8,False,0.140625,93.3447265625,completed,,Qwen/Qwen3-8B,identical,02cef3ca92c9c0d5fafbdd22944d875fe61d79cf54cc6ae06a563b5ac8707f92,cec73259ef6b1952599c9ec97de94f12f18e6321,NVIDIA H100 NVL,590.48.01,2.6.0+cu124,12.4,4.57.1,0.7.0,decode-only,NORMAL,MPK,one_prefill_phase_then_decode,390.12518310546875,3333.673828125,3723.7990112304688,,,6.523823538405088,,,,153.28434224394655,137.49399429342938,,[390.12518310546875],[3333.673828125],,30,1.0,1.0,0,0,30,20,True,[[30]],3.1486993793010742,2.931300532408049,,/data/home/hliu148/mirage/results/qwen3_3d_identical_b1_b64_repeat1/b1_in128_out512/summary.json
1,128,512,128,511,1,0,1024,1,8,False,0.140625,93.3447265625,completed,,Qwen/Qwen3-8B,identical,02cef3ca92c9c0d5fafbdd22944d875fe61d79cf54cc6ae06a563b5ac8707f92,cec73259ef6b1952599c9ec97de94f12f18e6321,NVIDIA H100 NVL,590.48.01,2.6.0+cu124,12.4,4.57.1,0.7.0,prefill-only,MPK,NORMAL,one_prefill_phase_then_decode,116.8001937866211,10789.019617080688,10905.81981086731,,,21.11354132501113,20.383264541625977,20.539424896240234,21.401996612548828,47.362968845752015,46.94741054586359,,[116.8001937866211],[10789.019617080688],,30,1.0,1.0,0,0,30,20,True,[[30]],0.9729092249300821,1.0008944044099657,,/data/home/hliu148/mirage/results/qwen3_3d_identical_b1_b64_repeat1/b1_in128_out512/summary.json
1,256,16,256,15,1,0,512,1,8,False,0.0703125,93.3447265625,completed,,Qwen/Qwen3-8B,identical,562a2785df15c2b91cc30a41ac68c909bd28eaab1da5605b94b26b428ae2e2cd,cec73259ef6b1952599c9ec97de94f12f18e6321,NVIDIA H100 NVL,590.48.01,2.6.0+cu124,12.4,4.57.1,0.7.0,normal,NORMAL,NORMAL,one_prefill_phase_then_decode,402.0342102050781,326.9741096496582,729.0083198547363,,,21.79827397664388,20.312511444091797,20.617946243286134,39.500549354553215,45.87519181892412,21.9476233181923,,[402.0342102050781],[326.9741096496582],,,,,0,0,16,11,True,,1.0,1.0,,/data/home/hliu148/mirage/results/qwen3_3d_identical_b1_b64_repeat1/b1_in256_out16/summary.json
1,256,16,256,15,1,0,512,1,8,False,0.0703125,93.3447265625,completed,,Qwen/Qwen3-8B,identical,562a2785df15c2b91cc30a41ac68c909bd28eaab1da5605b94b26b428ae2e2cd,cec73259ef6b1952599c9ec97de94f12f18e6321,NVIDIA H100 NVL,590.48.01,2.6.0+cu124,12.4,4.57.1,0.7.0,always,MPK,MPK,split_two_mpk_launches,235.08067321777344,96.89849853515625,331.9791717529297,,,6.45989990234375,,,,154.80116025283687,48.195794680479985,,[235.08067321777344],[96.89849853515625],,16,1.0,1.0,0,0,16,11,True,[[16]],3.3743981030936925,2.1959459565050343,,/data/home/hliu148/mirage/results/qwen3_3d_identical_b1_b64_repeat1/b1_in256_out16/summary.json
1,256,16,256,15,1,0,512,1,8,False,0.0703125,93.3447265625,completed,,Qwen/Qwen3-8B,identical,562a2785df15c2b91cc30a41ac68c909bd28eaab1da5605b94b26b428ae2e2cd,cec73259ef6b1952599c9ec97de94f12f18e6321,NVIDIA H100 NVL,590.48.01,2.6.0+cu124,12.4,4.57.1,0.7.0,always-continuous,MPK,MPK,continuous_one_mpk_launch,,,,334.4251403808594,47.843293066359884,,,,,,,,,,[334.4251403808594],16,1.0,1.0,0,0,16,11,True,[[16]],,,2.1798849184140483,/data/home/hliu148/mirage/results/qwen3_3d_identical_b1_b64_repeat1/b1_in256_out16/summary.json
1,256,16,256,15,1,0,512,1,8,False,0.0703125,93.3447265625,completed,,Qwen/Qwen3-8B,identical,562a2785df15c2b91cc30a41ac68c909bd28eaab1da5605b94b26b428ae2e2cd,cec73259ef6b1952599c9ec97de94f12f18e6321,NVIDIA H100 NVL,590.48.01,2.6.0+cu124,12.4,4.57.1,0.7.0,decode-only,NORMAL,MPK,one_prefill_phase_then_decode,393.311767578125,95.9026870727539,489.2144546508789,,,6.393512471516927,,,,156.40854764184726,32.70549315926934,,[393.311767578125],[95.9026870727539],,16,1.0,1.0,0,0,16,11,True,[[16]],3.409436373785944,1.4901610386287196,,/data/home/hliu148/mirage/results/qwen3_3d_identical_b1_b64_repeat1/b1_in256_out16/summary.json
1,256,16,256,15,1,0,512,1,8,False,0.0703125,93.3447265625,completed,,Qwen/Qwen3-8B,identical,562a2785df15c2b91cc30a41ac68c909bd28eaab1da5605b94b26b428ae2e2cd,cec73259ef6b1952599c9ec97de94f12f18e6321,NVIDIA H100 NVL,590.48.01,2.6.0+cu124,12.4,4.57.1,0.7.0,prefill-only,MPK,NORMAL,one_prefill_phase_then_decode,237.25173950195312,670.8544578552246,908.1061973571777,,,44.72363052368164,20.734111785888672,21.558796691894532,328.71157562255837,22.35954434581265,17.619084691376525,,[237.25173950195312],[670.8544578552246],,16,1.0,1.0,0,0,16,11,True,[[16]],0.4873994736429428,0.8027787080149191,,/data/home/hliu148/mirage/results/qwen3_3d_identical_b1_b64_repeat1/b1_in256_out16/summary.json
1,256,32,256,31,1,0,512,1,8,False,0.0703125,93.3447265625,completed,,Qwen/Qwen3-8B,identical,562a2785df15c2b91cc30a41ac68c909bd28eaab1da5605b94b26b428ae2e2cd,cec73259ef6b1952599c9ec97de94f12f18e6321,NVIDIA H100 NVL,590.48.01,2.6.0+cu124,12.4,4.57.1,0.7.0,normal,NORMAL,NORMAL,one_prefill_phase_then_decode,404.3064270019531,653.1128330230713,1057.4192600250244,,,21.06815590397004,20.345600128173828,20.48908805847168,35.83854846954344,47.46499905155733,30.26235780804929,,[404.3064270019531],[653.1128330230713],,,,,0,0,30,20,True,,1.0,1.0,,/data/home/hliu148/mirage/results/qwen3_3d_identical_b1_b64_repeat1/b1_in256_out32/summary.json
1,256,32,256,31,1,0,512,1,8,False,0.0703125,93.3447265625,completed,,Qwen/Qwen3-8B,identical,562a2785df15c2b91cc30a41ac68c909bd28eaab1da5605b94b26b428ae2e2cd,cec73259ef6b1952599c9ec97de94f12f18e6321,NVIDIA H100 NVL,590.48.01,2.6.0+cu124,12.4,4.57.1,0.7.0,always,MPK,MPK,split_two_mpk_launches,234.95458984375,200.09324645996094,435.04783630371094,,,6.4546208535471274,,,,154.92776767057535,73.55512964248028,,[234.95458984375],[200.09324645996094],,30,1.0,1.0,0,0,30,20,True,[[30]],3.264042363137731,2.4305815861748825,,/data/home/hliu148/mirage/results/qwen3_3d_identical_b1_b64_repeat1/b1_in256_out32/summary.json
1,256,32,256,31,1,0,512,1,8,False,0.0703125,93.3447265625,completed,,Qwen/Qwen3-8B,identical,562a2785df15c2b91cc30a41ac68c909bd28eaab1da5605b94b26b428ae2e2cd,cec73259ef6b1952599c9ec97de94f12f18e6321,NVIDIA H100 NVL,590.48.01,2.6.0+cu124,12.4,4.57.1,0.7.0,always-continuous,MPK,MPK,continuous_one_mpk_launch,,,,436.6308288574219,73.28845762846794,,,,,,,,,,[436.6308288574219],30,1.0,1.0,0,0,30,20,True,[[30]],,,2.421769582308435,/data/home/hliu148/mirage/results/qwen3_3d_identical_b1_b64_repeat1/b1_in256_out32/summary.json
1,256,32,256,31,1,0,512,1,8,False,0.0703125,93.3447265625,completed,,Qwen/Qwen3-8B,identical,562a2785df15c2b91cc30a41ac68c909bd28eaab1da5605b94b26b428ae2e2cd,cec73259ef6b1952599c9ec97de94f12f18e6321,NVIDIA H100 NVL,590.48.01,2.6.0+cu124,12.4,4.57.1,0.7.0,decode-only,NORMAL,MPK,one_prefill_phase_then_decode,380.44793701171875,198.08822631835938,578.5361633300781,,,6.389942784463206,,,,156.49592394339507,55.31201336802643,,[380.44793701171875],[198.08822631835938],,30,1.0,1.0,0,0,30,20,True,[[30]],3.2970805239752856,1.8277496326910236,,/data/home/hliu148/mirage/results/qwen3_3d_identical_b1_b64_repeat1/b1_in256_out32/summary.json
1,256,32,256,31,1,0,512,1,8,False,0.0703125,93.3447265625,completed,,Qwen/Qwen3-8B,identical,562a2785df15c2b91cc30a41ac68c909bd28eaab1da5605b94b26b428ae2e2cd,cec73259ef6b1952599c9ec97de94f12f18e6321,NVIDIA H100 NVL,590.48.01,2.6.0+cu124,12.4,4.57.1,0.7.0,prefill-only,MPK,NORMAL,one_prefill_phase_then_decode,235.42822265625,1000.2862148284912,1235.7144374847412,,,32.267297252531975,20.619647979736328,20.785184860229492,273.2759546279905,30.99112987907691,25.895950576684218,,[235.42822265625],[1000.2862148284912],,30,1.0,1.0,0,0,30,20,True,[[30]],0.6529259559325766,0.8557149030138135,,/data/home/hliu148/mirage/results/qwen3_3d_identical_b1_b64_repeat1/b1_in256_out32/summary.json
1,256,64,256,63,1,0,512,1,8,False,0.0703125,93.3447265625,completed,,Qwen/Qwen3-8B,identical,562a2785df15c2b91cc30a41ac68c909bd28eaab1da5605b94b26b428ae2e2cd,cec73259ef6b1952599c9ec97de94f12f18e6321,NVIDIA H100 NVL,590.48.01,2.6.0+cu124,12.4,4.57.1,0.7.0,normal,NORMAL,NORMAL,one_prefill_phase_then_decode,389.4945983886719,1306.7753868103027,1696.2699851989746,,,20.742466457306392,20.373567581176758,20.577555084228514,29.179003906250045,48.21027441737802,37.72984286607696,,[389.4945983886719],[1306.7753868103027],,,,,0,0,30,20,True,,1.0,1.0,,/data/home/hliu148/mirage/results/qwen3_3d_identical_b1_b64_repeat1/b1_in256_out64/summary.json
1,256,64,256,63,1,0,512,1,8,False,0.0703125,93.3447265625,completed,,Qwen/Qwen3-8B,identical,562a2785df15c2b91cc30a41ac68c909bd28eaab1da5605b94b26b428ae2e2cd,cec73259ef6b1952599c9ec97de94f12f18e6321,NVIDIA H100 NVL,590.48.01,2.6.0+cu124,12.4,4.57.1,0.7.0,always,MPK,MPK,split_two_mpk_launches,237.13372802734375,406.606689453125,643.7404174804688,,,6.454074435763889,,,,154.94088423565609,99.41895562576164,,[237.13372802734375],[406.606689453125],,30,1.0,1.0,0,0,30,20,True,[[30]],3.213856094123489,2.6350217248095036,,/data/home/hliu148/mirage/results/qwen3_3d_identical_b1_b64_repeat1/b1_in256_out64/summary.json
1,256,64,256,63,1,0,512,1,8,False,0.0703125,93.3447265625,completed,,Qwen/Qwen3-8B,identical,562a2785df15c2b91cc30a41ac68c909bd28eaab1da5605b94b26b428ae2e2cd,cec73259ef6b1952599c9ec97de94f12f18e6321,NVIDIA H100 NVL,590.48.01,2.6.0+cu124,12.4,4.57.1,0.7.0,always-continuous,MPK,MPK,continuous_one_mpk_launch,,,,645.912109375,99.08468825879102,,,,,,,,,,[645.912109375],30,1.0,1.0,0,0,30,20,True,[[30]],,,2.626162229471632,/data/home/hliu148/mirage/results/qwen3_3d_identical_b1_b64_repeat1/b1_in256_out64/summary.json
1,256,64,256,63,1,0,512,1,8,False,0.0703125,93.3447265625,completed,,Qwen/Qwen3-8B,identical,562a2785df15c2b91cc30a41ac68c909bd28eaab1da5605b94b26b428ae2e2cd,cec73259ef6b1952599c9ec97de94f12f18e6321,NVIDIA H100 NVL,590.48.01,2.6.0+cu124,12.4,4.57.1,0.7.0,decode-only,NORMAL,MPK,one_prefill_phase_then_decode,370.518798828125,407.5716247558594,778.0904235839844,,,6.469390869140625,,,,154.57405808791967,82.25265092610674,,[370.518798828125],[407.5716247558594],,30,1.0,1.0,0,0,30,20,True,[[30]],3.2062472150584034,2.18004223389068,,/data/home/hliu148/mirage/results/qwen3_3d_identical_b1_b64_repeat1/b1_in256_out64/summary.json
1,256,64,256,63,1,0,512,1,8,False,0.0703125,93.3447265625,completed,,Qwen/Qwen3-8B,identical,562a2785df15c2b91cc30a41ac68c909bd28eaab1da5605b94b26b428ae2e2cd,cec73259ef6b1952599c9ec97de94f12f18e6321,NVIDIA H100 NVL,590.48.01,2.6.0+cu124,12.4,4.57.1,0.7.0,prefill-only,MPK,NORMAL,one_prefill_phase_then_decode,235.11631774902344,1648.1617946624756,1883.278112411499,,,26.161298327975803,20.48099136352539,20.68734703063965,156.51494747161956,38.224402606603114,33.98329730389598,,[235.11631774902344],[1648.1617946624756],,30,1.0,1.0,0,0,30,20,True,[[30]],0.7928683889180401,0.9007007377295623,,/data/home/hliu148/mirage/results/qwen3_3d_identical_b1_b64_repeat1/b1_in256_out64/summary.json
1,256,128,256,127,1,0,512,1,8,False,0.0703125,93.3447265625,completed,,Qwen/Qwen3-8B,identical,562a2785df15c2b91cc30a41ac68c909bd28eaab1da5605b94b26b428ae2e2cd,cec73259ef6b1952599c9ec97de94f12f18e6321,NVIDIA H100 NVL,590.48.01,2.6.0+cu124,12.4,4.57.1,0.7.0,normal,NORMAL,NORMAL,one_prefill_phase_then_decode,401.9504699707031,2586.124895095825,2988.0753650665283,,,20.363188150360827,20.136768341064453,20.36040267944336,21.80723800659179,49.10822375239313,42.8369382835664,,[401.9504699707031],[2586.124895095825],,,,,0,0,30,20,True,,1.0,1.0,,/data/home/hliu148/mirage/results/qwen3_3d_identical_b1_b64_repeat1/b1_in256_out128/summary.json
1,256,128,256,127,1,0,512,1,8,False,0.0703125,93.3447265625,completed,,Qwen/Qwen3-8B,identical,562a2785df15c2b91cc30a41ac68c909bd28eaab1da5605b94b26b428ae2e2cd,cec73259ef6b1952599c9ec97de94f12f18e6321,NVIDIA H100 NVL,590.48.01,2.6.0+cu124,12.4,4.57.1,0.7.0,always,MPK,MPK,split_two_mpk_launches,236.90444946289062,824.1593627929688,1061.0638122558594,,,6.489443801519439,,,,154.09641112322444,120.63364947662049,,[236.90444946289062],[824.1593627929688],,30,1.0,1.0,0,0,30,20,True,[[30]],3.1378942129975744,2.8161127828059405,,/data/home/hliu148/mirage/results/qwen3_3d_identical_b1_b64_repeat1/b1_in256_out128/summary.json
1,256,128,256,127,1,0,512,1,8,False,0.0703125,93.3447265625,completed,,Qwen/Qwen3-8B,identical,562a2785df15c2b91cc30a41ac68c909bd28eaab1da5605b94b26b428ae2e2cd,cec73259ef6b1952599c9ec97de94f12f18e6321,NVIDIA H100 NVL,590.48.01,2.6.0+cu124,12.4,4.57.1,0.7.0,always-continuous,MPK,MPK,continuous_one_mpk_launch,,,,1065.15234375,120.17060353015817,,,,,,,,,,[1065.15234375],30,1.0,1.0,0,0,30,20,True,[[30]],,,2.8053032813565815,/data/home/hliu148/mirage/results/qwen3_3d_identical_b1_b64_repeat1/b1_in256_out128/summary.json
1,256,128,256,127,1,0,512,1,8,False,0.0703125,93.3447265625,completed,,Qwen/Qwen3-8B,identical,562a2785df15c2b91cc30a41ac68c909bd28eaab1da5605b94b26b428ae2e2cd,cec73259ef6b1952599c9ec97de94f12f18e6321,NVIDIA H100 NVL,590.48.01,2.6.0+cu124,12.4,4.57.1,0.7.0,decode-only,NORMAL,MPK,one_prefill_phase_then_decode,372.2554626464844,816.4076538085938,1188.6631164550781,,,6.428406722902313,,,,155.55954112818137,107.68400081406696,,[372.2554626464844],[816.4076538085938],,30,1.0,1.0,0,0,30,20,True,[[30]],3.167688204576951,2.51381179722123,,/data/home/hliu148/mirage/results/qwen3_3d_identical_b1_b64_repeat1/b1_in256_out128/summary.json
1,256,128,256,127,1,0,512,1,8,False,0.0703125,93.3447265625,completed,,Qwen/Qwen3-8B,identical,562a2785df15c2b91cc30a41ac68c909bd28eaab1da5605b94b26b428ae2e2cd,cec73259ef6b1952599c9ec97de94f12f18e6321,NVIDIA H100 NVL,590.48.01,2.6.0+cu124,12.4,4.57.1,0.7.0,prefill-only,MPK,NORMAL,one_prefill_phase_then_decode,237.3086700439453,2915.252992630005,3152.56166267395,,,22.954747973464606,20.09600067138672,20.38716812133789,21.17223178863525,43.56397208786554,40.6019021025056,,[237.3086700439453],[2915.252992630005],,30,1.0,1.0,0,0,30,20,True,[[30]],0.8871013602022734,0.9478245581823427,,/data/home/hliu148/mirage/results/qwen3_3d_identical_b1_b64_repeat1/b1_in256_out128/summary.json
1,256,256,256,255,1,0,512,1,8,False,0.0703125,93.3447265625,completed,,Qwen/Qwen3-8B,identical,562a2785df15c2b91cc30a41ac68c909bd28eaab1da5605b94b26b428ae2e2cd,cec73259ef6b1952599c9ec97de94f12f18e6321,NVIDIA H100 NVL,590.48.01,2.6.0+cu124,12.4,4.57.1,0.7.0,normal,NORMAL,NORMAL,one_prefill_phase_then_decode,403.4032897949219,5104.835720062256,5508.239009857178,,,20.01896360808728,19.908672332763672,20.02815971374512,21.382683830261236,49.95263588950325,46.475833663332224,,[403.4032897949219],[5104.835720062256],,,,,0,0,30,20,True,,1.0,1.0,,/data/home/hliu148/mirage/results/qwen3_3d_identical_b1_b64_repeat1/b1_in256_out256/summary.json
1,256,256,256,255,1,0,512,1,8,False,0.0703125,93.3447265625,completed,,Qwen/Qwen3-8B,identical,562a2785df15c2b91cc30a41ac68c909bd28eaab1da5605b94b26b428ae2e2cd,cec73259ef6b1952599c9ec97de94f12f18e6321,NVIDIA H100 NVL,590.48.01,2.6.0+cu124,12.4,4.57.1,0.7.0,always,MPK,MPK,split_two_mpk_launches,236.74745178222656,1660.464111328125,1897.2115631103516,,,6.511623965992647,,,,153.57152151637763,134.93487230296293,,[236.74745178222656],[1660.464111328125],,30,1.0,1.0,0,0,30,20,True,[[30]],3.074342700474956,2.903334091442489,,/data/home/hliu148/mirage/results/qwen3_3d_identical_b1_b64_repeat1/b1_in256_out256/summary.json
1,256,256,256,255,1,0,512,1,8,False,0.0703125,93.3447265625,completed,,Qwen/Qwen3-8B,identical,562a2785df15c2b91cc30a41ac68c909bd28eaab1da5605b94b26b428ae2e2cd,cec73259ef6b1952599c9ec97de94f12f18e6321,NVIDIA H100 NVL,590.48.01,2.6.0+cu124,12.4,4.57.1,0.7.0,always-continuous,MPK,MPK,continuous_one_mpk_launch,,,,1908.8414306640625,134.11276384070348,,,,,,,,,,[1908.8414306640625],30,1.0,1.0,0,0,30,20,True,[[30]],,,2.8856451465122115,/data/home/hliu148/mirage/results/qwen3_3d_identical_b1_b64_repeat1/b1_in256_out256/summary.json
1,256,256,256,255,1,0,512,1,8,False,0.0703125,93.3447265625,completed,,Qwen/Qwen3-8B,identical,562a2785df15c2b91cc30a41ac68c909bd28eaab1da5605b94b26b428ae2e2cd,cec73259ef6b1952599c9ec97de94f12f18e6321,NVIDIA H100 NVL,590.48.01,2.6.0+cu124,12.4,4.57.1,0.7.0,decode-only,NORMAL,MPK,one_prefill_phase_then_decode,380.7362365722656,1658.8187255859375,2039.5549621582031,,,6.50517147288603,,,,153.72384942780738,125.51757846677864,,[380.7362365722656],[1658.8187255859375],,30,1.0,1.0,0,0,30,20,True,[[30]],3.0773921473903645,2.70070633645906,,/data/home/hliu148/mirage/results/qwen3_3d_identical_b1_b64_repeat1/b1_in256_out256/summary.json
1,256,256,256,255,1,0,512,1,8,False,0.0703125,93.3447265625,completed,,Qwen/Qwen3-8B,identical,562a2785df15c2b91cc30a41ac68c909bd28eaab1da5605b94b26b428ae2e2cd,cec73259ef6b1952599c9ec97de94f12f18e6321,NVIDIA H100 NVL,590.48.01,2.6.0+cu124,12.4,4.57.1,0.7.0,prefill-only,MPK,NORMAL,one_prefill_phase_then_decode,237.31219482421875,5589.107307434082,5826.419502258301,,,21.918067872290518,20.42742347717285,20.607827758789064,21.54168857574463,45.62445950193585,43.93779059348117,,[237.31219482421875],[5589.107307434082],,30,1.0,1.0,0,0,30,20,True,[[30]],0.9133543944079056,0.9453900474763622,,/data/home/hliu148/mirage/results/qwen3_3d_identical_b1_b64_repeat1/b1_in256_out256/summary.json
1,256,512,256,511,1,0,1024,1,8,False,0.140625,93.3447265625,completed,,Qwen/Qwen3-8B,identical,562a2785df15c2b91cc30a41ac68c909bd28eaab1da5605b94b26b428ae2e2cd,cec73259ef6b1952599c9ec97de94f12f18e6321,NVIDIA H100 NVL,590.48.01,2.6.0+cu124,12.4,4.57.1,0.7.0,normal,NORMAL,NORMAL,one_prefill_phase_then_decode,406.0378112792969,10287.99047088623,10694.028282165527,,,20.133053759072858,20.067392349243164,20.20147132873535,20.898992729187007,49.66956389064203,47.87718776224525,,[406.0378112792969],[10287.99047088623],,,,,0,0,30,20,True,,1.0,1.0,,/data/home/hliu148/mirage/results/qwen3_3d_identical_b1_b64_repeat1/b1_in256_out512/summary.json
1,256,512,256,511,1,0,1024,1,8,False,0.140625,93.3447265625,completed,,Qwen/Qwen3-8B,identical,562a2785df15c2b91cc30a41ac68c909bd28eaab1da5605b94b26b428ae2e2cd,cec73259ef6b1952599c9ec97de94f12f18e6321,NVIDIA H100 NVL,590.48.01,2.6.0+cu124,12.4,4.57.1,0.7.0,always,MPK,MPK,split_two_mpk_launches,234.86495971679688,3412.835205078125,3647.700164794922,,,6.678738170407289,,,,149.72888208597297,140.36241381390656,,[234.86495971679688],[3412.835205078125],,30,1.0,1.0,0,0,30,20,True,[[30]],3.0144996323227753,2.931718013826051,,/data/home/hliu148/mirage/results/qwen3_3d_identical_b1_b64_repeat1/b1_in256_out512/summary.json
1,256,512,256,511,1,0,1024,1,8,False,0.140625,93.3447265625,completed,,Qwen/Qwen3-8B,identical,562a2785df15c2b91cc30a41ac68c909bd28eaab1da5605b94b26b428ae2e2cd,cec73259ef6b1952599c9ec97de94f12f18e6321,NVIDIA H100 NVL,590.48.01,2.6.0+cu124,12.4,4.57.1,0.7.0,always-continuous,MPK,MPK,continuous_one_mpk_launch,,,,3624.31884765625,141.26792413175698,,,,,,,,,,[3624.31884765625],30,1.0,1.0,0,0,30,20,True,[[30]],,,2.9506312031793422,/data/home/hliu148/mirage/results/qwen3_3d_identical_b1_b64_repeat1/b1_in256_out512/summary.json
1,256,512,256,511,1,0,1024,1,8,False,0.140625,93.3447265625,completed,,Qwen/Qwen3-8B,identical,562a2785df15c2b91cc30a41ac68c909bd28eaab1da5605b94b26b428ae2e2cd,cec73259ef6b1952599c9ec97de94f12f18e6321,NVIDIA H100 NVL,590.48.01,2.6.0+cu124,12.4,4.57.1,0.7.0,decode-only,NORMAL,MPK,one_prefill_phase_then_decode,368.8775939941406,3381.683349609375,3750.5609436035156,,,6.617775635243396,,,,151.1081751811643,136.5129130545666,,[368.8775939941406],[3381.683349609375],,30,1.0,1.0,0,0,30,20,True,[[30]],3.0422690143577804,2.8513143614967555,,/data/home/hliu148/mirage/results/qwen3_3d_identical_b1_b64_repeat1/b1_in256_out512/summary.json
1,256,512,256,511,1,0,1024,1,8,False,0.140625,93.3447265625,completed,,Qwen/Qwen3-8B,identical,562a2785df15c2b91cc30a41ac68c909bd28eaab1da5605b94b26b428ae2e2cd,cec73259ef6b1952599c9ec97de94f12f18e6321,NVIDIA H100 NVL,590.48.01,2.6.0+cu124,12.4,4.57.1,0.7.0,prefill-only,MPK,NORMAL,one_prefill_phase_then_decode,236.74581909179688,10873.145877838135,11109.891696929932,,,21.27817197228598,20.543231964111328,20.744863510131836,21.65809574127197,46.99651837114873,46.08505770956204,,[236.74581909179688],[10873.145877838135],,30,1.0,1.0,0,0,30,20,True,[[30]],0.9461834308555926,0.9625681846314197,,/data/home/hliu148/mirage/results/qwen3_3d_identical_b1_b64_repeat1/b1_in256_out512/summary.json
1,512,16,512,15,1,0,1024,1,8,False,0.140625,93.3447265625,completed,,Qwen/Qwen3-8B,identical,fd7b0c4a251c733bddd6c5be6a68d6974370e3cf6ec6c95734e6cf5c438623d6,cec73259ef6b1952599c9ec97de94f12f18e6321,NVIDIA H100 NVL,590.48.01,2.6.0+cu124,12.4,4.57.1,0.7.0,normal,NORMAL,NORMAL,one_prefill_phase_then_decode,418.25689697265625,330.77481842041016,749.0317153930664,,,22.051654561360678,20.264192581176758,20.464154052734376,43.40806503295897,45.34807114892044,21.360911255411587,,[418.25689697265625],[330.77481842041016],,,,,0,0,16,11,True,,1.0,1.0,,/data/home/hliu148/mirage/results/qwen3_3d_identical_b1_b64_repeat1/b1_in512_out16/summary.json
1,512,16,512,15,1,0,1024,1,8,False,0.140625,93.3447265625,completed,,Qwen/Qwen3-8B,identical,fd7b0c4a251c733bddd6c5be6a68d6974370e3cf6ec6c95734e6cf5c438623d6,cec73259ef6b1952599c9ec97de94f12f18e6321,NVIDIA H100 NVL,590.48.01,2.6.0+cu124,12.4,4.57.1,0.7.0,always,MPK,MPK,split_two_mpk_launches,478.0731201171875,100.7380142211914,578.8111343383789,,,6.715867614746093,,,,148.90108878922666,27.642868374135727,,[478.0731201171875],[100.7380142211914],,16,1.0,1.0,0,0,16,11,True,[[16]],3.283515373790521,1.2940865697914767,,/data/home/hliu148/mirage/results/qwen3_3d_identical_b1_b64_repeat1/b1_in512_out16/summary.json
1,512,16,512,15,1,0,1024,1,8,False,0.140625,93.3447265625,completed,,Qwen/Qwen3-8B,identical,fd7b0c4a251c733bddd6c5be6a68d6974370e3cf6ec6c95734e6cf5c438623d6,cec73259ef6b1952599c9ec97de94f12f18e6321,NVIDIA H100 NVL,590.48.01,2.6.0+cu124,12.4,4.57.1,0.7.0,always-continuous,MPK,MPK,continuous_one_mpk_launch,,,,578.1273803710938,27.67556172435523,,,,,,,,,,[578.1273803710938],16,1.0,1.0,0,0,16,11,True,[[16]],,,1.2956170920537806,/data/home/hliu148/mirage/results/qwen3_3d_identical_b1_b64_repeat1/b1_in512_out16/summary.json
1,512,16,512,15,1,0,1024,1,8,False,0.140625,93.3447265625,completed,,Qwen/Qwen3-8B,identical,fd7b0c4a251c733bddd6c5be6a68d6974370e3cf6ec6c95734e6cf5c438623d6,cec73259ef6b1952599c9ec97de94f12f18e6321,NVIDIA H100 NVL,590.48.01,2.6.0+cu124,12.4,4.57.1,0.7.0,decode-only,NORMAL,MPK,one_prefill_phase_then_decode,382.86236572265625,100.65267181396484,483.5150375366211,,,6.71017812093099,,,,149.02734055310847,33.09100805119876,,[382.86236572265625],[100.65267181396484],,16,1.0,1.0,0,0,16,11,True,[[16]],3.286299434075405,1.5491384077921988,,/data/home/hliu148/mirage/results/qwen3_3d_identical_b1_b64_repeat1/b1_in512_out16/summary.json
1,512,16,512,15,1,0,1024,1,8,False,0.140625,93.3447265625,completed,,Qwen/Qwen3-8B,identical,fd7b0c4a251c733bddd6c5be6a68d6974370e3cf6ec6c95734e6cf5c438623d6,cec73259ef6b1952599c9ec97de94f12f18e6321,NVIDIA H100 NVL,590.48.01,2.6.0+cu124,12.4,4.57.1,0.7.0,prefill-only,MPK,NORMAL,one_prefill_phase_then_decode,481.9629821777344,682.7189693450928,1164.6819515228271,,,45.51459795633952,20.32534408569336,20.928773880004883,344.6974658584593,21.970972938380413,13.737656000490025,,[481.9629821777344],[682.7189693450928],,16,1.0,1.0,0,0,16,11,True,[[16]],0.48449630561416845,0.6431212524704311,,/data/home/hliu148/mirage/results/qwen3_3d_identical_b1_b64_repeat1/b1_in512_out16/summary.json
1,512,32,512,31,1,0,1024,1,8,False,0.140625,93.3447265625,completed,,Qwen/Qwen3-8B,identical,fd7b0c4a251c733bddd6c5be6a68d6974370e3cf6ec6c95734e6cf5c438623d6,cec73259ef6b1952599c9ec97de94f12f18e6321,NVIDIA H100 NVL,590.48.01,2.6.0+cu124,12.4,4.57.1,0.7.0,normal,NORMAL,NORMAL,one_prefill_phase_then_decode,412.7749938964844,656.9287643432617,1069.703758239746,,,21.19125046268586,20.35273551940918,20.54070472717285,38.00983657836912,47.189287001294595,29.914824317956672,,[412.7749938964844],[656.9287643432617],,,,,0,0,30,20,True,,1.0,1.0,,/data/home/hliu148/mirage/results/qwen3_3d_identical_b1_b64_repeat1/b1_in512_out32/summary.json
1,512,32,512,31,1,0,1024,1,8,False,0.140625,93.3447265625,completed,,Qwen/Qwen3-8B,identical,fd7b0c4a251c733bddd6c5be6a68d6974370e3cf6ec6c95734e6cf5c438623d6,cec73259ef6b1952599c9ec97de94f12f18e6321,NVIDIA H100 NVL,590.48.01,2.6.0+cu124,12.4,4.57.1,0.7.0,always,MPK,MPK,split_two_mpk_launches,478.9750671386719,208.06419372558594,687.0392608642578,,,6.7117481846963205,,,,148.99247893121694,46.57666864590205,,[478.9750671386719],[208.06419372558594],,30,1.0,1.0,0,0,30,20,True,[[30]],3.157336938087864,1.5569761717752741,,/data/home/hliu148/mirage/results/qwen3_3d_identical_b1_b64_repeat1/b1_in512_out32/summary.json
1,512,32,512,31,1,0,1024,1,8,False,0.140625,93.3447265625,completed,,Qwen/Qwen3-8B,identical,fd7b0c4a251c733bddd6c5be6a68d6974370e3cf6ec6c95734e6cf5c438623d6,cec73259ef6b1952599c9ec97de94f12f18e6321,NVIDIA H100 NVL,590.48.01,2.6.0+cu124,12.4,4.57.1,0.7.0,always-continuous,MPK,MPK,continuous_one_mpk_launch,,,,684.2149047851562,46.7689314807429,,,,,,,,,,[684.2149047851562],30,1.0,1.0,0,0,30,20,True,[[30]],,,1.5634031804314954,/data/home/hliu148/mirage/results/qwen3_3d_identical_b1_b64_repeat1/b1_in512_out32/summary.json
1,512,32,512,31,1,0,1024,1,8,False,0.140625,93.3447265625,completed,,Qwen/Qwen3-8B,identical,fd7b0c4a251c733bddd6c5be6a68d6974370e3cf6ec6c95734e6cf5c438623d6,cec73259ef6b1952599c9ec97de94f12f18e6321,NVIDIA H100 NVL,590.48.01,2.6.0+cu124,12.4,4.57.1,0.7.0,decode-only,NORMAL,MPK,one_prefill_phase_then_decode,379.0593566894531,206.7509765625,585.8103332519531,,,6.669386340725806,,,,149.93883228710567,54.625188706319754,,[379.0593566894531],[206.7509765625],,30,1.0,1.0,0,0,30,20,True,[[30]],3.1773913490787056,1.826024051678299,,/data/home/hliu148/mirage/results/qwen3_3d_identical_b1_b64_repeat1/b1_in512_out32/summary.json
1,512,32,512,31,1,0,1024,1,8,False,0.140625,93.3447265625,completed,,Qwen/Qwen3-8B,identical,fd7b0c4a251c733bddd6c5be6a68d6974370e3cf6ec6c95734e6cf5c438623d6,cec73259ef6b1952599c9ec97de94f12f18e6321,NVIDIA H100 NVL,590.48.01,2.6.0+cu124,12.4,4.57.1,0.7.0,prefill-only,MPK,NORMAL,one_prefill_phase_then_decode,481.7669982910156,1019.2230987548828,1500.9900970458984,,,32.87816447596396,20.680416107177734,20.84592056274414,284.95838260650606,30.415323237739255,21.31926124161596,,[481.7669982910156],[1019.2230987548828],,30,1.0,1.0,0,0,30,20,True,[[30]],0.644538732634482,0.7126654335328608,,/data/home/hliu148/mirage/results/qwen3_3d_identical_b1_b64_repeat1/b1_in512_out32/summary.json
1,512,64,512,63,1,0,1024,1,8,False,0.140625,93.3447265625,completed,,Qwen/Qwen3-8B,identical,fd7b0c4a251c733bddd6c5be6a68d6974370e3cf6ec6c95734e6cf5c438623d6,cec73259ef6b1952599c9ec97de94f12f18e6321,NVIDIA H100 NVL,590.48.01,2.6.0+cu124,12.4,4.57.1,0.7.0,normal,NORMAL,NORMAL,one_prefill_phase_then_decode,416.45904541015625,1308.7242546081543,1725.1833000183105,,,20.7734008667961,20.348960876464844,20.568217849731447,31.233652839660703,48.138482784414244,37.09750726158822,,[416.45904541015625],[1308.7242546081543],,,,,0,0,30,20,True,,1.0,1.0,,/data/home/hliu148/mirage/results/qwen3_3d_identical_b1_b64_repeat1/b1_in512_out64/summary.json
1,512,64,512,63,1,0,1024,1,8,False,0.140625,93.3447265625,completed,,Qwen/Qwen3-8B,identical,fd7b0c4a251c733bddd6c5be6a68d6974370e3cf6ec6c95734e6cf5c438623d6,cec73259ef6b1952599c9ec97de94f12f18e6321,NVIDIA H100 NVL,590.48.01,2.6.0+cu124,12.4,4.57.1,0.7.0,always,MPK,MPK,split_two_mpk_launches,481.0491943359375,420.2570495605469,901.3062438964844,,,6.670746818421379,,,,149.90825273693244,71.00805129599263,,[481.0491943359375],[420.2570495605469],,30,1.0,1.0,0,0,30,20,True,[[30]],3.114104227345281,1.9140922541045315,,/data/home/hliu148/mirage/results/qwen3_3d_identical_b1_b64_repeat1/b1_in512_out64/summary.json
1,512,64,512,63,1,0,1024,1,8,False,0.140625,93.3447265625,completed,,Qwen/Qwen3-8B,identical,fd7b0c4a251c733bddd6c5be6a68d6974370e3cf6ec6c95734e6cf5c438623d6,cec73259ef6b1952599c9ec97de94f12f18e6321,NVIDIA H100 NVL,590.48.01,2.6.0+cu124,12.4,4.57.1,0.7.0,always-continuous,MPK,MPK,continuous_one_mpk_launch,,,,904.056396484375,70.792043780541,,,,,,,,,,[904.056396484375],30,1.0,1.0,0,0,30,20,True,[[30]],,,1.908269557880538,/data/home/hliu148/mirage/results/qwen3_3d_identical_b1_b64_repeat1/b1_in512_out64/summary.json
1,512,64,512,63,1,0,1024,1,8,False,0.140625,93.3447265625,completed,,Qwen/Qwen3-8B,identical,fd7b0c4a251c733bddd6c5be6a68d6974370e3cf6ec6c95734e6cf5c438623d6,cec73259ef6b1952599c9ec97de94f12f18e6321,NVIDIA H100 NVL,590.48.01,2.6.0+cu124,12.4,4.57.1,0.7.0,decode-only,NORMAL,MPK,one_prefill_phase_then_decode,397.582275390625,424.8763427734375,822.4586181640625,,,6.7440689329117065,,,,148.2784369418147,77.81546522409155,,[397.582275390625],[424.8763427734375],,30,1.0,1.0,0,0,30,20,True,[[30]],3.0802474104942643,2.0975928294962243,,/data/home/hliu148/mirage/results/qwen3_3d_identical_b1_b64_repeat1/b1_in512_out64/summary.json
1,512,64,512,63,1,0,1024,1,8,False,0.140625,93.3447265625,completed,,Qwen/Qwen3-8B,identical,fd7b0c4a251c733bddd6c5be6a68d6974370e3cf6ec6c95734e6cf5c438623d6,cec73259ef6b1952599c9ec97de94f12f18e6321,NVIDIA H100 NVL,590.48.01,2.6.0+cu124,12.4,4.57.1,0.7.0,prefill-only,MPK,NORMAL,one_prefill_phase_then_decode,478.773681640625,1651.2963600158691,2130.070041656494,,,26.211053333585223,20.443904876708984,20.719506454467773,158.6658818435678,38.151843318660596,30.045960343270703,,[478.773681640625],[1651.2963600158691],,30,1.0,1.0,0,0,30,20,True,[[30]],0.792543535065733,0.8099185783941101,,/data/home/hliu148/mirage/results/qwen3_3d_identical_b1_b64_repeat1/b1_in512_out64/summary.json
1,512,128,512,127,1,0,1024,1,8,False,0.140625,93.3447265625,completed,,Qwen/Qwen3-8B,identical,fd7b0c4a251c733bddd6c5be6a68d6974370e3cf6ec6c95734e6cf5c438623d6,cec73259ef6b1952599c9ec97de94f12f18e6321,NVIDIA H100 NVL,590.48.01,2.6.0+cu124,12.4,4.57.1,0.7.0,normal,NORMAL,NORMAL,one_prefill_phase_then_decode,415.638427734375,2558.737781524658,2974.376209259033,,,20.147541586808334,19.88915252685547,20.187884902954103,21.59675228118896,49.63384717144613,43.03423339708831,,[415.638427734375],[2558.737781524658],,,,,0,0,30,20,True,,1.0,1.0,,/data/home/hliu148/mirage/results/qwen3_3d_identical_b1_b64_repeat1/b1_in512_out128/summary.json
1,512,128,512,127,1,0,1024,1,8,False,0.140625,93.3447265625,completed,,Qwen/Qwen3-8B,identical,fd7b0c4a251c733bddd6c5be6a68d6974370e3cf6ec6c95734e6cf5c438623d6,cec73259ef6b1952599c9ec97de94f12f18e6321,NVIDIA H100 NVL,590.48.01,2.6.0+cu124,12.4,4.57.1,0.7.0,always,MPK,MPK,split_two_mpk_launches,478.045166015625,857.1956176757812,1335.2407836914062,,,6.749571792722687,,,,148.15754698367516,95.862859765361,,[478.045166015625],[857.1956176757812],,30,1.0,1.0,0,0,30,20,True,[[30]],2.9850103392531047,2.2275953862314433,,/data/home/hliu148/mirage/results/qwen3_3d_identical_b1_b64_repeat1/b1_in512_out128/summary.json
1,512,128,512,127,1,0,1024,1,8,False,0.140625,93.3447265625,completed,,Qwen/Qwen3-8B,identical,fd7b0c4a251c733bddd6c5be6a68d6974370e3cf6ec6c95734e6cf5c438623d6,cec73259ef6b1952599c9ec97de94f12f18e6321,NVIDIA H100 NVL,590.48.01,2.6.0+cu124,12.4,4.57.1,0.7.0,always-continuous,MPK,MPK,continuous_one_mpk_launch,,,,1340.3800048828125,95.49530695303893,,,,,,,,,,[1340.3800048828125],30,1.0,1.0,0,0,30,20,True,[[30]],,,2.219054446070373,/data/home/hliu148/mirage/results/qwen3_3d_identical_b1_b64_repeat1/b1_in512_out128/summary.json
1,512,128,512,127,1,0,1024,1,8,False,0.140625,93.3447265625,completed,,Qwen/Qwen3-8B,identical,fd7b0c4a251c733bddd6c5be6a68d6974370e3cf6ec6c95734e6cf5c438623d6,cec73259ef6b1952599c9ec97de94f12f18e6321,NVIDIA H100 NVL,590.48.01,2.6.0+cu124,12.4,4.57.1,0.7.0,decode-only,NORMAL,MPK,one_prefill_phase_then_decode,394.1728820800781,859.0160522460938,1253.1889343261719,,,6.763905923197589,,,,147.8435701730247,102.13942725948536,,[394.1728820800781],[859.0160522460938],,30,1.0,1.0,0,0,30,20,True,[[30]],2.9786844784032307,2.3734459567809125,,/data/home/hliu148/mirage/results/qwen3_3d_identical_b1_b64_repeat1/b1_in512_out128/summary.json
1,512,128,512,127,1,0,1024,1,8,False,0.140625,93.3447265625,completed,,Qwen/Qwen3-8B,identical,fd7b0c4a251c733bddd6c5be6a68d6974370e3cf6ec6c95734e6cf5c438623d6,cec73259ef6b1952599c9ec97de94f12f18e6321,NVIDIA H100 NVL,590.48.01,2.6.0+cu124,12.4,4.57.1,0.7.0,prefill-only,MPK,NORMAL,one_prefill_phase_then_decode,479.3810729980469,2956.3005771636963,3435.681650161743,,,23.277957300501544,20.39507293701172,20.611046600341798,21.61755634307861,42.95909589878207,37.256071147911534,,[479.3810729980469],[2956.3005771636963],,30,1.0,1.0,0,0,30,20,True,[[30]],0.865520171152399,0.8657310286938277,,/data/home/hliu148/mirage/results/qwen3_3d_identical_b1_b64_repeat1/b1_in512_out128/summary.json
1,512,256,512,255,1,0,1024,1,8,False,0.140625,93.3447265625,completed,,Qwen/Qwen3-8B,identical,fd7b0c4a251c733bddd6c5be6a68d6974370e3cf6ec6c95734e6cf5c438623d6,cec73259ef6b1952599c9ec97de94f12f18e6321,NVIDIA H100 NVL,590.48.01,2.6.0+cu124,12.4,4.57.1,0.7.0,normal,NORMAL,NORMAL,one_prefill_phase_then_decode,419.69891357421875,5154.254486083984,5573.953399658203,,,20.21276269052543,20.08233642578125,20.302675247192383,20.88220985412598,49.47369220679279,45.92790460280813,,[419.69891357421875],[5154.254486083984],,,,,0,0,30,20,True,,1.0,1.0,,/data/home/hliu148/mirage/results/qwen3_3d_identical_b1_b64_repeat1/b1_in512_out256/summary.json
1,512,256,512,255,1,0,1024,1,8,False,0.140625,93.3447265625,completed,,Qwen/Qwen3-8B,identical,fd7b0c4a251c733bddd6c5be6a68d6974370e3cf6ec6c95734e6cf5c438623d6,cec73259ef6b1952599c9ec97de94f12f18e6321,NVIDIA H100 NVL,590.48.01,2.6.0+cu124,12.4,4.57.1,0.7.0,always,MPK,MPK,split_two_mpk_launches,481.9581298828125,1738.740234375,2220.6983642578125,,,6.8185891544117645,,,,146.65790493521374,115.2790510050016,,[481.9581298828125],[1738.740234375],,30,1.0,1.0,0,0,30,20,True,[[30]],2.9643614291451135,2.5100002275730473,,/data/home/hliu148/mirage/results/qwen3_3d_identical_b1_b64_repeat1/b1_in512_out256/summary.json
1,512,256,512,255,1,0,1024,1,8,False,0.140625,93.3447265625,completed,,Qwen/Qwen3-8B,identical,fd7b0c4a251c733bddd6c5be6a68d6974370e3cf6ec6c95734e6cf5c438623d6,cec73259ef6b1952599c9ec97de94f12f18e6321,NVIDIA H100 NVL,590.48.01,2.6.0+cu124,12.4,4.57.1,0.7.0,always-continuous,MPK,MPK,continuous_one_mpk_launch,,,,2207.39501953125,115.9738052024611,,,,,,,,,,[2207.39501953125],30,1.0,1.0,0,0,30,20,True,[[30]],,,2.5251272882013915,/data/home/hliu148/mirage/results/qwen3_3d_identical_b1_b64_repeat1/b1_in512_out256/summary.json
1,512,256,512,255,1,0,1024,1,8,False,0.140625,93.3447265625,completed,,Qwen/Qwen3-8B,identical,fd7b0c4a251c733bddd6c5be6a68d6974370e3cf6ec6c95734e6cf5c438623d6,cec73259ef6b1952599c9ec97de94f12f18e6321,NVIDIA H100 NVL,590.48.01,2.6.0+cu124,12.4,4.57.1,0.7.0,decode-only,NORMAL,MPK,one_prefill_phase_then_decode,380.60577392578125,1724.4832763671875,2105.0890502929688,,,6.762679515165441,,,,147.8703815192603,121.61005728682692,,[380.60577392578125],[1724.4832763671875],,30,1.0,1.0,0,0,30,20,True,[[30]],2.9888689306062655,2.647846844713038,,/data/home/hliu148/mirage/results/qwen3_3d_identical_b1_b64_repeat1/b1_in512_out256/summary.json
1,512,256,512,255,1,0,1024,1,8,False,0.140625,93.3447265625,completed,,Qwen/Qwen3-8B,identical,fd7b0c4a251c733bddd6c5be6a68d6974370e3cf6ec6c95734e6cf5c438623d6,cec73259ef6b1952599c9ec97de94f12f18e6321,NVIDIA H100 NVL,590.48.01,2.6.0+cu124,12.4,4.57.1,0.7.0,prefill-only,MPK,NORMAL,one_prefill_phase_then_decode,481.1730651855469,5517.764701843262,5998.937767028809,,,21.63829294840495,20.178272247314453,20.358963394165038,21.40305099487305,46.21436646524902,42.67422166087802,,[481.1730651855469],[5517.764701843262],,30,1.0,1.0,0,0,30,20,True,[[30]],0.934120022255055,0.9291567300953858,,/data/home/hliu148/mirage/results/qwen3_3d_identical_b1_b64_repeat1/b1_in512_out256/summary.json
1,512,512,512,511,1,0,1024,1,8,False,0.140625,93.3447265625,completed,,Qwen/Qwen3-8B,identical,fd7b0c4a251c733bddd6c5be6a68d6974370e3cf6ec6c95734e6cf5c438623d6,cec73259ef6b1952599c9ec97de94f12f18e6321,NVIDIA H100 NVL,590.48.01,2.6.0+cu124,12.4,4.57.1,0.7.0,normal,NORMAL,NORMAL,one_prefill_phase_then_decode,414.8334655761719,10258.864555358887,10673.698020935059,,,20.076055881328546,20.00579261779785,20.11257553100586,20.746236801147457,49.81058061957459,47.968379749528154,,[414.8334655761719],[10258.864555358887],,,,,0,0,30,20,True,,1.0,1.0,,/data/home/hliu148/mirage/results/qwen3_3d_identical_b1_b64_repeat1/b1_in512_out512/summary.json
1,512,512,512,511,1,0,1024,1,8,False,0.140625,93.3447265625,completed,,Qwen/Qwen3-8B,identical,fd7b0c4a251c733bddd6c5be6a68d6974370e3cf6ec6c95734e6cf5c438623d6,cec73259ef6b1952599c9ec97de94f12f18e6321,NVIDIA H100 NVL,590.48.01,2.6.0+cu124,12.4,4.57.1,0.7.0,always,MPK,MPK,split_two_mpk_launches,482.7014465332031,3555.4482421875,4038.149688720703,,,6.9578243487035225,,,,143.72308783367515,126.79074315400204,,[482.7014465332031],[3555.4482421875],,30,1.0,1.0,0,0,30,20,True,[[30]],2.885392742785953,2.643215047413588,,/data/home/hliu148/mirage/results/qwen3_3d_identical_b1_b64_repeat1/b1_in512_out512/summary.json
1,512,512,512,511,1,0,1024,1,8,False,0.140625,93.3447265625,completed,,Qwen/Qwen3-8B,identical,fd7b0c4a251c733bddd6c5be6a68d6974370e3cf6ec6c95734e6cf5c438623d6,cec73259ef6b1952599c9ec97de94f12f18e6321,NVIDIA H100 NVL,590.48.01,2.6.0+cu124,12.4,4.57.1,0.7.0,always-continuous,MPK,MPK,continuous_one_mpk_launch,,,,4042.00048828125,126.66995006171165,,,,,,,,,,[4042.00048828125],30,1.0,1.0,0,0,30,20,True,[[30]],,,2.6406968657922545,/data/home/hliu148/mirage/results/qwen3_3d_identical_b1_b64_repeat1/b1_in512_out512/summary.json
1,512,512,512,511,1,0,1024,1,8,False,0.140625,93.3447265625,completed,,Qwen/Qwen3-8B,identical,fd7b0c4a251c733bddd6c5be6a68d6974370e3cf6ec6c95734e6cf5c438623d6,cec73259ef6b1952599c9ec97de94f12f18e6321,NVIDIA H100 NVL,590.48.01,2.6.0+cu124,12.4,4.57.1,0.7.0,decode-only,NORMAL,MPK,one_prefill_phase_then_decode,386.9900207519531,3552.8115234375,3939.801544189453,,,6.9526644294275926,,,,143.82975191028012,129.9557843859202,,[386.9900207519531],[3552.8115234375],,30,1.0,1.0,0,0,30,20,True,[[30]],2.8875341367484046,2.7091968722833193,,/data/home/hliu148/mirage/results/qwen3_3d_identical_b1_b64_repeat1/b1_in512_out512/summary.json
1,512,512,512,511,1,0,1024,1,8,False,0.140625,93.3447265625,completed,,Qwen/Qwen3-8B,identical,fd7b0c4a251c733bddd6c5be6a68d6974370e3cf6ec6c95734e6cf5c438623d6,cec73259ef6b1952599c9ec97de94f12f18e6321,NVIDIA H100 NVL,590.48.01,2.6.0+cu124,12.4,4.57.1,0.7.0,prefill-only,MPK,NORMAL,one_prefill_phase_then_decode,478.74420166015625,10723.878564834595,11202.622766494751,,,20.986063727660657,20.25721549987793,20.414527893066406,21.442198371887205,47.650670129336895,45.70358305122171,,[478.74420166015625],[10723.878564834595],,30,1.0,1.0,0,0,30,20,True,[[30]],0.9566375162993204,0.9527856327411451,,/data/home/hliu148/mirage/results/qwen3_3d_identical_b1_b64_repeat1/b1_in512_out512/summary.json
2,16,16,16,15,1,0,64,2,8,False,0.017578125,93.3447265625,completed,,Qwen/Qwen3-8B,identical,000104b8ca952378c1e822f00b79e237e555e7f24f9448c54a84edcfdef74f95,cec73259ef6b1952599c9ec97de94f12f18e6321,NVIDIA H100 NVL,590.48.01,2.6.0+cu124,12.4,4.57.1,0.7.0,normal,NORMAL,NORMAL,one_prefill_phase_then_decode,380.94427490234375,239.8034553527832,620.747730255127,,,15.98689702351888,15.715007781982422,15.915635108947754,19.39045579910278,125.10245090449575,51.55073219010888,,[380.94427490234375],[239.8034553527832],,,,,0,0,16,11,True,,1.0,1.0,,/data/home/hliu148/mirage/results/qwen3_3d_identical_b1_b64_repeat1/b2_in16_out16/summary.json
2,16,16,16,15,1,0,64,2,8,False,0.017578125,93.3447265625,completed,,Qwen/Qwen3-8B,identical,000104b8ca952378c1e822f00b79e237e555e7f24f9448c54a84edcfdef74f95,cec73259ef6b1952599c9ec97de94f12f18e6321,NVIDIA H100 NVL,590.48.01,2.6.0+cu124,12.4,4.57.1,0.7.0,always,MPK,MPK,split_two_mpk_launches,29.271936416625977,93.23248291015625,122.50441932678223,,,6.215498860677084,,,,321.77626363238215,261.2150661654055,,[29.271936416625977],[93.23248291015625],,16,1.0,1.0,0,0,16,11,True,"[[16, 16]]",2.5721019956517783,5.067145607206821,,/data/home/hliu148/mirage/results/qwen3_3d_identical_b1_b64_repeat1/b2_in16_out16/summary.json
2,16,16,16,15,1,0,64,2,8,False,0.017578125,93.3447265625,completed,,Qwen/Qwen3-8B,identical,000104b8ca952378c1e822f00b79e237e555e7f24f9448c54a84edcfdef74f95,cec73259ef6b1952599c9ec97de94f12f18e6321,NVIDIA H100 NVL,590.48.01,2.6.0+cu124,12.4,4.57.1,0.7.0,always-continuous,MPK,MPK,continuous_one_mpk_launch,,,,128.16009521484375,249.68770463502042,,,,,,,,,,[128.16009521484375],16,1.0,1.0,0,0,16,11,True,"[[16, 16]]",,,4.843533622650046,/data/home/hliu148/mirage/results/qwen3_3d_identical_b1_b64_repeat1/b2_in16_out16/summary.json
2,16,16,16,15,1,0,64,2,8,False,0.017578125,93.3447265625,completed,,Qwen/Qwen3-8B,identical,000104b8ca952378c1e822f00b79e237e555e7f24f9448c54a84edcfdef74f95,cec73259ef6b1952599c9ec97de94f12f18e6321,NVIDIA H100 NVL,590.48.01,2.6.0+cu124,12.4,4.57.1,0.7.0,decode-only,NORMAL,MPK,one_prefill_phase_then_decode,346.3822937011719,96.18508911132812,442.5673828125,,,6.412339274088541,,,,311.898655781011,72.30537369618415,,[346.3822937011719],[96.18508911132812],,16,1.0,1.0,0,0,16,11,True,"[[16, 16]]",2.493145845872492,1.402606143973596,,/data/home/hliu148/mirage/results/qwen3_3d_identical_b1_b64_repeat1/b2_in16_out16/summary.json
2,16,16,16,15,1,0,64,2,8,False,0.017578125,93.3447265625,completed,,Qwen/Qwen3-8B,identical,000104b8ca952378c1e822f00b79e237e555e7f24f9448c54a84edcfdef74f95,cec73259ef6b1952599c9ec97de94f12f18e6321,NVIDIA H100 NVL,590.48.01,2.6.0+cu124,12.4,4.57.1,0.7.0,prefill-only,MPK,NORMAL,one_prefill_phase_then_decode,29.41721534729004,570.1330795288086,599.5502948760986,,,38.008871968587236,15.755871772766113,16.469247817993164,302.0940807723997,52.619293770489094,53.373337105293274,,[29.41721534729004],[570.1330795288086],,16,1.0,1.0,0,0,16,11,True,"[[16, 16]]",0.4206096154795488,1.0353555582578922,,/data/home/hliu148/mirage/results/qwen3_3d_identical_b1_b64_repeat1/b2_in16_out16/summary.json
2,16,32,16,31,1,0,64,2,8,False,0.017578125,93.3447265625,completed,,Qwen/Qwen3-8B,identical,000104b8ca952378c1e822f00b79e237e555e7f24f9448c54a84edcfdef74f95,cec73259ef6b1952599c9ec97de94f12f18e6321,NVIDIA H100 NVL,590.48.01,2.6.0+cu124,12.4,4.57.1,0.7.0,normal,NORMAL,NORMAL,one_prefill_phase_then_decode,380.1385498046875,494.0749101638794,874.2134599685669,,,15.937900327867077,15.766559600830078,15.944576263427734,19.093634796142574,125.48704401815357,73.20866462328455,,[380.1385498046875],[494.0749101638794],,,,,0,0,30,20,True,,1.0,1.0,,/data/home/hliu148/mirage/results/qwen3_3d_identical_b1_b64_repeat1/b2_in16_out32/summary.json
2,16,32,16,31,1,0,64,2,8,False,0.017578125,93.3447265625,completed,,Qwen/Qwen3-8B,identical,000104b8ca952378c1e822f00b79e237e555e7f24f9448c54a84edcfdef74f95,cec73259ef6b1952599c9ec97de94f12f18e6321,NVIDIA H100 NVL,590.48.01,2.6.0+cu124,12.4,4.57.1,0.7.0,always,MPK,MPK,split_two_mpk_launches,29.1015682220459,193.57452392578125,222.67609214782715,,,6.244339481476815,,,,320.2900812700515,287.412983507509,,[29.1015682220459],[193.57452392578125],,29,0.9666666666666667,1.0,0,0,30,20,True,"[[29, 29]]",2.552375695643263,3.925942167999814,,/data/home/hliu148/mirage/results/qwen3_3d_identical_b1_b64_repeat1/b2_in16_out32/summary.json
2,16,32,16,31,1,0,64,2,8,False,0.017578125,93.3447265625,completed,,Qwen/Qwen3-8B,identical,000104b8ca952378c1e822f00b79e237e555e7f24f9448c54a84edcfdef74f95,cec73259ef6b1952599c9ec97de94f12f18e6321,NVIDIA H100 NVL,590.48.01,2.6.0+cu124,12.4,4.57.1,0.7.0,always-continuous,MPK,MPK,continuous_one_mpk_launch,,,,223.64154052734375,286.1722372734907,,,,,,,,,,[223.64154052734375],29,0.9666666666666667,1.0,0,0,30,20,True,"[[29, 29]]",,,3.908994088965687,/data/home/hliu148/mirage/results/qwen3_3d_identical_b1_b64_repeat1/b2_in16_out32/summary.json
2,16,32,16,31,1,0,64,2,8,False,0.017578125,93.3447265625,correctness_failed,Batch match fraction: 0.633; passing-request fraction: 0.000; both require 0.667; invalid token IDs: 0; incomplete requests: 0,Qwen/Qwen3-8B,identical,000104b8ca952378c1e822f00b79e237e555e7f24f9448c54a84edcfdef74f95,cec73259ef6b1952599c9ec97de94f12f18e6321,NVIDIA H100 NVL,590.48.01,2.6.0+cu124,12.4,4.57.1,0.7.0,decode-only,NORMAL,MPK,one_prefill_phase_then_decode,355.5395202636719,192.90374755859375,548.4432678222656,,,6.222701534148185,,,,321.403812962046,116.69392944529774,,[355.5395202636719],[192.90374755859375],,19,0.6333333333333333,0.0,0,0,30,20,True,"[[19, 19]]",2.561250967992761,1.593990684651587,,/data/home/hliu148/mirage/results/qwen3_3d_identical_b1_b64_repeat1/b2_in16_out32/summary.json
2,16,32,16,31,1,0,64,2,8,False,0.017578125,93.3447265625,correctness_failed,Batch match fraction: 0.633; passing-request fraction: 0.000; both require 0.667; invalid token IDs: 0; incomplete requests: 0,Qwen/Qwen3-8B,identical,000104b8ca952378c1e822f00b79e237e555e7f24f9448c54a84edcfdef74f95,cec73259ef6b1952599c9ec97de94f12f18e6321,NVIDIA H100 NVL,590.48.01,2.6.0+cu124,12.4,4.57.1,0.7.0,prefill-only,MPK,NORMAL,one_prefill_phase_then_decode,29.435840606689453,829.038330078125,858.4741706848145,,,26.743171938004032,15.94115161895752,16.30054473876953,249.3777545928953,74.78544447294419,74.55087431337216,,[29.435840606689453],[829.038330078125],,19,0.6333333333333333,0.0,0,0,30,20,True,"[[19, 19]]",0.5959614799925113,1.0183340277683568,,/data/home/hliu148/mirage/results/qwen3_3d_identical_b1_b64_repeat1/b2_in16_out32/summary.json
2,16,64,16,63,1,0,128,2,8,False,0.03515625,93.3447265625,completed,,Qwen/Qwen3-8B,identical,000104b8ca952378c1e822f00b79e237e555e7f24f9448c54a84edcfdef74f95,cec73259ef6b1952599c9ec97de94f12f18e6321,NVIDIA H100 NVL,590.48.01,2.6.0+cu124,12.4,4.57.1,0.7.0,normal,NORMAL,NORMAL,one_prefill_phase_then_decode,383.3511657714844,997.9709796905518,1381.3221454620361,,,15.84080920143733,15.738495826721191,15.902610969543456,18.983336639404307,126.25617634599931,92.66484318702173,,[383.3511657714844],[997.9709796905518],,,,,0,0,30,20,True,,1.0,1.0,,/data/home/hliu148/mirage/results/qwen3_3d_identical_b1_b64_repeat1/b2_in16_out64/summary.json
2,16,64,16,63,1,0,128,2,8,False,0.03515625,93.3447265625,completed,,Qwen/Qwen3-8B,identical,000104b8ca952378c1e822f00b79e237e555e7f24f9448c54a84edcfdef74f95,cec73259ef6b1952599c9ec97de94f12f18e6321,NVIDIA H100 NVL,590.48.01,2.6.0+cu124,12.4,4.57.1,0.7.0,always,MPK,MPK,split_two_mpk_launches,29.20252799987793,395.44232177734375,424.6448497772217,,,6.276862250434028,,,,318.63053866789977,301.4283584674386,,[29.20252799987793],[395.44232177734375],,29,0.9666666666666667,1.0,0,0,30,20,True,"[[29, 29]]",2.5236827843947,3.2528880220417347,,/data/home/hliu148/mirage/results/qwen3_3d_identical_b1_b64_repeat1/b2_in16_out64/summary.json
2,16,64,16,63,1,0,128,2,8,False,0.03515625,93.3447265625,completed,,Qwen/Qwen3-8B,identical,000104b8ca952378c1e822f00b79e237e555e7f24f9448c54a84edcfdef74f95,cec73259ef6b1952599c9ec97de94f12f18e6321,NVIDIA H100 NVL,590.48.01,2.6.0+cu124,12.4,4.57.1,0.7.0,always-continuous,MPK,MPK,continuous_one_mpk_launch,,,,421.794921875,303.4650095620002,,,,,,,,,,[421.794921875],29,0.9666666666666667,1.0,0,0,30,20,True,"[[29, 29]]",,,3.2748667037565578,/data/home/hliu148/mirage/results/qwen3_3d_identical_b1_b64_repeat1/b2_in16_out64/summary.json
2,16,64,16,63,1,0,128,2,8,False,0.03515625,93.3447265625,correctness_failed,Batch match fraction: 0.633; passing-request fraction: 0.000; both require 0.667; invalid token IDs: 0; incomplete requests: 0,Qwen/Qwen3-8B,identical,000104b8ca952378c1e822f00b79e237e555e7f24f9448c54a84edcfdef74f95,cec73259ef6b1952599c9ec97de94f12f18e6321,NVIDIA H100 NVL,590.48.01,2.6.0+cu124,12.4,4.57.1,0.7.0,decode-only,NORMAL,MPK,one_prefill_phase_then_decode,357.1234436035156,390.8545227050781,747.9779663085938,,,6.204040042937748,,,,322.3705820978158,171.12803553786898,,[357.1234436035156],[390.8545227050781],,19,0.6333333333333333,0.0,0,0,30,20,True,"[[19, 19]]",2.5533054415838943,1.8467417593583808,,/data/home/hliu148/mirage/results/qwen3_3d_identical_b1_b64_repeat1/b2_in16_out64/summary.json
2,16,64,16,63,1,0,128,2,8,False,0.03515625,93.3447265625,correctness_failed,Batch match fraction: 0.633; passing-request fraction: 0.000; both require 0.667; invalid token IDs: 0; incomplete requests: 0,Qwen/Qwen3-8B,identical,000104b8ca952378c1e822f00b79e237e555e7f24f9448c54a84edcfdef74f95,cec73259ef6b1952599c9ec97de94f12f18e6321,NVIDIA H100 NVL,590.48.01,2.6.0+cu124,12.4,4.57.1,0.7.0,prefill-only,MPK,NORMAL,one_prefill_phase_then_decode,29.029312133789062,1353.9442853927612,1382.9735975265503,,,21.49117913321843,15.910143852233887,16.031418228149413,149.20465133667082,93.06143639688177,92.55418919705201,,[29.029312133789062],[1353.9442853927612],,19,0.6333333333333333,0.0,0,0,30,20,True,"[[19, 19]]",0.7370842289873498,0.9988058686966492,,/data/home/hliu148/mirage/results/qwen3_3d_identical_b1_b64_repeat1/b2_in16_out64/summary.json
2,16,128,16,127,1,0,256,2,8,False,0.0703125,93.3447265625,completed,,Qwen/Qwen3-8B,identical,000104b8ca952378c1e822f00b79e237e555e7f24f9448c54a84edcfdef74f95,cec73259ef6b1952599c9ec97de94f12f18e6321,NVIDIA H100 NVL,590.48.01,2.6.0+cu124,12.4,4.57.1,0.7.0,normal,NORMAL,NORMAL,one_prefill_phase_then_decode,382.38458251953125,1990.3351697921753,2372.7197523117065,,,15.67193047080453,15.595871925354004,15.794732475280762,18.947237396240226,127.6166968533857,107.89306227614235,,[382.38458251953125],[1990.3351697921753],,,,,0,0,30,20,True,,1.0,1.0,,/data/home/hliu148/mirage/results/qwen3_3d_identical_b1_b64_repeat1/b2_in16_out128/summary.json
2,16,128,16,127,1,0,256,2,8,False,0.0703125,93.3447265625,completed,,Qwen/Qwen3-8B,identical,000104b8ca952378c1e822f00b79e237e555e7f24f9448c54a84edcfdef74f95,cec73259ef6b1952599c9ec97de94f12f18e6321,NVIDIA H100 NVL,590.48.01,2.6.0+cu124,12.4,4.57.1,0.7.0,always,MPK,MPK,split_two_mpk_launches,28.967872619628906,798.8289794921875,827.7968521118164,,,6.289991964505413,,,,317.9654300492038,309.2546188680363,,[28.967872619628906],[798.8289794921875],,29,0.9666666666666667,1.0,0,0,30,20,True,"[[29, 29]]",2.4915660559252917,2.8663068073508526,,/data/home/hliu148/mirage/results/qwen3_3d_identical_b1_b64_repeat1/b2_in16_out128/summary.json
2,16,128,16,127,1,0,256,2,8,False,0.0703125,93.3447265625,completed,,Qwen/Qwen3-8B,identical,000104b8ca952378c1e822f00b79e237e555e7f24f9448c54a84edcfdef74f95,cec73259ef6b1952599c9ec97de94f12f18e6321,NVIDIA H100 NVL,590.48.01,2.6.0+cu124,12.4,4.57.1,0.7.0,always-continuous,MPK,MPK,continuous_one_mpk_launch,,,,816.35986328125,313.5871954447173,,,,,,,,,,[816.35986328125],29,0.9666666666666667,1.0,0,0,30,20,True,"[[29, 29]]",,,2.9064630183738758,/data/home/hliu148/mirage/results/qwen3_3d_identical_b1_b64_repeat1/b2_in16_out128/summary.json
2,16,128,16,127,1,0,256,2,8,False,0.0703125,93.3447265625,correctness_failed,Batch match fraction: 0.633; passing-request fraction: 0.000; both require 0.667; invalid token IDs: 0; incomplete requests: 0,Qwen/Qwen3-8B,identical,000104b8ca952378c1e822f00b79e237e555e7f24f9448c54a84edcfdef74f95,cec73259ef6b1952599c9ec97de94f12f18e6321,NVIDIA H100 NVL,590.48.01,2.6.0+cu124,12.4,4.57.1,0.7.0,decode-only,NORMAL,MPK,one_prefill_phase_then_decode,351.0473327636719,796.9212036132812,1147.9685363769531,,,6.274970107191191,,,,318.72661794961795,223.00262758764188,,[351.0473327636719],[796.9212036132812],,19,0.6333333333333333,0.0,0,0,30,20,True,"[[19, 19]]",2.497530697850546,2.0668857003695678,,/data/home/hliu148/mirage/results/qwen3_3d_identical_b1_b64_repeat1/b2_in16_out128/summary.json
2,16,128,16,127,1,0,256,2,8,False,0.0703125,93.3447265625,correctness_failed,Batch match fraction: 0.633; passing-request fraction: 0.000; both require 0.667; invalid token IDs: 0; incomplete requests: 0,Qwen/Qwen3-8B,identical,000104b8ca952378c1e822f00b79e237e555e7f24f9448c54a84edcfdef74f95,cec73259ef6b1952599c9ec97de94f12f18e6321,NVIDIA H100 NVL,590.48.01,2.6.0+cu124,12.4,4.57.1,0.7.0,prefill-only,MPK,NORMAL,one_prefill_phase_then_decode,30.125343322753906,2333.4482288360596,2363.5735721588135,,,18.373608101071333,15.589728355407715,15.787334442138672,18.613277244567858,108.85178289414931,108.31056964568177,,[30.125343322753906],[2333.4482288360596],,19,0.6333333333333333,0.0,0,0,30,20,True,"[[19, 19]]",0.8529587865701089,1.0038696405564136,,/data/home/hliu148/mirage/results/qwen3_3d_identical_b1_b64_repeat1/b2_in16_out128/summary.json
2,16,256,16,255,1,0,512,2,8,False,0.140625,93.3447265625,completed,,Qwen/Qwen3-8B,identical,000104b8ca952378c1e822f00b79e237e555e7f24f9448c54a84edcfdef74f95,cec73259ef6b1952599c9ec97de94f12f18e6321,NVIDIA H100 NVL,590.48.01,2.6.0+cu124,12.4,4.57.1,0.7.0,normal,NORMAL,NORMAL,one_prefill_phase_then_decode,379.9059753417969,4041.5289907455444,4421.434966087341,,,15.84913329704135,15.821727752685547,15.997952079772949,16.97618938446046,126.1898655602418,115.79950941879034,,[379.9059753417969],[4041.5289907455444],,,,,0,0,30,20,True,,1.0,1.0,,/data/home/hliu148/mirage/results/qwen3_3d_identical_b1_b64_repeat1/b2_in16_out256/summary.json
2,16,256,16,255,1,0,512,2,8,False,0.140625,93.3447265625,completed,,Qwen/Qwen3-8B,identical,000104b8ca952378c1e822f00b79e237e555e7f24f9448c54a84edcfdef74f95,cec73259ef6b1952599c9ec97de94f12f18e6321,NVIDIA H100 NVL,590.48.01,2.6.0+cu124,12.4,4.57.1,0.7.0,always,MPK,MPK,split_two_mpk_launches,28.861919403076172,1613.438232421875,1642.3001518249512,,,6.327208754595588,,,,316.09514994228016,311.7578716844525,,[28.861919403076172],[1613.438232421875],,29,0.9666666666666667,1.0,0,0,30,20,True,"[[29, 29]]",2.504917082991735,2.6922210055050955,,/data/home/hliu148/mirage/results/qwen3_3d_identical_b1_b64_repeat1/b2_in16_out256/summary.json
2,16,256,16,255,1,0,512,2,8,False,0.140625,93.3447265625,completed,,Qwen/Qwen3-8B,identical,000104b8ca952378c1e822f00b79e237e555e7f24f9448c54a84edcfdef74f95,cec73259ef6b1952599c9ec97de94f12f18e6321,NVIDIA H100 NVL,590.48.01,2.6.0+cu124,12.4,4.57.1,0.7.0,always-continuous,MPK,MPK,continuous_one_mpk_launch,,,,1613.6890869140625,317.2854077975596,,,,,,,,,,[1613.6890869140625],29,0.9666666666666667,1.0,0,0,30,20,True,"[[29, 29]]",,,2.739954680205882,/data/home/hliu148/mirage/results/qwen3_3d_identical_b1_b64_repeat1/b2_in16_out256/summary.json
2,16,256,16,255,1,0,512,2,8,False,0.140625,93.3447265625,correctness_failed,Batch match fraction: 0.633; passing-request fraction: 0.000; both require 0.667; invalid token IDs: 0; incomplete requests: 0,Qwen/Qwen3-8B,identical,000104b8ca952378c1e822f00b79e237e555e7f24f9448c54a84edcfdef74f95,cec73259ef6b1952599c9ec97de94f12f18e6321,NVIDIA H100 NVL,590.48.01,2.6.0+cu124,12.4,4.57.1,0.7.0,decode-only,NORMAL,MPK,one_prefill_phase_then_decode,359.53167724609375,1609.7139892578125,1969.2456665039062,,,6.312603879442402,,,,316.8264694246365,259.9980331092857,,[359.53167724609375],[1609.7139892578125],,19,0.6333333333333333,0.0,0,0,30,20,True,"[[19, 19]]",2.51071247297103,2.2452429584049414,,/data/home/hliu148/mirage/results/qwen3_3d_identical_b1_b64_repeat1/b2_in16_out256/summary.json
2,16,256,16,255,1,0,512,2,8,False,0.140625,93.3447265625,correctness_failed,Batch match fraction: 0.633; passing-request fraction: 0.000; both require 0.667; invalid token IDs: 0; incomplete requests: 0,Qwen/Qwen3-8B,identical,000104b8ca952378c1e822f00b79e237e555e7f24f9448c54a84edcfdef74f95,cec73259ef6b1952599c9ec97de94f12f18e6321,NVIDIA H100 NVL,590.48.01,2.6.0+cu124,12.4,4.57.1,0.7.0,prefill-only,MPK,NORMAL,one_prefill_phase_then_decode,28.874624252319336,4397.322929382324,4426.197553634644,,,17.244403644636566,15.904224395751953,16.0528133392334,16.972335205078124,115.97965584748124,115.67490917335195,,[28.874624252319336],[4397.322929382324],,19,0.6333333333333333,0.0,0,0,30,20,True,"[[19, 19]]",0.9190885126358558,0.9989240002305384,,/data/home/hliu148/mirage/results/qwen3_3d_identical_b1_b64_repeat1/b2_in16_out256/summary.json
2,16,512,16,511,1,0,1024,2,8,False,0.28125,93.3447265625,completed,,Qwen/Qwen3-8B,identical,000104b8ca952378c1e822f00b79e237e555e7f24f9448c54a84edcfdef74f95,cec73259ef6b1952599c9ec97de94f12f18e6321,NVIDIA H100 NVL,590.48.01,2.6.0+cu124,12.4,4.57.1,0.7.0,normal,NORMAL,NORMAL,one_prefill_phase_then_decode,378.3578186035156,8067.2454442977905,8445.603262901306,,,15.787173080817594,15.78377628326416,15.950143814086914,16.558524703979487,126.68512530784409,121.2465194165688,,[378.3578186035156],[8067.2454442977905],,,,,0,0,30,20,True,,1.0,1.0,,/data/home/hliu148/mirage/results/qwen3_3d_identical_b1_b64_repeat1/b2_in16_out512/summary.json
2,16,512,16,511,1,0,1024,2,8,False,0.28125,93.3447265625,completed,,Qwen/Qwen3-8B,identical,000104b8ca952378c1e822f00b79e237e555e7f24f9448c54a84edcfdef74f95,cec73259ef6b1952599c9ec97de94f12f18e6321,NVIDIA H100 NVL,590.48.01,2.6.0+cu124,12.4,4.57.1,0.7.0,always,MPK,MPK,split_two_mpk_launches,28.926048278808594,3299.49609375,3328.4221420288086,,,6.456939518101761,,,,309.74426729460345,307.65328323883534,,[28.926048278808594],[3299.49609375],,29,0.9666666666666667,1.0,0,0,30,20,True,"[[29, 29]]",2.4449931792854667,2.5374195046525463,,/data/home/hliu148/mirage/results/qwen3_3d_identical_b1_b64_repeat1/b2_in16_out512/summary.json
2,16,512,16,511,1,0,1024,2,8,False,0.28125,93.3447265625,completed,,Qwen/Qwen3-8B,identical,000104b8ca952378c1e822f00b79e237e555e7f24f9448c54a84edcfdef74f95,cec73259ef6b1952599c9ec97de94f12f18e6321,NVIDIA H100 NVL,590.48.01,2.6.0+cu124,12.4,4.57.1,0.7.0,always-continuous,MPK,MPK,continuous_one_mpk_launch,,,,3334.2255859375,307.11779200508926,,,,,,,,,,[3334.2255859375],29,0.9666666666666667,1.0,0,0,30,20,True,"[[29, 29]]",,,2.5330029553254167,/data/home/hliu148/mirage/results/qwen3_3d_identical_b1_b64_repeat1/b2_in16_out512/summary.json
2,16,512,16,511,1,0,1024,2,8,False,0.28125,93.3447265625,correctness_failed,Batch match fraction: 0.633; passing-request fraction: 0.000; both require 0.667; invalid token IDs: 0; incomplete requests: 0,Qwen/Qwen3-8B,identical,000104b8ca952378c1e822f00b79e237e555e7f24f9448c54a84edcfdef74f95,cec73259ef6b1952599c9ec97de94f12f18e6321,NVIDIA H100 NVL,590.48.01,2.6.0+cu124,12.4,4.57.1,0.7.0,decode-only,NORMAL,MPK,one_prefill_phase_then_decode,349.1814270019531,3387.11865234375,3736.300079345703,,,6.62841223550636,,,,301.73138437084776,274.06792234400024,,[349.1814270019531],[3387.11865234375],,19,0.6333333333333333,0.0,0,0,30,20,True,"[[19, 19]]",2.3817427944886376,2.260418885942451,,/data/home/hliu148/mirage/results/qwen3_3d_identical_b1_b64_repeat1/b2_in16_out512/summary.json
2,16,512,16,511,1,0,1024,2,8,False,0.28125,93.3447265625,correctness_failed,Batch match fraction: 0.633; passing-request fraction: 0.000; both require 0.667; invalid token IDs: 0; incomplete requests: 0,Qwen/Qwen3-8B,identical,000104b8ca952378c1e822f00b79e237e555e7f24f9448c54a84edcfdef74f95,cec73259ef6b1952599c9ec97de94f12f18e6321,NVIDIA H100 NVL,590.48.01,2.6.0+cu124,12.4,4.57.1,0.7.0,prefill-only,MPK,NORMAL,one_prefill_phase_then_decode,29.422176361083984,8467.59194946289,8497.014125823975,,,16.57063003808785,15.943743705749512,16.052928924560547,16.94531116485595,120.69547116814323,120.51292193193811,,[29.422176361083984],[8467.59194946289],,19,0.6333333333333333,0.0,0,0,30,20,True,"[[19, 19]]",0.9527201467011533,0.9939495377833466,,/data/home/hliu148/mirage/results/qwen3_3d_identical_b1_b64_repeat1/b2_in16_out512/summary.json
2,32,16,32,15,1,0,64,2,8,False,0.017578125,93.3447265625,completed,,Qwen/Qwen3-8B,identical,cbebd05ee623c36d8b6a276564705c1f3bf1f823c488e69089f6b38ae3020346,cec73259ef6b1952599c9ec97de94f12f18e6321,NVIDIA H100 NVL,590.48.01,2.6.0+cu124,12.4,4.57.1,0.7.0,normal,NORMAL,NORMAL,one_prefill_phase_then_decode,382.7284240722656,237.5005760192871,620.2290000915527,,,15.83337173461914,15.445055961608887,15.546240043640136,20.638439159393307,126.3154831151388,51.59384678123152,,[382.7284240722656],[237.5005760192871],,,,,0,0,16,11,True,,1.0,1.0,,/data/home/hliu148/mirage/results/qwen3_3d_identical_b1_b64_repeat1/b2_in32_out16/summary.json
2,32,16,32,15,1,0,64,2,8,False,0.017578125,93.3447265625,completed,,Qwen/Qwen3-8B,identical,cbebd05ee623c36d8b6a276564705c1f3bf1f823c488e69089f6b38ae3020346,cec73259ef6b1952599c9ec97de94f12f18e6321,NVIDIA H100 NVL,590.48.01,2.6.0+cu124,12.4,4.57.1,0.7.0,always,MPK,MPK,split_two_mpk_launches,59.88380813598633,93.73372650146484,153.61753463745117,,,6.248915100097657,,,,320.05555651872186,208.30955317387682,,[59.88380813598633],[93.73372650146484],,16,1.0,1.0,0,0,16,11,True,"[[16, 16]]",2.533779301045665,4.037488308579743,,/data/home/hliu148/mirage/results/qwen3_3d_identical_b1_b64_repeat1/b2_in32_out16/summary.json
2,32,16,32,15,1,0,64,2,8,False,0.017578125,93.3447265625,completed,,Qwen/Qwen3-8B,identical,cbebd05ee623c36d8b6a276564705c1f3bf1f823c488e69089f6b38ae3020346,cec73259ef6b1952599c9ec97de94f12f18e6321,NVIDIA H100 NVL,590.48.01,2.6.0+cu124,12.4,4.57.1,0.7.0,always-continuous,MPK,MPK,continuous_one_mpk_launch,,,,157.4502716064453,203.23877293769027,,,,,,,,,,[157.4502716064453],16,1.0,1.0,0,0,16,11,True,"[[16, 16]]",,,3.939205653718055,/data/home/hliu148/mirage/results/qwen3_3d_identical_b1_b64_repeat1/b2_in32_out16/summary.json
2,32,16,32,15,1,0,64,2,8,False,0.017578125,93.3447265625,completed,,Qwen/Qwen3-8B,identical,cbebd05ee623c36d8b6a276564705c1f3bf1f823c488e69089f6b38ae3020346,cec73259ef6b1952599c9ec97de94f12f18e6321,NVIDIA H100 NVL,590.48.01,2.6.0+cu124,12.4,4.57.1,0.7.0,decode-only,NORMAL,MPK,one_prefill_phase_then_decode,350.8589782714844,92.49078369140625,443.3497619628906,,,6.16605224609375,,,,324.3566418476292,72.17777643168887,,[350.8589782714844],[92.49078369140625],,16,1.0,1.0,0,0,16,11,True,"[[16, 16]]",2.567829642483118,1.3989609407830634,,/data/home/hliu148/mirage/results/qwen3_3d_identical_b1_b64_repeat1/b2_in32_out16/summary.json
2,32,16,32,15,1,0,64,2,8,False,0.017578125,93.3447265625,completed,,Qwen/Qwen3-8B,identical,cbebd05ee623c36d8b6a276564705c1f3bf1f823c488e69089f6b38ae3020346,cec73259ef6b1952599c9ec97de94f12f18e6321,NVIDIA H100 NVL,590.48.01,2.6.0+cu124,12.4,4.57.1,0.7.0,prefill-only,MPK,NORMAL,one_prefill_phase_then_decode,58.130592346191406,600.1893844604492,658.3199768066406,,,40.01262563069661,15.833248138427734,16.61977615356445,326.9572677230833,49.98422294151208,48.608581126801994,,[58.130592346191406],[600.1893844604492],,16,1.0,1.0,0,0,16,11,True,"[[16, 16]]",0.3957093913495195,0.9421391146295477,,/data/home/hliu148/mirage/results/qwen3_3d_identical_b1_b64_repeat1/b2_in32_out16/summary.json
2,32,32,32,31,1,0,64,2,8,False,0.017578125,93.3447265625,completed,,Qwen/Qwen3-8B,identical,cbebd05ee623c36d8b6a276564705c1f3bf1f823c488e69089f6b38ae3020346,cec73259ef6b1952599c9ec97de94f12f18e6321,NVIDIA H100 NVL,590.48.01,2.6.0+cu124,12.4,4.57.1,0.7.0,normal,NORMAL,NORMAL,one_prefill_phase_then_decode,378.71630859375,491.95107078552246,870.6673793792725,,,15.869389380178143,15.732671737670898,15.842592239379883,18.784934616088865,126.02879367861026,73.50683109964189,,[378.71630859375],[491.95107078552246],,,,,0,0,30,20,True,,1.0,1.0,,/data/home/hliu148/mirage/results/qwen3_3d_identical_b1_b64_repeat1/b2_in32_out32/summary.json
2,32,32,32,31,1,0,64,2,8,False,0.017578125,93.3447265625,completed,,Qwen/Qwen3-8B,identical,cbebd05ee623c36d8b6a276564705c1f3bf1f823c488e69089f6b38ae3020346,cec73259ef6b1952599c9ec97de94f12f18e6321,NVIDIA H100 NVL,590.48.01,2.6.0+cu124,12.4,4.57.1,0.7.0,always,MPK,MPK,split_two_mpk_launches,59.84918212890625,193.90310668945312,253.75228881835938,,,6.25493892546623,,,,319.7473266856757,252.21447380051967,,[59.84918212890625],[193.90310668945312],,30,1.0,1.0,0,0,30,20,True,"[[30, 30]]",2.537097415223007,3.4311705460221975,,/data/home/hliu148/mirage/results/qwen3_3d_identical_b1_b64_repeat1/b2_in32_out32/summary.json
2,32,32,32,31,1,0,64,2,8,False,0.017578125,93.3447265625,completed,,Qwen/Qwen3-8B,identical,cbebd05ee623c36d8b6a276564705c1f3bf1f823c488e69089f6b38ae3020346,cec73259ef6b1952599c9ec97de94f12f18e6321,NVIDIA H100 NVL,590.48.01,2.6.0+cu124,12.4,4.57.1,0.7.0,always-continuous,MPK,MPK,continuous_one_mpk_launch,,,,257.3979797363281,248.64220016629483,,,,,,,,,,[257.3979797363281],30,1.0,1.0,0,0,30,20,True,"[[30, 30]]",,,3.382572700341944,/data/home/hliu148/mirage/results/qwen3_3d_identical_b1_b64_repeat1/b2_in32_out32/summary.json
2,32,32,32,31,1,0,64,2,8,False,0.017578125,93.3447265625,completed,,Qwen/Qwen3-8B,identical,cbebd05ee623c36d8b6a276564705c1f3bf1f823c488e69089f6b38ae3020346,cec73259ef6b1952599c9ec97de94f12f18e6321,NVIDIA H100 NVL,590.48.01,2.6.0+cu124,12.4,4.57.1,0.7.0,decode-only,NORMAL,MPK,one_prefill_phase_then_decode,345.6823425292969,191.2393341064453,536.9216766357422,,,6.1690107776272685,,,,324.2010870289389,119.19801860303511,,[345.6823425292969],[191.2393341064453],,30,1.0,1.0,0,0,30,20,True,"[[30, 30]]",2.5724366437696267,1.6215910388172867,,/data/home/hliu148/mirage/results/qwen3_3d_identical_b1_b64_repeat1/b2_in32_out32/summary.json
2,32,32,32,31,1,0,64,2,8,False,0.017578125,93.3447265625,completed,,Qwen/Qwen3-8B,identical,cbebd05ee623c36d8b6a276564705c1f3bf1f823c488e69089f6b38ae3020346,cec73259ef6b1952599c9ec97de94f12f18e6321,NVIDIA H100 NVL,590.48.01,2.6.0+cu124,12.4,4.57.1,0.7.0,prefill-only,MPK,NORMAL,one_prefill_phase_then_decode,59.87385559082031,866.2268667221069,926.1007223129272,,,27.94280215232603,15.808095932006836,15.957280158996582,277.822793960571,71.57478298337072,69.10695398245737,,[59.87385559082031],[866.2268667221069],,30,1.0,1.0,0,0,30,20,True,"[[30, 30]]",0.5679240504824293,0.9401432893873459,,/data/home/hliu148/mirage/results/qwen3_3d_identical_b1_b64_repeat1/b2_in32_out32/summary.json
2,32,64,32,63,1,0,128,2,8,False,0.03515625,93.3447265625,completed,,Qwen/Qwen3-8B,identical,cbebd05ee623c36d8b6a276564705c1f3bf1f823c488e69089f6b38ae3020346,cec73259ef6b1952599c9ec97de94f12f18e6321,NVIDIA H100 NVL,590.48.01,2.6.0+cu124,12.4,4.57.1,0.7.0,normal,NORMAL,NORMAL,one_prefill_phase_then_decode,381.2994689941406,989.5708484649658,1370.8703174591064,,,15.707473785158188,15.60534381866455,15.794227409362794,18.590704689025884,127.32792219521494,93.37134108881038,,[381.2994689941406],[989.5708484649658],,,,,0,0,30,20,True,,1.0,1.0,,/data/home/hliu148/mirage/results/qwen3_3d_identical_b1_b64_repeat1/b2_in32_out64/summary.json
2,32,64,32,63,1,0,128,2,8,False,0.03515625,93.3447265625,completed,,Qwen/Qwen3-8B,identical,cbebd05ee623c36d8b6a276564705c1f3bf1f823c488e69089f6b38ae3020346,cec73259ef6b1952599c9ec97de94f12f18e6321,NVIDIA H100 NVL,590.48.01,2.6.0+cu124,12.4,4.57.1,0.7.0,always,MPK,MPK,split_two_mpk_launches,57.85647964477539,396.33331298828125,454.18979263305664,,,6.2910049680679565,,,,317.9142299444447,281.8205122091156,,[57.85647964477539],[396.33331298828125],,30,1.0,1.0,0,0,30,20,True,"[[30, 30]]",2.496814716390558,3.0182763674890487,,/data/home/hliu148/mirage/results/qwen3_3d_identical_b1_b64_repeat1/b2_in32_out64/summary.json
2,32,64,32,63,1,0,128,2,8,False,0.03515625,93.3447265625,completed,,Qwen/Qwen3-8B,identical,cbebd05ee623c36d8b6a276564705c1f3bf1f823c488e69089f6b38ae3020346,cec73259ef6b1952599c9ec97de94f12f18e6321,NVIDIA H100 NVL,590.48.01,2.6.0+cu124,12.4,4.57.1,0.7.0,always-continuous,MPK,MPK,continuous_one_mpk_launch,,,,456.6432189941406,280.3063632083463,,,,,,,,,,[456.6432189941406],30,1.0,1.0,0,0,30,20,True,"[[30, 30]]",,,3.002059946228385,/data/home/hliu148/mirage/results/qwen3_3d_identical_b1_b64_repeat1/b2_in32_out64/summary.json
2,32,64,32,63,1,0,128,2,8,False,0.03515625,93.3447265625,completed,,Qwen/Qwen3-8B,identical,cbebd05ee623c36d8b6a276564705c1f3bf1f823c488e69089f6b38ae3020346,cec73259ef6b1952599c9ec97de94f12f18e6321,NVIDIA H100 NVL,590.48.01,2.6.0+cu124,12.4,4.57.1,0.7.0,decode-only,NORMAL,MPK,one_prefill_phase_then_decode,346.10003662109375,390.5113525390625,736.6113891601562,,,6.198592897445437,,,,322.6538721109173,173.76869524911712,,[346.10003662109375],[390.5113525390625],,30,1.0,1.0,0,0,30,20,True,"[[30, 30]]",2.5340386189310076,1.8610495814110304,,/data/home/hliu148/mirage/results/qwen3_3d_identical_b1_b64_repeat1/b2_in32_out64/summary.json
2,32,64,32,63,1,0,128,2,8,False,0.03515625,93.3447265625,completed,,Qwen/Qwen3-8B,identical,cbebd05ee623c36d8b6a276564705c1f3bf1f823c488e69089f6b38ae3020346,cec73259ef6b1952599c9ec97de94f12f18e6321,NVIDIA H100 NVL,590.48.01,2.6.0+cu124,12.4,4.57.1,0.7.0,prefill-only,MPK,NORMAL,one_prefill_phase_then_decode,57.889854431152344,1337.4738969802856,1395.363751411438,,,21.22974439651247,15.711711883544922,15.951296424865722,147.65809898376554,94.20744605519373,91.73235285102216,,[57.889854431152344],[1337.4738969802856],,30,1.0,1.0,0,0,30,20,True,"[[30, 30]]",0.7398804946393298,0.9824465599543087,,/data/home/hliu148/mirage/results/qwen3_3d_identical_b1_b64_repeat1/b2_in32_out64/summary.json
2,32,128,32,127,1,0,256,2,8,False,0.0703125,93.3447265625,completed,,Qwen/Qwen3-8B,identical,cbebd05ee623c36d8b6a276564705c1f3bf1f823c488e69089f6b38ae3020346,cec73259ef6b1952599c9ec97de94f12f18e6321,NVIDIA H100 NVL,590.48.01,2.6.0+cu124,12.4,4.57.1,0.7.0,normal,NORMAL,NORMAL,one_prefill_phase_then_decode,387.6304016113281,2036.411584854126,2424.041986465454,,,16.034736888615164,15.961024284362793,16.16449890136719,18.226544837951646,124.72920596658005,105.60873179151443,,[387.6304016113281],[2036.411584854126],,,,,0,0,30,20,True,,1.0,1.0,,/data/home/hliu148/mirage/results/qwen3_3d_identical_b1_b64_repeat1/b2_in32_out128/summary.json
2,32,128,32,127,1,0,256,2,8,False,0.0703125,93.3447265625,completed,,Qwen/Qwen3-8B,identical,cbebd05ee623c36d8b6a276564705c1f3bf1f823c488e69089f6b38ae3020346,cec73259ef6b1952599c9ec97de94f12f18e6321,NVIDIA H100 NVL,590.48.01,2.6.0+cu124,12.4,4.57.1,0.7.0,always,MPK,MPK,split_two_mpk_launches,60.13302230834961,800.761474609375,860.8944969177246,,,6.305208461491142,,,,317.19807714763687,297.36512536270266,,[60.13302230834961],[800.761474609375],,30,1.0,1.0,0,0,30,20,True,"[[30, 30]]",2.543093854318506,2.8157248015224785,,/data/home/hliu148/mirage/results/qwen3_3d_identical_b1_b64_repeat1/b2_in32_out128/summary.json
2,32,128,32,127,1,0,256,2,8,False,0.0703125,93.3447265625,completed,,Qwen/Qwen3-8B,identical,cbebd05ee623c36d8b6a276564705c1f3bf1f823c488e69089f6b38ae3020346,cec73259ef6b1952599c9ec97de94f12f18e6321,NVIDIA H100 NVL,590.48.01,2.6.0+cu124,12.4,4.57.1,0.7.0,always-continuous,MPK,MPK,continuous_one_mpk_launch,,,,849.2413940429688,301.4455039470759,,,,,,,,,,[849.2413940429688],30,1.0,1.0,0,0,30,20,True,"[[30, 30]]",,,2.8543615554646475,/data/home/hliu148/mirage/results/qwen3_3d_identical_b1_b64_repeat1/b2_in32_out128/summary.json
2,32,128,32,127,1,0,256,2,8,False,0.0703125,93.3447265625,completed,,Qwen/Qwen3-8B,identical,cbebd05ee623c36d8b6a276564705c1f3bf1f823c488e69089f6b38ae3020346,cec73259ef6b1952599c9ec97de94f12f18e6321,NVIDIA H100 NVL,590.48.01,2.6.0+cu124,12.4,4.57.1,0.7.0,decode-only,NORMAL,MPK,one_prefill_phase_then_decode,358.2547912597656,789.9231567382812,1148.1779479980469,,,6.219867375891979,,,,321.5502645204206,222.96195502305142,,[358.2547912597656],[789.9231567382812],,30,1.0,1.0,0,0,30,20,True,"[[30, 30]]",2.5779869440247762,2.111207579532417,,/data/home/hliu148/mirage/results/qwen3_3d_identical_b1_b64_repeat1/b2_in32_out128/summary.json
2,32,128,32,127,1,0,256,2,8,False,0.0703125,93.3447265625,completed,,Qwen/Qwen3-8B,identical,cbebd05ee623c36d8b6a276564705c1f3bf1f823c488e69089f6b38ae3020346,cec73259ef6b1952599c9ec97de94f12f18e6321,NVIDIA H100 NVL,590.48.01,2.6.0+cu124,12.4,4.57.1,0.7.0,prefill-only,MPK,NORMAL,one_prefill_phase_then_decode,57.7606086730957,2372.9005937576294,2430.661202430725,,,18.68425664376086,15.943840026855469,16.167033767700197,19.033023452758776,107.0419893139206,105.32113638214707,,[57.7606086730957],[2372.9005937576294],,30,1.0,1.0,0,0,30,20,True,"[[30, 30]]",0.8581950673413364,0.997276783799136,,/data/home/hliu148/mirage/results/qwen3_3d_identical_b1_b64_repeat1/b2_in32_out128/summary.json
2,32,256,32,255,1,0,512,2,8,False,0.140625,93.3447265625,completed,,Qwen/Qwen3-8B,identical,cbebd05ee623c36d8b6a276564705c1f3bf1f823c488e69089f6b38ae3020346,cec73259ef6b1952599c9ec97de94f12f18e6321,NVIDIA H100 NVL,590.48.01,2.6.0+cu124,12.4,4.57.1,0.7.0,normal,NORMAL,NORMAL,one_prefill_phase_then_decode,381.41064453125,4054.132823944092,4435.543468475342,,,15.8985600938984,15.874431610107422,16.096242904663086,16.764531593322758,125.79755576529011,115.4311762783813,,[381.41064453125],[4054.132823944092],,,,,0,0,30,20,True,,1.0,1.0,,/data/home/hliu148/mirage/results/qwen3_3d_identical_b1_b64_repeat1/b2_in32_out256/summary.json
2,32,256,32,255,1,0,512,2,8,False,0.140625,93.3447265625,completed,,Qwen/Qwen3-8B,identical,cbebd05ee623c36d8b6a276564705c1f3bf1f823c488e69089f6b38ae3020346,cec73259ef6b1952599c9ec97de94f12f18e6321,NVIDIA H100 NVL,590.48.01,2.6.0+cu124,12.4,4.57.1,0.7.0,always,MPK,MPK,split_two_mpk_launches,58.45676803588867,1611.0166015625,1669.4733695983887,,,6.317712162990196,,,,316.5702944993608,306.6835382484523,,[58.45676803588867],[1611.0166015625],,30,1.0,1.0,0,0,30,20,True,"[[30, 30]]",2.5165059255206006,2.6568518847008407,,/data/home/hliu148/mirage/results/qwen3_3d_identical_b1_b64_repeat1/b2_in32_out256/summary.json
2,32,256,32,255,1,0,512,2,8,False,0.140625,93.3447265625,completed,,Qwen/Qwen3-8B,identical,cbebd05ee623c36d8b6a276564705c1f3bf1f823c488e69089f6b38ae3020346,cec73259ef6b1952599c9ec97de94f12f18e6321,NVIDIA H100 NVL,590.48.01,2.6.0+cu124,12.4,4.57.1,0.7.0,always-continuous,MPK,MPK,continuous_one_mpk_launch,,,,1675.5362548828125,305.5738116724961,,,,,,,,,,[1675.5362548828125],30,1.0,1.0,0,0,30,20,True,"[[30, 30]]",,,2.6472381337911215,/data/home/hliu148/mirage/results/qwen3_3d_identical_b1_b64_repeat1/b2_in32_out256/summary.json
2,32,256,32,255,1,0,512,2,8,False,0.140625,93.3447265625,completed,,Qwen/Qwen3-8B,identical,cbebd05ee623c36d8b6a276564705c1f3bf1f823c488e69089f6b38ae3020346,cec73259ef6b1952599c9ec97de94f12f18e6321,NVIDIA H100 NVL,590.48.01,2.6.0+cu124,12.4,4.57.1,0.7.0,decode-only,NORMAL,MPK,one_prefill_phase_then_decode,349.17999267578125,1597.6123046875,1946.7922973632812,,,6.265146292892157,,,,319.2263845888182,262.9967257901361,,[349.17999267578125],[1597.6123046875],,30,1.0,1.0,0,0,30,20,True,"[[30, 30]]",2.5376199294716235,2.2783855650563254,,/data/home/hliu148/mirage/results/qwen3_3d_identical_b1_b64_repeat1/b2_in32_out256/summary.json
2,32,256,32,255,1,0,512,2,8,False,0.140625,93.3447265625,completed,,Qwen/Qwen3-8B,identical,cbebd05ee623c36d8b6a276564705c1f3bf1f823c488e69089f6b38ae3020346,cec73259ef6b1952599c9ec97de94f12f18e6321,NVIDIA H100 NVL,590.48.01,2.6.0+cu124,12.4,4.57.1,0.7.0,prefill-only,MPK,NORMAL,one_prefill_phase_then_decode,57.45929718017578,4400.261293411255,4457.720590591431,,,17.255926640828452,15.93177604675293,16.06574058532715,17.076388473510743,115.90220807197294,114.85690715578701,,[57.45929718017578],[4400.261293411255],,30,1.0,1.0,0,0,30,20,True,"[[30, 30]]",0.9213391100238889,0.9950250084846286,,/data/home/hliu148/mirage/results/qwen3_3d_identical_b1_b64_repeat1/b2_in32_out256/summary.json
2,32,512,32,511,1,0,1024,2,8,False,0.28125,93.3447265625,completed,,Qwen/Qwen3-8B,identical,cbebd05ee623c36d8b6a276564705c1f3bf1f823c488e69089f6b38ae3020346,cec73259ef6b1952599c9ec97de94f12f18e6321,NVIDIA H100 NVL,590.48.01,2.6.0+cu124,12.4,4.57.1,0.7.0,normal,NORMAL,NORMAL,one_prefill_phase_then_decode,381.3768615722656,8123.078414916992,8504.455276489258,,,15.89643525424069,15.879039764404297,16.013023376464844,16.766550064086907,125.81437083301178,120.40747663531951,,[381.3768615722656],[8123.078414916992],,,,,0,0,30,20,True,,1.0,1.0,,/data/home/hliu148/mirage/results/qwen3_3d_identical_b1_b64_repeat1/b2_in32_out512/summary.json
2,32,512,32,511,1,0,1024,2,8,False,0.28125,93.3447265625,completed,,Qwen/Qwen3-8B,identical,cbebd05ee623c36d8b6a276564705c1f3bf1f823c488e69089f6b38ae3020346,cec73259ef6b1952599c9ec97de94f12f18e6321,NVIDIA H100 NVL,590.48.01,2.6.0+cu124,12.4,4.57.1,0.7.0,always,MPK,MPK,split_two_mpk_launches,58.04115295410156,3306.9931640625,3365.0343170166016,,,6.471610888576321,,,,309.0420660998635,304.30596051331383,,[58.04115295410156],[3306.9931640625],,30,1.0,1.0,0,0,30,20,True,"[[30, 30]]",2.4563335972966263,2.527301202690023,,/data/home/hliu148/mirage/results/qwen3_3d_identical_b1_b64_repeat1/b2_in32_out512/summary.json
2,32,512,32,511,1,0,1024,2,8,False,0.28125,93.3447265625,completed,,Qwen/Qwen3-8B,identical,cbebd05ee623c36d8b6a276564705c1f3bf1f823c488e69089f6b38ae3020346,cec73259ef6b1952599c9ec97de94f12f18e6321,NVIDIA H100 NVL,590.48.01,2.6.0+cu124,12.4,4.57.1,0.7.0,always-continuous,MPK,MPK,continuous_one_mpk_launch,,,,3372.35888671875,303.64502545467076,,,,,,,,,,[3372.35888671875],30,1.0,1.0,0,0,30,20,True,"[[30, 30]]",,,2.5218120497145406,/data/home/hliu148/mirage/results/qwen3_3d_identical_b1_b64_repeat1/b2_in32_out512/summary.json
2,32,512,32,511,1,0,1024,2,8,False,0.28125,93.3447265625,completed,,Qwen/Qwen3-8B,identical,cbebd05ee623c36d8b6a276564705c1f3bf1f823c488e69089f6b38ae3020346,cec73259ef6b1952599c9ec97de94f12f18e6321,NVIDIA H100 NVL,590.48.01,2.6.0+cu124,12.4,4.57.1,0.7.0,decode-only,NORMAL,MPK,one_prefill_phase_then_decode,347.77667236328125,3268.740234375,3616.5169067382812,,,6.396751926369863,,,,312.6586778760692,283.1453651141757,,[347.77667236328125],[3268.740234375],,30,1.0,1.0,0,0,30,20,True,"[[30, 30]]",2.485079214766715,2.3515596624596964,,/data/home/hliu148/mirage/results/qwen3_3d_identical_b1_b64_repeat1/b2_in32_out512/summary.json
2,32,512,32,511,1,0,1024,2,8,False,0.28125,93.3447265625,completed,,Qwen/Qwen3-8B,identical,cbebd05ee623c36d8b6a276564705c1f3bf1f823c488e69089f6b38ae3020346,cec73259ef6b1952599c9ec97de94f12f18e6321,NVIDIA H100 NVL,590.48.01,2.6.0+cu124,12.4,4.57.1,0.7.0,prefill-only,MPK,NORMAL,one_prefill_phase_then_decode,58.11721420288086,8517.115270614624,8575.232484817505,,,16.667544560889674,16.018943786621094,16.12678337097168,17.15697193145752,119.99367949451846,119.41367208562538,,[58.11721420288086],[8517.115270614624],,30,1.0,1.0,0,0,30,20,True,"[[30, 30]]",0.9537358785013607,0.9917463219272995,,/data/home/hliu148/mirage/results/qwen3_3d_identical_b1_b64_repeat1/b2_in32_out512/summary.json
2,64,16,64,15,1,0,128,2,8,False,0.03515625,93.3447265625,completed,,Qwen/Qwen3-8B,identical,63ecba8baadba6d3b14d31c97174874cd44720203871568ebbd8d9b5c90a7e77,cec73259ef6b1952599c9ec97de94f12f18e6321,NVIDIA H100 NVL,590.48.01,2.6.0+cu124,12.4,4.57.1,0.7.0,normal,NORMAL,NORMAL,one_prefill_phase_then_decode,382.96331787109375,243.7163209915161,626.6796388626099,,,16.247754732767742,15.81164836883545,16.08033981323242,21.637428474426265,123.09393100121643,51.06277277187159,,[382.96331787109375],[243.7163209915161],,,,,0,0,16,11,True,,1.0,1.0,,/data/home/hliu148/mirage/results/qwen3_3d_identical_b1_b64_repeat1/b2_in64_out16/summary.json
2,64,16,64,15,1,0,128,2,8,False,0.03515625,93.3447265625,completed,,Qwen/Qwen3-8B,identical,63ecba8baadba6d3b14d31c97174874cd44720203871568ebbd8d9b5c90a7e77,cec73259ef6b1952599c9ec97de94f12f18e6321,NVIDIA H100 NVL,590.48.01,2.6.0+cu124,12.4,4.57.1,0.7.0,always,MPK,MPK,split_two_mpk_launches,115.6895980834961,94.78755187988281,210.4771499633789,,,6.319170125325521,,,,316.49725523048386,152.03550601843338,,[115.6895980834961],[94.78755187988281],,16,1.0,1.0,0,0,16,11,True,"[[16, 16]]",2.571184888289547,2.977423625185187,,/data/home/hliu148/mirage/results/qwen3_3d_identical_b1_b64_repeat1/b2_in64_out16/summary.json
2,64,16,64,15,1,0,128,2,8,False,0.03515625,93.3447265625,completed,,Qwen/Qwen3-8B,identical,63ecba8baadba6d3b14d31c97174874cd44720203871568ebbd8d9b5c90a7e77,cec73259ef6b1952599c9ec97de94f12f18e6321,NVIDIA H100 NVL,590.48.01,2.6.0+cu124,12.4,4.57.1,0.7.0,always-continuous,MPK,MPK,continuous_one_mpk_launch,,,,219.34095764160156,145.89158515614452,,,,,,,,,,[219.34095764160156],16,1.0,1.0,0,0,16,11,True,"[[16, 16]]",,,2.857102684335823,/data/home/hliu148/mirage/results/qwen3_3d_identical_b1_b64_repeat1/b2_in64_out16/summary.json
2,64,16,64,15,1,0,128,2,8,False,0.03515625,93.3447265625,completed,,Qwen/Qwen3-8B,identical,63ecba8baadba6d3b14d31c97174874cd44720203871568ebbd8d9b5c90a7e77,cec73259ef6b1952599c9ec97de94f12f18e6321,NVIDIA H100 NVL,590.48.01,2.6.0+cu124,12.4,4.57.1,0.7.0,decode-only,NORMAL,MPK,one_prefill_phase_then_decode,347.43341064453125,92.82115173339844,440.2545623779297,,,6.188076782226562,,,,323.2021951867847,72.68522063044539,,[347.43341064453125],[92.82115173339844],,16,1.0,1.0,0,0,16,11,True,"[[16, 16]]",2.625654998243502,1.4234483692292699,,/data/home/hliu148/mirage/results/qwen3_3d_identical_b1_b64_repeat1/b2_in64_out16/summary.json
2,64,16,64,15,1,0,128,2,8,False,0.03515625,93.3447265625,completed,,Qwen/Qwen3-8B,identical,63ecba8baadba6d3b14d31c97174874cd44720203871568ebbd8d9b5c90a7e77,cec73259ef6b1952599c9ec97de94f12f18e6321,NVIDIA H100 NVL,590.48.01,2.6.0+cu124,12.4,4.57.1,0.7.0,prefill-only,MPK,NORMAL,one_prefill_phase_then_decode,116.4267807006836,589.4110345840454,705.837815284729,,,39.29406897226969,15.81824016571045,16.52497329711914,317.9585500335691,50.89826664200708,45.33619382108547,,[116.4267807006836],[589.4110345840454],,16,1.0,1.0,0,0,16,11,True,"[[16, 16]]",0.4134912763611725,0.8878521741000978,,/data/home/hliu148/mirage/results/qwen3_3d_identical_b1_b64_repeat1/b2_in64_out16/summary.json
2,64,32,64,31,1,0,128,2,8,False,0.03515625,93.3447265625,completed,,Qwen/Qwen3-8B,identical,63ecba8baadba6d3b14d31c97174874cd44720203871568ebbd8d9b5c90a7e77,cec73259ef6b1952599c9ec97de94f12f18e6321,NVIDIA H100 NVL,590.48.01,2.6.0+cu124,12.4,4.57.1,0.7.0,normal,NORMAL,NORMAL,one_prefill_phase_then_decode,376.5126037597656,487.7362232208252,864.2488269805908,,,15.73342655551049,15.603967666625977,15.765631675720215,18.647055530548094,127.11789087670277,74.05274731305745,,[376.5126037597656],[487.7362232208252],,,,,0,0,30,20,True,,1.0,1.0,,/data/home/hliu148/mirage/results/qwen3_3d_identical_b1_b64_repeat1/b2_in64_out32/summary.json
2,64,32,64,31,1,0,128,2,8,False,0.03515625,93.3447265625,completed,,Qwen/Qwen3-8B,identical,63ecba8baadba6d3b14d31c97174874cd44720203871568ebbd8d9b5c90a7e77,cec73259ef6b1952599c9ec97de94f12f18e6321,NVIDIA H100 NVL,590.48.01,2.6.0+cu124,12.4,4.57.1,0.7.0,always,MPK,MPK,split_two_mpk_launches,115.34194946289062,195.676513671875,311.0184631347656,,,6.312145602318548,,,,316.8494717969385,205.77556507398896,,[115.34194946289062],[195.676513671875],,30,1.0,1.0,0,0,30,20,True,"[[30, 30]]",2.4925639468347116,2.778770167757237,,/data/home/hliu148/mirage/results/qwen3_3d_identical_b1_b64_repeat1/b2_in64_out32/summary.json
2,64,32,64,31,1,0,128,2,8,False,0.03515625,93.3447265625,completed,,Qwen/Qwen3-8B,identical,63ecba8baadba6d3b14d31c97174874cd44720203871568ebbd8d9b5c90a7e77,cec73259ef6b1952599c9ec97de94f12f18e6321,NVIDIA H100 NVL,590.48.01,2.6.0+cu124,12.4,4.57.1,0.7.0,always-continuous,MPK,MPK,continuous_one_mpk_launch,,,,321.3172607421875,199.180087158004,,,,,,,,,,[321.3172607421875],30,1.0,1.0,0,0,30,20,True,"[[30, 30]]",,,2.689705573190575,/data/home/hliu148/mirage/results/qwen3_3d_identical_b1_b64_repeat1/b2_in64_out32/summary.json
2,64,32,64,31,1,0,128,2,8,False,0.03515625,93.3447265625,completed,,Qwen/Qwen3-8B,identical,63ecba8baadba6d3b14d31c97174874cd44720203871568ebbd8d9b5c90a7e77,cec73259ef6b1952599c9ec97de94f12f18e6321,NVIDIA H100 NVL,590.48.01,2.6.0+cu124,12.4,4.57.1,0.7.0,decode-only,NORMAL,MPK,one_prefill_phase_then_decode,349.66796875,191.64381408691406,541.3117828369141,,,6.1820585189327115,,,,323.51683405696485,118.23130777717037,,[349.66796875],[191.64381408691406],,30,1.0,1.0,0,0,30,20,True,"[[30, 30]]",2.5450141740532657,1.596582329043761,,/data/home/hliu148/mirage/results/qwen3_3d_identical_b1_b64_repeat1/b2_in64_out32/summary.json
2,64,32,64,31,1,0,128,2,8,False,0.03515625,93.3447265625,completed,,Qwen/Qwen3-8B,identical,63ecba8baadba6d3b14d31c97174874cd44720203871568ebbd8d9b5c90a7e77,cec73259ef6b1952599c9ec97de94f12f18e6321,NVIDIA H100 NVL,590.48.01,2.6.0+cu124,12.4,4.57.1,0.7.0,prefill-only,MPK,NORMAL,one_prefill_phase_then_decode,117.23004913330078,827.3311223983765,944.5611715316772,,,26.688100722528272,15.892416000366211,16.048831939697266,249.79988212585425,74.9397651332954,67.756331647869,,[117.23004913330078],[827.3311223983765],,30,1.0,1.0,0,0,30,20,True,"[[30, 30]]",0.5895296454059544,0.9149739085496666,,/data/home/hliu148/mirage/results/qwen3_3d_identical_b1_b64_repeat1/b2_in64_out32/summary.json
2,64,64,64,63,1,0,128,2,8,False,0.03515625,93.3447265625,completed,,Qwen/Qwen3-8B,identical,63ecba8baadba6d3b14d31c97174874cd44720203871568ebbd8d9b5c90a7e77,cec73259ef6b1952599c9ec97de94f12f18e6321,NVIDIA H100 NVL,590.48.01,2.6.0+cu124,12.4,4.57.1,0.7.0,normal,NORMAL,NORMAL,one_prefill_phase_then_decode,379.95635986328125,1002.6835536956787,1382.63991355896,,,15.915611963423471,15.814208030700684,16.00680274963379,18.848852691650396,125.6627771898629,92.5765260678204,,[379.95635986328125],[1002.6835536956787],,,,,0,0,30,20,True,,1.0,1.0,,/data/home/hliu148/mirage/results/qwen3_3d_identical_b1_b64_repeat1/b2_in64_out64/summary.json
2,64,64,64,63,1,0,128,2,8,False,0.03515625,93.3447265625,completed,,Qwen/Qwen3-8B,identical,63ecba8baadba6d3b14d31c97174874cd44720203871568ebbd8d9b5c90a7e77,cec73259ef6b1952599c9ec97de94f12f18e6321,NVIDIA H100 NVL,590.48.01,2.6.0+cu124,12.4,4.57.1,0.7.0,always,MPK,MPK,split_two_mpk_launches,116.10896301269531,397.7102966308594,513.8192596435547,,,6.312861851283482,,,,316.8135224744979,249.11483483276945,,[116.10896301269531],[397.7102966308594],,30,1.0,1.0,0,0,30,20,True,"[[30, 30]]",2.521140544234725,2.6909071382768355,,/data/home/hliu148/mirage/results/qwen3_3d_identical_b1_b64_repeat1/b2_in64_out64/summary.json
2,64,64,64,63,1,0,128,2,8,False,0.03515625,93.3447265625,completed,,Qwen/Qwen3-8B,identical,63ecba8baadba6d3b14d31c97174874cd44720203871568ebbd8d9b5c90a7e77,cec73259ef6b1952599c9ec97de94f12f18e6321,NVIDIA H100 NVL,590.48.01,2.6.0+cu124,12.4,4.57.1,0.7.0,always-continuous,MPK,MPK,continuous_one_mpk_launch,,,,521.485107421875,245.45283878346612,,,,,,,,,,[521.485107421875],30,1.0,1.0,0,0,30,20,True,"[[30, 30]]",,,2.6513507171747888,/data/home/hliu148/mirage/results/qwen3_3d_identical_b1_b64_repeat1/b2_in64_out64/summary.json
2,64,64,64,63,1,0,128,2,8,False,0.03515625,93.3447265625,completed,,Qwen/Qwen3-8B,identical,63ecba8baadba6d3b14d31c97174874cd44720203871568ebbd8d9b5c90a7e77,cec73259ef6b1952599c9ec97de94f12f18e6321,NVIDIA H100 NVL,590.48.01,2.6.0+cu124,12.4,4.57.1,0.7.0,decode-only,NORMAL,MPK,one_prefill_phase_then_decode,346.56591796875,394.602294921875,741.168212890625,,,6.263528490823413,,,,319.30883733189137,172.7003368112457,,[346.56591796875],[394.602294921875],,30,1.0,1.0,0,0,30,20,True,"[[30, 30]]",2.540997775733145,1.8654873340648752,,/data/home/hliu148/mirage/results/qwen3_3d_identical_b1_b64_repeat1/b2_in64_out64/summary.json
2,64,64,64,63,1,0,128,2,8,False,0.03515625,93.3447265625,completed,,Qwen/Qwen3-8B,identical,63ecba8baadba6d3b14d31c97174874cd44720203871568ebbd8d9b5c90a7e77,cec73259ef6b1952599c9ec97de94f12f18e6321,NVIDIA H100 NVL,590.48.01,2.6.0+cu124,12.4,4.57.1,0.7.0,prefill-only,MPK,NORMAL,one_prefill_phase_then_decode,116.12982177734375,1322.8232774734497,1438.9530992507935,,,20.997194880530948,15.639488220214844,15.756390190124511,143.8599696350106,95.25081856788609,88.95355940832582,,[116.12982177734375],[1322.8232774734497],,30,1.0,1.0,0,0,30,20,True,"[[30, 30]]",0.7579875337624632,0.960865169461636,,/data/home/hliu148/mirage/results/qwen3_3d_identical_b1_b64_repeat1/b2_in64_out64/summary.json
2,64,128,64,127,1,0,256,2,8,False,0.0703125,93.3447265625,completed,,Qwen/Qwen3-8B,identical,63ecba8baadba6d3b14d31c97174874cd44720203871568ebbd8d9b5c90a7e77,cec73259ef6b1952599c9ec97de94f12f18e6321,NVIDIA H100 NVL,590.48.01,2.6.0+cu124,12.4,4.57.1,0.7.0,normal,NORMAL,NORMAL,one_prefill_phase_then_decode,379.08013916015625,1997.8105955123901,2376.8907346725464,,,15.730792090648741,15.658080101013184,15.838912200927734,18.29657264709472,127.13917954512357,107.70373087228512,,[379.08013916015625],[1997.8105955123901],,,,,0,0,30,20,True,,1.0,1.0,,/data/home/hliu148/mirage/results/qwen3_3d_identical_b1_b64_repeat1/b2_in64_out128/summary.json
2,64,128,64,127,1,0,256,2,8,False,0.0703125,93.3447265625,completed,,Qwen/Qwen3-8B,identical,63ecba8baadba6d3b14d31c97174874cd44720203871568ebbd8d9b5c90a7e77,cec73259ef6b1952599c9ec97de94f12f18e6321,NVIDIA H100 NVL,590.48.01,2.6.0+cu124,12.4,4.57.1,0.7.0,always,MPK,MPK,split_two_mpk_launches,115.5140151977539,803.8975219726562,919.4115371704102,,,6.329901747816191,,,,315.9606704306268,278.43896846005225,,[115.5140151977539],[803.8975219726562],,30,1.0,1.0,0,0,30,20,True,"[[30, 30]]",2.4851558076830886,2.5852304855643733,,/data/home/hliu148/mirage/results/qwen3_3d_identical_b1_b64_repeat1/b2_in64_out128/summary.json
2,64,128,64,127,1,0,256,2,8,False,0.0703125,93.3447265625,completed,,Qwen/Qwen3-8B,identical,63ecba8baadba6d3b14d31c97174874cd44720203871568ebbd8d9b5c90a7e77,cec73259ef6b1952599c9ec97de94f12f18e6321,NVIDIA H100 NVL,590.48.01,2.6.0+cu124,12.4,4.57.1,0.7.0,always-continuous,MPK,MPK,continuous_one_mpk_launch,,,,922.8182983398438,277.411057475286,,,,,,,,,,[922.8182983398438],30,1.0,1.0,0,0,30,20,True,"[[30, 30]]",,,2.5756866101903144,/data/home/hliu148/mirage/results/qwen3_3d_identical_b1_b64_repeat1/b2_in64_out128/summary.json
2,64,128,64,127,1,0,256,2,8,False,0.0703125,93.3447265625,completed,,Qwen/Qwen3-8B,identical,63ecba8baadba6d3b14d31c97174874cd44720203871568ebbd8d9b5c90a7e77,cec73259ef6b1952599c9ec97de94f12f18e6321,NVIDIA H100 NVL,590.48.01,2.6.0+cu124,12.4,4.57.1,0.7.0,decode-only,NORMAL,MPK,one_prefill_phase_then_decode,347.9072570800781,786.8704223632812,1134.7776794433594,,,6.195830097348671,,,,322.79774761025857,225.59484966744787,,[347.9072570800781],[786.8704223632812],,30,1.0,1.0,0,0,30,20,True,"[[30, 30]]",2.5389321274933416,2.0945871404859484,,/data/home/hliu148/mirage/results/qwen3_3d_identical_b1_b64_repeat1/b2_in64_out128/summary.json
2,64,128,64,127,1,0,256,2,8,False,0.0703125,93.3447265625,completed,,Qwen/Qwen3-8B,identical,63ecba8baadba6d3b14d31c97174874cd44720203871568ebbd8d9b5c90a7e77,cec73259ef6b1952599c9ec97de94f12f18e6321,NVIDIA H100 NVL,590.48.01,2.6.0+cu124,12.4,4.57.1,0.7.0,prefill-only,MPK,NORMAL,one_prefill_phase_then_decode,117.04115295410156,2320.9263134002686,2437.96746635437,,,18.275010341734397,15.631967544555664,15.76366729736328,18.69605175018309,109.4390625559662,105.0055029580896,,[117.04115295410156],[2320.9263134002686],,30,1.0,1.0,0,0,30,20,True,"[[30, 30]]",0.860781569831703,0.9749476838699759,,/data/home/hliu148/mirage/results/qwen3_3d_identical_b1_b64_repeat1/b2_in64_out128/summary.json
2,64,256,64,255,1,0,512,2,8,False,0.140625,93.3447265625,completed,,Qwen/Qwen3-8B,identical,63ecba8baadba6d3b14d31c97174874cd44720203871568ebbd8d9b5c90a7e77,cec73259ef6b1952599c9ec97de94f12f18e6321,NVIDIA H100 NVL,590.48.01,2.6.0+cu124,12.4,4.57.1,0.7.0,normal,NORMAL,NORMAL,one_prefill_phase_then_decode,408.600341796875,4004.3291816711426,4412.929523468018,,,15.70325169282801,15.661248207092285,15.840275382995605,17.08656631469727,127.36215652159737,116.02270040279983,,[408.600341796875],[4004.3291816711426],,,,,0,0,30,20,True,,1.0,1.0,,/data/home/hliu148/mirage/results/qwen3_3d_identical_b1_b64_repeat1/b2_in64_out256/summary.json
2,64,256,64,255,1,0,512,2,8,False,0.140625,93.3447265625,completed,,Qwen/Qwen3-8B,identical,63ecba8baadba6d3b14d31c97174874cd44720203871568ebbd8d9b5c90a7e77,cec73259ef6b1952599c9ec97de94f12f18e6321,NVIDIA H100 NVL,590.48.01,2.6.0+cu124,12.4,4.57.1,0.7.0,always,MPK,MPK,split_two_mpk_launches,116.25663757324219,1625.206298828125,1741.4629364013672,,,6.373358034620098,,,,313.8063151538003,294.00568297940265,,[116.25663757324219],[1625.206298828125],,30,1.0,1.0,0,0,30,20,True,"[[30, 30]]",2.4638897748295174,2.534035856420282,,/data/home/hliu148/mirage/results/qwen3_3d_identical_b1_b64_repeat1/b2_in64_out256/summary.json
2,64,256,64,255,1,0,512,2,8,False,0.140625,93.3447265625,completed,,Qwen/Qwen3-8B,identical,63ecba8baadba6d3b14d31c97174874cd44720203871568ebbd8d9b5c90a7e77,cec73259ef6b1952599c9ec97de94f12f18e6321,NVIDIA H100 NVL,590.48.01,2.6.0+cu124,12.4,4.57.1,0.7.0,always-continuous,MPK,MPK,continuous_one_mpk_launch,,,,1718.93310546875,297.85917693427547,,,,,,,,,,[1718.93310546875],30,1.0,1.0,0,0,30,20,True,"[[30, 30]]",,,2.5672491322834925,/data/home/hliu148/mirage/results/qwen3_3d_identical_b1_b64_repeat1/b2_in64_out256/summary.json
2,64,256,64,255,1,0,512,2,8,False,0.140625,93.3447265625,completed,,Qwen/Qwen3-8B,identical,63ecba8baadba6d3b14d31c97174874cd44720203871568ebbd8d9b5c90a7e77,cec73259ef6b1952599c9ec97de94f12f18e6321,NVIDIA H100 NVL,590.48.01,2.6.0+cu124,12.4,4.57.1,0.7.0,decode-only,NORMAL,MPK,one_prefill_phase_then_decode,345.8671569824219,1620.5054931640625,1966.3726501464844,,,6.354923502604167,,,,314.71661290343235,260.37790952892817,,[345.8671569824219],[1620.5054931640625],,30,1.0,1.0,0,0,30,20,True,"[[30, 30]]",2.471037092168461,2.2441979769904132,,/data/home/hliu148/mirage/results/qwen3_3d_identical_b1_b64_repeat1/b2_in64_out256/summary.json
2,64,256,64,255,1,0,512,2,8,False,0.140625,93.3447265625,completed,,Qwen/Qwen3-8B,identical,63ecba8baadba6d3b14d31c97174874cd44720203871568ebbd8d9b5c90a7e77,cec73259ef6b1952599c9ec97de94f12f18e6321,NVIDIA H100 NVL,590.48.01,2.6.0+cu124,12.4,4.57.1,0.7.0,prefill-only,MPK,NORMAL,one_prefill_phase_then_decode,117.0758056640625,4399.93532371521,4517.0111293792725,,,17.25464832829494,15.896672248840332,16.01702423095703,16.99143165588379,115.91079469990187,113.34928901766045,,[117.0758056640625],[4399.93532371521],,30,1.0,1.0,0,0,30,20,True,"[[30, 30]]",0.910088191544137,0.9769578593166854,,/data/home/hliu148/mirage/results/qwen3_3d_identical_b1_b64_repeat1/b2_in64_out256/summary.json
2,64,512,64,511,1,0,1024,2,8,False,0.28125,93.3447265625,completed,,Qwen/Qwen3-8B,identical,63ecba8baadba6d3b14d31c97174874cd44720203871568ebbd8d9b5c90a7e77,cec73259ef6b1952599c9ec97de94f12f18e6321,NVIDIA H100 NVL,590.48.01,2.6.0+cu124,12.4,4.57.1,0.7.0,normal,NORMAL,NORMAL,one_prefill_phase_then_decode,361.59295654296875,7900.461853981018,8262.054810523987,,,15.460786407007863,15.446016311645508,15.568608283996582,16.271359920501702,129.35952592252787,123.94011217350626,,[361.59295654296875],[7900.461853981018],,,,,0,0,30,20,True,,1.0,1.0,,/data/home/hliu148/mirage/results/qwen3_3d_identical_b1_b64_repeat1/b2_in64_out512/summary.json
2,64,512,64,511,1,0,1024,2,8,False,0.28125,93.3447265625,completed,,Qwen/Qwen3-8B,identical,63ecba8baadba6d3b14d31c97174874cd44720203871568ebbd8d9b5c90a7e77,cec73259ef6b1952599c9ec97de94f12f18e6321,NVIDIA H100 NVL,590.48.01,2.6.0+cu124,12.4,4.57.1,0.7.0,always,MPK,MPK,split_two_mpk_launches,115.0322265625,3322.774169921875,3437.806396484375,,,6.502493483213063,,,,307.57431824625905,297.86435939126164,,[115.0322265625],[3322.774169921875],,30,1.0,1.0,0,0,30,20,True,"[[30, 30]]",2.3776704193432363,2.403292640031464,,/data/home/hliu148/mirage/results/qwen3_3d_identical_b1_b64_repeat1/b2_in64_out512/summary.json
2,64,512,64,511,1,0,1024,2,8,False,0.28125,93.3447265625,completed,,Qwen/Qwen3-8B,identical,63ecba8baadba6d3b14d31c97174874cd44720203871568ebbd8d9b5c90a7e77,cec73259ef6b1952599c9ec97de94f12f18e6321,NVIDIA H100 NVL,590.48.01,2.6.0+cu124,12.4,4.57.1,0.7.0,always-continuous,MPK,MPK,continuous_one_mpk_launch,,,,3383.699462890625,302.62734951206863,,,,,,,,,,[3383.699462890625],30,1.0,1.0,0,0,30,20,True,"[[30, 30]]",,,2.441722410969053,/data/home/hliu148/mirage/results/qwen3_3d_identical_b1_b64_repeat1/b2_in64_out512/summary.json
2,64,512,64,511,1,0,1024,2,8,False,0.28125,93.3447265625,completed,,Qwen/Qwen3-8B,identical,63ecba8baadba6d3b14d31c97174874cd44720203871568ebbd8d9b5c90a7e77,cec73259ef6b1952599c9ec97de94f12f18e6321,NVIDIA H100 NVL,590.48.01,2.6.0+cu124,12.4,4.57.1,0.7.0,decode-only,NORMAL,MPK,one_prefill_phase_then_decode,357.2217102050781,3245.244140625,3602.465850830078,,,6.350771312377691,,,,314.92237739721287,284.24974514721646,,[357.2217102050781],[3245.244140625],,30,1.0,1.0,0,0,30,20,True,"[[30, 30]]",2.4344738058627144,2.293444310824001,,/data/home/hliu148/mirage/results/qwen3_3d_identical_b1_b64_repeat1/b2_in64_out512/summary.json
2,64,512,64,511,1,0,1024,2,8,False,0.28125,93.3447265625,completed,,Qwen/Qwen3-8B,identical,63ecba8baadba6d3b14d31c97174874cd44720203871568ebbd8d9b5c90a7e77,cec73259ef6b1952599c9ec97de94f12f18e6321,NVIDIA H100 NVL,590.48.01,2.6.0+cu124,12.4,4.57.1,0.7.0,prefill-only,MPK,NORMAL,one_prefill_phase_then_decode,116.21868896484375,8623.423828125,8739.642517089844,,,16.87558479085127,16.054752349853516,16.15318489074707,17.158920860290525,118.51441148778774,117.16726376366422,,[116.21868896484375],[8623.423828125],,30,1.0,1.0,0,0,30,20,True,"[[30, 30]]",0.9161630010824626,0.9453538625141745,,/data/home/hliu148/mirage/results/qwen3_3d_identical_b1_b64_repeat1/b2_in64_out512/summary.json
2,128,16,128,15,1,0,256,2,8,False,0.0703125,93.3447265625,completed,,Qwen/Qwen3-8B,identical,9ee8afa39551e087887eff0bb9d0a8089df53186631dd2cf2830398ac2a814c9,cec73259ef6b1952599c9ec97de94f12f18e6321,NVIDIA H100 NVL,590.48.01,2.6.0+cu124,12.4,4.57.1,0.7.0,normal,NORMAL,NORMAL,one_prefill_phase_then_decode,353.9519348144531,256.5045413970947,610.4564762115479,,,17.100302759806315,15.927712440490723,16.13709411621094,30.877927169799797,116.95699357446071,52.419789529615386,,[353.9519348144531],[256.5045413970947],,,,,0,0,16,11,True,,1.0,1.0,,/data/home/hliu148/mirage/results/qwen3_3d_identical_b1_b64_repeat1/b2_in128_out16/summary.json
2,128,16,128,15,1,0,256,2,8,False,0.0703125,93.3447265625,completed,,Qwen/Qwen3-8B,identical,9ee8afa39551e087887eff0bb9d0a8089df53186631dd2cf2830398ac2a814c9,cec73259ef6b1952599c9ec97de94f12f18e6321,NVIDIA H100 NVL,590.48.01,2.6.0+cu124,12.4,4.57.1,0.7.0,always,MPK,MPK,split_two_mpk_launches,233.38812255859375,95.33331298828125,328.721435546875,,,6.35555419921875,,,,314.68538184220785,97.3468613227593,,[233.38812255859375],[95.33331298828125],,16,1.0,1.0,0,0,16,11,True,"[[16, 16]]",2.690607651793506,1.857063185417058,,/data/home/hliu148/mirage/results/qwen3_3d_identical_b1_b64_repeat1/b2_in128_out16/summary.json
2,128,16,128,15,1,0,256,2,8,False,0.0703125,93.3447265625,completed,,Qwen/Qwen3-8B,identical,9ee8afa39551e087887eff0bb9d0a8089df53186631dd2cf2830398ac2a814c9,cec73259ef6b1952599c9ec97de94f12f18e6321,NVIDIA H100 NVL,590.48.01,2.6.0+cu124,12.4,4.57.1,0.7.0,always-continuous,MPK,MPK,continuous_one_mpk_launch,,,,340.3299255371094,94.02640672722957,,,,,,,,,,[340.3299255371094],16,1.0,1.0,0,0,16,11,True,"[[16, 16]]",,,1.793719653798073,/data/home/hliu148/mirage/results/qwen3_3d_identical_b1_b64_repeat1/b2_in128_out16/summary.json
2,128,16,128,15,1,0,256,2,8,False,0.0703125,93.3447265625,completed,,Qwen/Qwen3-8B,identical,9ee8afa39551e087887eff0bb9d0a8089df53186631dd2cf2830398ac2a814c9,cec73259ef6b1952599c9ec97de94f12f18e6321,NVIDIA H100 NVL,590.48.01,2.6.0+cu124,12.4,4.57.1,0.7.0,decode-only,NORMAL,MPK,one_prefill_phase_then_decode,352.86126708984375,97.94505310058594,450.8063201904297,,,6.529670206705729,,,,306.2941828127972,70.98392051487333,,[352.86126708984375],[97.94505310058594],,16,1.0,1.0,0,0,16,11,True,"[[16, 16]]",2.618861629833148,1.354143562037193,,/data/home/hliu148/mirage/results/qwen3_3d_identical_b1_b64_repeat1/b2_in128_out16/summary.json
2,128,16,128,15,1,0,256,2,8,False,0.0703125,93.3447265625,completed,,Qwen/Qwen3-8B,identical,9ee8afa39551e087887eff0bb9d0a8089df53186631dd2cf2830398ac2a814c9,cec73259ef6b1952599c9ec97de94f12f18e6321,NVIDIA H100 NVL,590.48.01,2.6.0+cu124,12.4,4.57.1,0.7.0,prefill-only,MPK,NORMAL,one_prefill_phase_then_decode,241.30189514160156,587.1731882095337,828.4750833511353,,,39.14487921396891,16.037120819091797,16.762802505493163,313.18332630157454,51.0922511490672,38.625180941546,,[241.30189514160156],[587.1731882095337],,16,1.0,1.0,0,0,16,11,True,"[[16, 16]]",0.43684648166455564,0.7368434953315501,,/data/home/hliu148/mirage/results/qwen3_3d_identical_b1_b64_repeat1/b2_in128_out16/summary.json
2,128,32,128,31,1,0,256,2,8,False,0.0703125,93.3447265625,completed,,Qwen/Qwen3-8B,identical,9ee8afa39551e087887eff0bb9d0a8089df53186631dd2cf2830398ac2a814c9,cec73259ef6b1952599c9ec97de94f12f18e6321,NVIDIA H100 NVL,590.48.01,2.6.0+cu124,12.4,4.57.1,0.7.0,normal,NORMAL,NORMAL,one_prefill_phase_then_decode,364.09625244140625,510.6269464492798,874.723198890686,,,16.47183698223483,15.842720031738281,15.991328239440918,29.367853355407703,121.41936580340344,73.16600277798058,,[364.09625244140625],[510.6269464492798],,,,,0,0,30,20,True,,1.0,1.0,,/data/home/hliu148/mirage/results/qwen3_3d_identical_b1_b64_repeat1/b2_in128_out32/summary.json
2,128,32,128,31,1,0,256,2,8,False,0.0703125,93.3447265625,completed,,Qwen/Qwen3-8B,identical,9ee8afa39551e087887eff0bb9d0a8089df53186631dd2cf2830398ac2a814c9,cec73259ef6b1952599c9ec97de94f12f18e6321,NVIDIA H100 NVL,590.48.01,2.6.0+cu124,12.4,4.57.1,0.7.0,always,MPK,MPK,split_two_mpk_launches,235.17666625976562,196.98275756835938,432.159423828125,,,6.354282502205141,,,,314.7483605436075,148.09349622201822,,[235.17666625976562],[196.98275756835938],,27,0.9,1.0,0,0,30,20,True,"[[27, 27]]",2.592241842649988,2.024075261722336,,/data/home/hliu148/mirage/results/qwen3_3d_identical_b1_b64_repeat1/b2_in128_out32/summary.json
2,128,32,128,31,1,0,256,2,8,False,0.0703125,93.3447265625,completed,,Qwen/Qwen3-8B,identical,9ee8afa39551e087887eff0bb9d0a8089df53186631dd2cf2830398ac2a814c9,cec73259ef6b1952599c9ec97de94f12f18e6321,NVIDIA H100 NVL,590.48.01,2.6.0+cu124,12.4,4.57.1,0.7.0,always-continuous,MPK,MPK,continuous_one_mpk_launch,,,,447.511474609375,143.0130926941359,,,,,,,,,,[447.511474609375],27,0.9,1.0,0,0,30,20,True,"[[27, 27]]",,,1.954638592572887,/data/home/hliu148/mirage/results/qwen3_3d_identical_b1_b64_repeat1/b2_in128_out32/summary.json
2,128,32,128,31,1,0,256,2,8,False,0.0703125,93.3447265625,completed,,Qwen/Qwen3-8B,identical,9ee8afa39551e087887eff0bb9d0a8089df53186631dd2cf2830398ac2a814c9,cec73259ef6b1952599c9ec97de94f12f18e6321,NVIDIA H100 NVL,590.48.01,2.6.0+cu124,12.4,4.57.1,0.7.0,decode-only,NORMAL,MPK,one_prefill_phase_then_decode,458.4377746582031,192.33343505859375,650.7712097167969,,,6.204304356728831,,,,322.3568485693187,98.34485460389615,,[458.4377746582031],[192.33343505859375],,27,0.9,1.0,0,0,30,20,True,"[[27, 27]]",2.6549047298703887,1.3441332158368664,,/data/home/hliu148/mirage/results/qwen3_3d_identical_b1_b64_repeat1/b2_in128_out32/summary.json
2,128,32,128,31,1,0,256,2,8,False,0.0703125,93.3447265625,completed,,Qwen/Qwen3-8B,identical,9ee8afa39551e087887eff0bb9d0a8089df53186631dd2cf2830398ac2a814c9,cec73259ef6b1952599c9ec97de94f12f18e6321,NVIDIA H100 NVL,590.48.01,2.6.0+cu124,12.4,4.57.1,0.7.0,prefill-only,MPK,NORMAL,one_prefill_phase_then_decode,241.378173828125,836.5638694763184,1077.9420433044434,,,26.985931273429625,16.121376037597656,16.499967575073242,250.80392608642555,74.112691525647,59.372394274377946,,[241.378173828125],[836.5638694763184],,30,1.0,1.0,0,0,30,20,True,"[[30, 30]]",0.6103860865625571,0.8114751663356708,,/data/home/hliu148/mirage/results/qwen3_3d_identical_b1_b64_repeat1/b2_in128_out32/summary.json
2,128,64,128,63,1,0,256,2,8,False,0.0703125,93.3447265625,completed,,Qwen/Qwen3-8B,identical,9ee8afa39551e087887eff0bb9d0a8089df53186631dd2cf2830398ac2a814c9,cec73259ef6b1952599c9ec97de94f12f18e6321,NVIDIA H100 NVL,590.48.01,2.6.0+cu124,12.4,4.57.1,0.7.0,normal,NORMAL,NORMAL,one_prefill_phase_then_decode,363.51361083984375,1021.0318078994751,1384.5454187393188,,,16.206854093642463,15.878975868225098,16.014764404296876,24.221136741638226,123.40457860878438,92.44911598244921,,[363.51361083984375],[1021.0318078994751],,,,,0,0,30,20,True,,1.0,1.0,,/data/home/hliu148/mirage/results/qwen3_3d_identical_b1_b64_repeat1/b2_in128_out64/summary.json
2,128,64,128,63,1,0,256,2,8,False,0.0703125,93.3447265625,completed,,Qwen/Qwen3-8B,identical,9ee8afa39551e087887eff0bb9d0a8089df53186631dd2cf2830398ac2a814c9,cec73259ef6b1952599c9ec97de94f12f18e6321,NVIDIA H100 NVL,590.48.01,2.6.0+cu124,12.4,4.57.1,0.7.0,always,MPK,MPK,split_two_mpk_launches,234.79446411132812,398.9501953125,633.7446594238281,,,6.332542782738095,,,,315.82889664035247,201.97408861223664,,[234.79446411132812],[398.9501953125],,27,0.9,1.0,0,0,30,20,True,"[[27, 27]]",2.5592964232031394,2.1847054616571993,,/data/home/hliu148/mirage/results/qwen3_3d_identical_b1_b64_repeat1/b2_in128_out64/summary.json
2,128,64,128,63,1,0,256,2,8,False,0.0703125,93.3447265625,completed,,Qwen/Qwen3-8B,identical,9ee8afa39551e087887eff0bb9d0a8089df53186631dd2cf2830398ac2a814c9,cec73259ef6b1952599c9ec97de94f12f18e6321,NVIDIA H100 NVL,590.48.01,2.6.0+cu124,12.4,4.57.1,0.7.0,always-continuous,MPK,MPK,continuous_one_mpk_launch,,,,651.1544189453125,196.57395584802157,,,,,,,,,,[651.1544189453125],27,0.9,1.0,0,0,30,20,True,"[[27, 27]]",,,2.126293515725339,/data/home/hliu148/mirage/results/qwen3_3d_identical_b1_b64_repeat1/b2_in128_out64/summary.json
2,128,64,128,63,1,0,256,2,8,False,0.0703125,93.3447265625,completed,,Qwen/Qwen3-8B,identical,9ee8afa39551e087887eff0bb9d0a8089df53186631dd2cf2830398ac2a814c9,cec73259ef6b1952599c9ec97de94f12f18e6321,NVIDIA H100 NVL,590.48.01,2.6.0+cu124,12.4,4.57.1,0.7.0,decode-only,NORMAL,MPK,one_prefill_phase_then_decode,336.62640380859375,411.5666809082031,748.1930847167969,,,6.532804458860367,,,,306.1472316513964,171.0788332779767,,[336.62640380859375],[411.5666809082031],,27,0.9,1.0,0,0,30,20,True,"[[27, 27]]",2.48084175727337,1.8505188660803937,,/data/home/hliu148/mirage/results/qwen3_3d_identical_b1_b64_repeat1/b2_in128_out64/summary.json
2,128,64,128,63,1,0,256,2,8,False,0.0703125,93.3447265625,completed,,Qwen/Qwen3-8B,identical,9ee8afa39551e087887eff0bb9d0a8089df53186631dd2cf2830398ac2a814c9,cec73259ef6b1952599c9ec97de94f12f18e6321,NVIDIA H100 NVL,590.48.01,2.6.0+cu124,12.4,4.57.1,0.7.0,prefill-only,MPK,NORMAL,one_prefill_phase_then_decode,234.88064575195312,1348.1273345947266,1583.0079803466797,,,21.398846580868675,16.00704002380371,16.183603286743164,144.75356113433924,93.46298140144015,80.85872060605021,,[234.88064575195312],[1348.1273345947266],,30,1.0,1.0,0,0,30,20,True,"[[30, 30]]",0.7573704513649797,0.8746294623455421,,/data/home/hliu148/mirage/results/qwen3_3d_identical_b1_b64_repeat1/b2_in128_out64/summary.json
2,128,128,128,127,1,0,256,2,8,False,0.0703125,93.3447265625,completed,,Qwen/Qwen3-8B,identical,9ee8afa39551e087887eff0bb9d0a8089df53186631dd2cf2830398ac2a814c9,cec73259ef6b1952599c9ec97de94f12f18e6321,NVIDIA H100 NVL,590.48.01,2.6.0+cu124,12.4,4.57.1,0.7.0,normal,NORMAL,NORMAL,one_prefill_phase_then_decode,367.6856994628906,2050.2148237228394,2417.90052318573,,,16.143423808841256,15.964415550231934,16.080570220947266,17.64125946044921,123.88945639305224,105.87697779340589,,[367.6856994628906],[2050.2148237228394],,,,,0,0,30,20,True,,1.0,1.0,,/data/home/hliu148/mirage/results/qwen3_3d_identical_b1_b64_repeat1/b2_in128_out128/summary.json
2,128,128,128,127,1,0,256,2,8,False,0.0703125,93.3447265625,completed,,Qwen/Qwen3-8B,identical,9ee8afa39551e087887eff0bb9d0a8089df53186631dd2cf2830398ac2a814c9,cec73259ef6b1952599c9ec97de94f12f18e6321,NVIDIA H100 NVL,590.48.01,2.6.0+cu124,12.4,4.57.1,0.7.0,always,MPK,MPK,split_two_mpk_launches,241.43907165527344,811.0828857421875,1052.521957397461,,,6.386479415292815,,,,313.1615824535311,243.2253296007272,,[241.43907165527344],[811.0828857421875],,27,0.9,1.0,0,0,30,20,True,"[[27, 27]]",2.5277500730973688,2.297244733178203,,/data/home/hliu148/mirage/results/qwen3_3d_identical_b1_b64_repeat1/b2_in128_out128/summary.json
2,128,128,128,127,1,0,256,2,8,False,0.0703125,93.3447265625,completed,,Qwen/Qwen3-8B,identical,9ee8afa39551e087887eff0bb9d0a8089df53186631dd2cf2830398ac2a814c9,cec73259ef6b1952599c9ec97de94f12f18e6321,NVIDIA H100 NVL,590.48.01,2.6.0+cu124,12.4,4.57.1,0.7.0,always-continuous,MPK,MPK,continuous_one_mpk_launch,,,,1058.7525634765625,241.79398362860923,,,,,,,,,,[1058.7525634765625],27,0.9,1.0,0,0,30,20,True,"[[27, 27]]",,,2.283725779370219,/data/home/hliu148/mirage/results/qwen3_3d_identical_b1_b64_repeat1/b2_in128_out128/summary.json
2,128,128,128,127,1,0,256,2,8,False,0.0703125,93.3447265625,completed,,Qwen/Qwen3-8B,identical,9ee8afa39551e087887eff0bb9d0a8089df53186631dd2cf2830398ac2a814c9,cec73259ef6b1952599c9ec97de94f12f18e6321,NVIDIA H100 NVL,590.48.01,2.6.0+cu124,12.4,4.57.1,0.7.0,decode-only,NORMAL,MPK,one_prefill_phase_then_decode,341.7365417480469,802.19873046875,1143.9352722167969,,,6.316525436761811,,,,316.62977059509905,223.7888858028702,,[341.7365417480469],[802.19873046875],,27,0.9,1.0,0,0,30,20,True,"[[27, 27]]",2.555744288606433,2.1136690002574667,,/data/home/hliu148/mirage/results/qwen3_3d_identical_b1_b64_repeat1/b2_in128_out128/summary.json
2,128,128,128,127,1,0,256,2,8,False,0.0703125,93.3447265625,completed,,Qwen/Qwen3-8B,identical,9ee8afa39551e087887eff0bb9d0a8089df53186631dd2cf2830398ac2a814c9,cec73259ef6b1952599c9ec97de94f12f18e6321,NVIDIA H100 NVL,590.48.01,2.6.0+cu124,12.4,4.57.1,0.7.0,prefill-only,MPK,NORMAL,one_prefill_phase_then_decode,232.7797393798828,2374.126678466797,2606.9064178466797,,,18.693910854069266,15.795999526977539,15.954342651367188,16.834646987915036,106.98670896703472,98.20068654840995,,[232.7797393798828],[2374.126678466797],,30,1.0,1.0,0,0,30,20,True,"[[30, 30]]",0.8635658923839992,0.9274980132132745,,/data/home/hliu148/mirage/results/qwen3_3d_identical_b1_b64_repeat1/b2_in128_out128/summary.json
2,128,256,128,255,1,0,512,2,8,False,0.140625,93.3447265625,completed,,Qwen/Qwen3-8B,identical,9ee8afa39551e087887eff0bb9d0a8089df53186631dd2cf2830398ac2a814c9,cec73259ef6b1952599c9ec97de94f12f18e6321,NVIDIA H100 NVL,590.48.01,2.6.0+cu124,12.4,4.57.1,0.7.0,normal,NORMAL,NORMAL,one_prefill_phase_then_decode,367.1048278808594,4050.4112997055054,4417.516127586365,,,15.88396588119806,15.795807838439941,15.957702255249023,16.47764305114746,125.91313875632352,115.90223673495579,,[367.1048278808594],[4050.4112997055054],,,,,0,0,30,20,True,,1.0,1.0,,/data/home/hliu148/mirage/results/qwen3_3d_identical_b1_b64_repeat1/b2_in128_out256/summary.json
2,128,256,128,255,1,0,512,2,8,False,0.140625,93.3447265625,completed,,Qwen/Qwen3-8B,identical,9ee8afa39551e087887eff0bb9d0a8089df53186631dd2cf2830398ac2a814c9,cec73259ef6b1952599c9ec97de94f12f18e6321,NVIDIA H100 NVL,590.48.01,2.6.0+cu124,12.4,4.57.1,0.7.0,always,MPK,MPK,split_two_mpk_launches,230.36624145507812,1640.2457275390625,1870.6119689941406,,,6.432336186427696,,,,310.92902205889413,273.7072190740397,,[230.36624145507812],[1640.2457275390625],,27,0.9,1.0,0,0,30,20,True,"[[27, 27]]",2.4693929889288766,2.361535262688251,,/data/home/hliu148/mirage/results/qwen3_3d_identical_b1_b64_repeat1/b2_in128_out256/summary.json
2,128,256,128,255,1,0,512,2,8,False,0.140625,93.3447265625,completed,,Qwen/Qwen3-8B,identical,9ee8afa39551e087887eff0bb9d0a8089df53186631dd2cf2830398ac2a814c9,cec73259ef6b1952599c9ec97de94f12f18e6321,NVIDIA H100 NVL,590.48.01,2.6.0+cu124,12.4,4.57.1,0.7.0,always-continuous,MPK,MPK,continuous_one_mpk_launch,,,,1892.4329833984375,270.55119229667446,,,,,,,,,,[1892.4329833984375],27,0.9,1.0,0,0,30,20,True,"[[27, 27]]",,,2.334305186148983,/data/home/hliu148/mirage/results/qwen3_3d_identical_b1_b64_repeat1/b2_in128_out256/summary.json
2,128,256,128,255,1,0,512,2,8,False,0.140625,93.3447265625,completed,,Qwen/Qwen3-8B,identical,9ee8afa39551e087887eff0bb9d0a8089df53186631dd2cf2830398ac2a814c9,cec73259ef6b1952599c9ec97de94f12f18e6321,NVIDIA H100 NVL,590.48.01,2.6.0+cu124,12.4,4.57.1,0.7.0,decode-only,NORMAL,MPK,one_prefill_phase_then_decode,341.2698974609375,1686.204345703125,2027.4742431640625,,,6.612566061580883,,,,302.45444527503975,252.5309516144463,,[341.2698974609375],[1686.204345703125],,27,0.9,1.0,0,0,30,20,True,"[[27, 27]]",2.4020880446827086,2.178827248967868,,/data/home/hliu148/mirage/results/qwen3_3d_identical_b1_b64_repeat1/b2_in128_out256/summary.json
2,128,256,128,255,1,0,512,2,8,False,0.140625,93.3447265625,completed,,Qwen/Qwen3-8B,identical,9ee8afa39551e087887eff0bb9d0a8089df53186631dd2cf2830398ac2a814c9,cec73259ef6b1952599c9ec97de94f12f18e6321,NVIDIA H100 NVL,590.48.01,2.6.0+cu124,12.4,4.57.1,0.7.0,prefill-only,MPK,NORMAL,one_prefill_phase_then_decode,233.41065979003906,4475.174380302429,4708.585040092468,,,17.54970345216639,16.115039825439453,16.19858512878418,16.52075736999512,113.96203961230546,108.73754973955938,,[233.41065979003906],[4475.174380302429],,30,1.0,1.0,0,0,30,20,True,"[[30, 30]]",0.9050845744768009,0.9381833586889221,,/data/home/hliu148/mirage/results/qwen3_3d_identical_b1_b64_repeat1/b2_in128_out256/summary.json
2,128,512,128,511,1,0,1024,2,8,False,0.28125,93.3447265625,completed,,Qwen/Qwen3-8B,identical,9ee8afa39551e087887eff0bb9d0a8089df53186631dd2cf2830398ac2a814c9,cec73259ef6b1952599c9ec97de94f12f18e6321,NVIDIA H100 NVL,590.48.01,2.6.0+cu124,12.4,4.57.1,0.7.0,normal,NORMAL,NORMAL,one_prefill_phase_then_decode,365.2865295410156,8171.762658119202,8537.049187660217,,,15.99170774583014,15.936351776123047,16.047040939331055,16.63287925720214,125.06481682805283,119.94776854280393,,[365.2865295410156],[8171.762658119202],,,,,0,0,30,20,True,,1.0,1.0,,/data/home/hliu148/mirage/results/qwen3_3d_identical_b1_b64_repeat1/b2_in128_out512/summary.json
2,128,512,128,511,1,0,1024,2,8,False,0.28125,93.3447265625,completed,,Qwen/Qwen3-8B,identical,9ee8afa39551e087887eff0bb9d0a8089df53186631dd2cf2830398ac2a814c9,cec73259ef6b1952599c9ec97de94f12f18e6321,NVIDIA H100 NVL,590.48.01,2.6.0+cu124,12.4,4.57.1,0.7.0,always,MPK,MPK,split_two_mpk_launches,233.3961944580078,3355.242919921875,3588.639114379883,,,6.566033111393102,,,,304.5979156775321,285.3449364403273,,[233.3961944580078],[3355.242919921875],,27,0.9,1.0,0,0,30,20,True,"[[27, 27]]",2.4355204237520534,2.3789099197664574,,/data/home/hliu148/mirage/results/qwen3_3d_identical_b1_b64_repeat1/b2_in128_out512/summary.json
2,128,512,128,511,1,0,1024,2,8,False,0.28125,93.3447265625,completed,,Qwen/Qwen3-8B,identical,9ee8afa39551e087887eff0bb9d0a8089df53186631dd2cf2830398ac2a814c9,cec73259ef6b1952599c9ec97de94f12f18e6321,NVIDIA H100 NVL,590.48.01,2.6.0+cu124,12.4,4.57.1,0.7.0,always-continuous,MPK,MPK,continuous_one_mpk_launch,,,,3544.74267578125,288.8785149331929,,,,,,,,,,[3544.74267578125],27,0.9,1.0,0,0,30,20,True,"[[27, 27]]",,,2.408369229729399,/data/home/hliu148/mirage/results/qwen3_3d_identical_b1_b64_repeat1/b2_in128_out512/summary.json
2,128,512,128,511,1,0,1024,2,8,False,0.28125,93.3447265625,completed,,Qwen/Qwen3-8B,identical,9ee8afa39551e087887eff0bb9d0a8089df53186631dd2cf2830398ac2a814c9,cec73259ef6b1952599c9ec97de94f12f18e6321,NVIDIA H100 NVL,590.48.01,2.6.0+cu124,12.4,4.57.1,0.7.0,decode-only,NORMAL,MPK,one_prefill_phase_then_decode,355.3638610839844,3345.90966796875,3701.2735290527344,,,6.5477684304672215,,,,305.4475767184834,276.66153067646206,,[355.3638610839844],[3345.90966796875],,27,0.9,1.0,0,0,30,20,True,"[[27, 27]]",2.4423141892770084,2.3065166950374243,,/data/home/hliu148/mirage/results/qwen3_3d_identical_b1_b64_repeat1/b2_in128_out512/summary.json
2,128,512,128,511,1,0,1024,2,8,False,0.28125,93.3447265625,completed,,Qwen/Qwen3-8B,identical,9ee8afa39551e087887eff0bb9d0a8089df53186631dd2cf2830398ac2a814c9,cec73259ef6b1952599c9ec97de94f12f18e6321,NVIDIA H100 NVL,590.48.01,2.6.0+cu124,12.4,4.57.1,0.7.0,prefill-only,MPK,NORMAL,one_prefill_phase_then_decode,231.3534393310547,8429.832533836365,8661.18597316742,,,16.496736856822633,15.82636833190918,15.911775588989258,16.86077194213867,121.23609762089711,118.22861247551765,,[231.3534393310547],[8429.832533836365],,30,1.0,1.0,0,0,30,20,True,"[[30, 30]]",0.9693861206991597,0.985667461027649,,/data/home/hliu148/mirage/results/qwen3_3d_identical_b1_b64_repeat1/b2_in128_out512/summary.json
2,256,16,256,15,1,0,512,2,8,False,0.140625,93.3447265625,completed,,Qwen/Qwen3-8B,identical,e1d09fec07bae0ca99a20a9d7a57d985074ee3a03de2a12a87ae3b2dd3036f41,cec73259ef6b1952599c9ec97de94f12f18e6321,NVIDIA H100 NVL,590.48.01,2.6.0+cu124,12.4,4.57.1,0.7.0,normal,NORMAL,NORMAL,one_prefill_phase_then_decode,370.8162536621094,259.95410919189453,630.7703628540039,,,17.3302739461263,15.966239929199219,16.215084838867188,33.19033638000487,115.40498472310901,50.73161626556417,,[370.8162536621094],[259.95410919189453],,,,,0,0,16,11,True,,1.0,1.0,,/data/home/hliu148/mirage/results/qwen3_3d_identical_b1_b64_repeat1/b2_in256_out16/summary.json
2,256,16,256,15,1,0,512,2,8,False,0.140625,93.3447265625,completed,,Qwen/Qwen3-8B,identical,e1d09fec07bae0ca99a20a9d7a57d985074ee3a03de2a12a87ae3b2dd3036f41,cec73259ef6b1952599c9ec97de94f12f18e6321,NVIDIA H100 NVL,590.48.01,2.6.0+cu124,12.4,4.57.1,0.7.0,always,MPK,MPK,split_two_mpk_launches,472.7814025878906,96.51292419433594,569.2943267822266,,,6.434194946289063,,,,310.8391984848866,56.20994008647663,,[472.7814025878906],[96.51292419433594],,16,1.0,1.0,0,0,16,11,True,"[[16, 16]]",2.693464231468706,1.1079863845108961,,/data/home/hliu148/mirage/results/qwen3_3d_identical_b1_b64_repeat1/b2_in256_out16/summary.json
2,256,16,256,15,1,0,512,2,8,False,0.140625,93.3447265625,completed,,Qwen/Qwen3-8B,identical,e1d09fec07bae0ca99a20a9d7a57d985074ee3a03de2a12a87ae3b2dd3036f41,cec73259ef6b1952599c9ec97de94f12f18e6321,NVIDIA H100 NVL,590.48.01,2.6.0+cu124,12.4,4.57.1,0.7.0,always-continuous,MPK,MPK,continuous_one_mpk_launch,,,,578.0536499023438,55.35818345824141,,,,,,,,,,[578.0536499023438],16,1.0,1.0,0,0,16,11,True,"[[16, 16]]",,,1.0911969208404204,/data/home/hliu148/mirage/results/qwen3_3d_identical_b1_b64_repeat1/b2_in256_out16/summary.json
2,256,16,256,15,1,0,512,2,8,False,0.140625,93.3447265625,completed,,Qwen/Qwen3-8B,identical,e1d09fec07bae0ca99a20a9d7a57d985074ee3a03de2a12a87ae3b2dd3036f41,cec73259ef6b1952599c9ec97de94f12f18e6321,NVIDIA H100 NVL,590.48.01,2.6.0+cu124,12.4,4.57.1,0.7.0,decode-only,NORMAL,MPK,one_prefill_phase_then_decode,348.3727722167969,94.92675018310547,443.29952239990234,,,6.328450012207031,,,,316.0331512680314,72.18595640879727,,[348.3727722167969],[94.92675018310547],,16,1.0,1.0,0,0,16,11,True,"[[16, 16]]",2.7384705437662786,1.4228988099043864,,/data/home/hliu148/mirage/results/qwen3_3d_identical_b1_b64_repeat1/b2_in256_out16/summary.json
2,256,16,256,15,1,0,512,2,8,False,0.140625,93.3447265625,completed,,Qwen/Qwen3-8B,identical,e1d09fec07bae0ca99a20a9d7a57d985074ee3a03de2a12a87ae3b2dd3036f41,cec73259ef6b1952599c9ec97de94f12f18e6321,NVIDIA H100 NVL,590.48.01,2.6.0+cu124,12.4,4.57.1,0.7.0,prefill-only,MPK,NORMAL,one_prefill_phase_then_decode,484.953857421875,593.6821632385254,1078.6360206604004,,,39.57881088256836,16.138208389282227,16.945062255859376,317.017548522949,50.5320891507849,29.667097507468586,,[484.953857421875],[593.6821632385254],,16,1.0,1.0,0,0,16,11,True,"[[16, 16]]",0.4378674740265896,0.5847851831128461,,/data/home/hliu148/mirage/results/qwen3_3d_identical_b1_b64_repeat1/b2_in256_out16/summary.json
2,256,32,256,31,1,0,512,2,8,False,0.140625,93.3447265625,completed,,Qwen/Qwen3-8B,identical,e1d09fec07bae0ca99a20a9d7a57d985074ee3a03de2a12a87ae3b2dd3036f41,cec73259ef6b1952599c9ec97de94f12f18e6321,NVIDIA H100 NVL,590.48.01,2.6.0+cu124,12.4,4.57.1,0.7.0,normal,NORMAL,NORMAL,one_prefill_phase_then_decode,370.12335205078125,513.5742721557617,883.697624206543,,,16.566912005024573,15.924544334411621,16.034847259521484,29.806444740295397,120.72255827721068,72.42296261401009,,[370.12335205078125],[513.5742721557617],,,,,0,0,30,20,True,,1.0,1.0,,/data/home/hliu148/mirage/results/qwen3_3d_identical_b1_b64_repeat1/b2_in256_out32/summary.json
2,256,32,256,31,1,0,512,2,8,False,0.140625,93.3447265625,completed,,Qwen/Qwen3-8B,identical,e1d09fec07bae0ca99a20a9d7a57d985074ee3a03de2a12a87ae3b2dd3036f41,cec73259ef6b1952599c9ec97de94f12f18e6321,NVIDIA H100 NVL,590.48.01,2.6.0+cu124,12.4,4.57.1,0.7.0,always,MPK,MPK,split_two_mpk_launches,465.0323181152344,200.3877410888672,665.4200592041016,,,6.4641206802860385,,,,309.40016421715376,96.17984777397513,,[465.0323181152344],[200.3877410888672],,30,1.0,1.0,0,0,30,20,True,"[[30, 30]]",2.5629026474628693,1.328029733975137,,/data/home/hliu148/mirage/results/qwen3_3d_identical_b1_b64_repeat1/b2_in256_out32/summary.json
2,256,32,256,31,1,0,512,2,8,False,0.140625,93.3447265625,completed,,Qwen/Qwen3-8B,identical,e1d09fec07bae0ca99a20a9d7a57d985074ee3a03de2a12a87ae3b2dd3036f41,cec73259ef6b1952599c9ec97de94f12f18e6321,NVIDIA H100 NVL,590.48.01,2.6.0+cu124,12.4,4.57.1,0.7.0,always-continuous,MPK,MPK,continuous_one_mpk_launch,,,,691.3126220703125,92.57750828899323,,,,,,,,,,[691.3126220703125],30,1.0,1.0,0,0,30,20,True,"[[30, 30]]",,,1.2782894395303883,/data/home/hliu148/mirage/results/qwen3_3d_identical_b1_b64_repeat1/b2_in256_out32/summary.json
2,256,32,256,31,1,0,512,2,8,False,0.140625,93.3447265625,completed,,Qwen/Qwen3-8B,identical,e1d09fec07bae0ca99a20a9d7a57d985074ee3a03de2a12a87ae3b2dd3036f41,cec73259ef6b1952599c9ec97de94f12f18e6321,NVIDIA H100 NVL,590.48.01,2.6.0+cu124,12.4,4.57.1,0.7.0,decode-only,NORMAL,MPK,one_prefill_phase_then_decode,345.5255432128906,206.8205108642578,552.3460540771484,,,6.6716293827179936,,,,299.7768438967466,115.86938935760163,,[345.5255432128906],[206.8205108642578],,30,1.0,1.0,0,0,30,20,True,"[[30, 30]]",2.483188296990694,1.5998985014621165,,/data/home/hliu148/mirage/results/qwen3_3d_identical_b1_b64_repeat1/b2_in256_out32/summary.json
2,256,32,256,31,1,0,512,2,8,False,0.140625,93.3447265625,completed,,Qwen/Qwen3-8B,identical,e1d09fec07bae0ca99a20a9d7a57d985074ee3a03de2a12a87ae3b2dd3036f41,cec73259ef6b1952599c9ec97de94f12f18e6321,NVIDIA H100 NVL,590.48.01,2.6.0+cu124,12.4,4.57.1,0.7.0,prefill-only,MPK,NORMAL,one_prefill_phase_then_decode,470.54486083984375,838.6042985916138,1309.1491594314575,,,27.051751567471413,15.954848289489746,16.467775344848633,255.14289798736547,73.93236608031383,48.88671358716235,,[470.54486083984375],[838.6042985916138],,30,1.0,1.0,0,0,30,20,True,"[[30, 30]]",0.6124155015879114,0.675016760191267,,/data/home/hliu148/mirage/results/qwen3_3d_identical_b1_b64_repeat1/b2_in256_out32/summary.json
2,256,64,256,63,1,0,512,2,8,False,0.140625,93.3447265625,completed,,Qwen/Qwen3-8B,identical,e1d09fec07bae0ca99a20a9d7a57d985074ee3a03de2a12a87ae3b2dd3036f41,cec73259ef6b1952599c9ec97de94f12f18e6321,NVIDIA H100 NVL,590.48.01,2.6.0+cu124,12.4,4.57.1,0.7.0,normal,NORMAL,NORMAL,one_prefill_phase_then_decode,372.4803466796875,1032.7636499404907,1405.2439966201782,,,16.393073808579217,16.027135848999023,16.272959899902343,24.80185039520268,122.0027447783046,91.08738433173109,,[372.4803466796875],[1032.7636499404907],,,,,0,0,30,20,True,,1.0,1.0,,/data/home/hliu148/mirage/results/qwen3_3d_identical_b1_b64_repeat1/b2_in256_out64/summary.json
2,256,64,256,63,1,0,512,2,8,False,0.140625,93.3447265625,completed,,Qwen/Qwen3-8B,identical,e1d09fec07bae0ca99a20a9d7a57d985074ee3a03de2a12a87ae3b2dd3036f41,cec73259ef6b1952599c9ec97de94f12f18e6321,NVIDIA H100 NVL,590.48.01,2.6.0+cu124,12.4,4.57.1,0.7.0,always,MPK,MPK,split_two_mpk_launches,470.3489685058594,407.2608642578125,877.6098327636719,,,6.464458162822421,,,,309.38401171843736,145.85069038813813,,[470.3489685058594],[407.2608642578125],,30,1.0,1.0,0,0,30,20,True,"[[30, 30]]",2.5358774696473407,1.6012172427409332,,/data/home/hliu148/mirage/results/qwen3_3d_identical_b1_b64_repeat1/b2_in256_out64/summary.json
2,256,64,256,63,1,0,512,2,8,False,0.140625,93.3447265625,completed,,Qwen/Qwen3-8B,identical,e1d09fec07bae0ca99a20a9d7a57d985074ee3a03de2a12a87ae3b2dd3036f41,cec73259ef6b1952599c9ec97de94f12f18e6321,NVIDIA H100 NVL,590.48.01,2.6.0+cu124,12.4,4.57.1,0.7.0,always-continuous,MPK,MPK,continuous_one_mpk_launch,,,,900.3606567382812,142.16525238197664,,,,,,,,,,[900.3606567382812],30,1.0,1.0,0,0,30,20,True,"[[30, 30]]",,,1.5607567768575406,/data/home/hliu148/mirage/results/qwen3_3d_identical_b1_b64_repeat1/b2_in256_out64/summary.json
2,256,64,256,63,1,0,512,2,8,False,0.140625,93.3447265625,completed,,Qwen/Qwen3-8B,identical,e1d09fec07bae0ca99a20a9d7a57d985074ee3a03de2a12a87ae3b2dd3036f41,cec73259ef6b1952599c9ec97de94f12f18e6321,NVIDIA H100 NVL,590.48.01,2.6.0+cu124,12.4,4.57.1,0.7.0,decode-only,NORMAL,MPK,one_prefill_phase_then_decode,344.84234619140625,419.6293640136719,764.4717102050781,,,6.66078355577257,,,,300.26497382079015,167.43588845905438,,[344.84234619140625],[419.6293640136719],,30,1.0,1.0,0,0,30,20,True,"[[30, 30]]",2.4611329389876597,1.8381896646550933,,/data/home/hliu148/mirage/results/qwen3_3d_identical_b1_b64_repeat1/b2_in256_out64/summary.json
2,256,64,256,63,1,0,512,2,8,False,0.140625,93.3447265625,completed,,Qwen/Qwen3-8B,identical,e1d09fec07bae0ca99a20a9d7a57d985074ee3a03de2a12a87ae3b2dd3036f41,cec73259ef6b1952599c9ec97de94f12f18e6321,NVIDIA H100 NVL,590.48.01,2.6.0+cu124,12.4,4.57.1,0.7.0,prefill-only,MPK,NORMAL,one_prefill_phase_then_decode,485.2288818359375,1364.916000366211,1850.1448822021484,,,21.665333339146205,16.09756851196289,16.250662994384765,149.40790164947597,92.31337310588624,69.18377108264465,,[485.2288818359375],[1364.916000366211],,30,1.0,1.0,0,0,30,20,True,"[[30, 30]]",0.7566499694218525,0.7595318670111804,,/data/home/hliu148/mirage/results/qwen3_3d_identical_b1_b64_repeat1/b2_in256_out64/summary.json
2,256,128,256,127,1,0,512,2,8,False,0.140625,93.3447265625,completed,,Qwen/Qwen3-8B,identical,e1d09fec07bae0ca99a20a9d7a57d985074ee3a03de2a12a87ae3b2dd3036f41,cec73259ef6b1952599c9ec97de94f12f18e6321,NVIDIA H100 NVL,590.48.01,2.6.0+cu124,12.4,4.57.1,0.7.0,normal,NORMAL,NORMAL,one_prefill_phase_then_decode,374.5355224609375,2032.2380170822144,2406.773539543152,,,16.001874150253656,15.831487655639648,15.935417366027831,17.449451751708978,124.98535991600063,106.3664677186842,,[374.5355224609375],[2032.2380170822144],,,,,0,0,30,20,True,,1.0,1.0,,/data/home/hliu148/mirage/results/qwen3_3d_identical_b1_b64_repeat1/b2_in256_out128/summary.json
2,256,128,256,127,1,0,512,2,8,False,0.140625,93.3447265625,completed,,Qwen/Qwen3-8B,identical,e1d09fec07bae0ca99a20a9d7a57d985074ee3a03de2a12a87ae3b2dd3036f41,cec73259ef6b1952599c9ec97de94f12f18e6321,NVIDIA H100 NVL,590.48.01,2.6.0+cu124,12.4,4.57.1,0.7.0,always,MPK,MPK,split_two_mpk_launches,465.19439697265625,825.4959106445312,1290.6903076171875,,,6.49996780035064,,,,307.69383194361524,198.3434744099189,,[465.19439697265625],[825.4959106445312],,30,1.0,1.0,0,0,30,20,True,"[[30, 30]]",2.4618389877855145,1.8647180701204966,,/data/home/hliu148/mirage/results/qwen3_3d_identical_b1_b64_repeat1/b2_in256_out128/summary.json
2,256,128,256,127,1,0,512,2,8,False,0.140625,93.3447265625,completed,,Qwen/Qwen3-8B,identical,e1d09fec07bae0ca99a20a9d7a57d985074ee3a03de2a12a87ae3b2dd3036f41,cec73259ef6b1952599c9ec97de94f12f18e6321,NVIDIA H100 NVL,590.48.01,2.6.0+cu124,12.4,4.57.1,0.7.0,always-continuous,MPK,MPK,continuous_one_mpk_launch,,,,1317.7252197265625,194.27419022390862,,,,,,,,,,[1317.7252197265625],30,1.0,1.0,0,0,30,20,True,"[[30, 30]]",,,1.8264608611213913,/data/home/hliu148/mirage/results/qwen3_3d_identical_b1_b64_repeat1/b2_in256_out128/summary.json
2,256,128,256,127,1,0,512,2,8,False,0.140625,93.3447265625,completed,,Qwen/Qwen3-8B,identical,e1d09fec07bae0ca99a20a9d7a57d985074ee3a03de2a12a87ae3b2dd3036f41,cec73259ef6b1952599c9ec97de94f12f18e6321,NVIDIA H100 NVL,590.48.01,2.6.0+cu124,12.4,4.57.1,0.7.0,decode-only,NORMAL,MPK,one_prefill_phase_then_decode,347.9035339355469,808.9862060546875,1156.8897399902344,,,6.369970126414862,,,,313.97321499302495,221.28297205069947,,[347.9035339355469],[808.9862060546875],,30,1.0,1.0,0,0,30,20,True,"[[30, 30]]",2.51207993643446,2.0803828198558216,,/data/home/hliu148/mirage/results/qwen3_3d_identical_b1_b64_repeat1/b2_in256_out128/summary.json
2,256,128,256,127,1,0,512,2,8,False,0.140625,93.3447265625,completed,,Qwen/Qwen3-8B,identical,e1d09fec07bae0ca99a20a9d7a57d985074ee3a03de2a12a87ae3b2dd3036f41,cec73259ef6b1952599c9ec97de94f12f18e6321,NVIDIA H100 NVL,590.48.01,2.6.0+cu124,12.4,4.57.1,0.7.0,prefill-only,MPK,NORMAL,one_prefill_phase_then_decode,485.5210876464844,2367.131462097168,2852.6525497436523,,,18.63883041021392,15.971296310424805,16.148461151123048,17.360229644775387,107.30287018996734,89.74103769595246,,[485.5210876464844],[2367.131462097168],,30,1.0,1.0,0,0,30,20,True,"[[30, 30]]",0.858523512370431,0.8436966989756364,,/data/home/hliu148/mirage/results/qwen3_3d_identical_b1_b64_repeat1/b2_in256_out128/summary.json
2,256,256,256,255,1,0,512,2,8,False,0.140625,93.3447265625,completed,,Qwen/Qwen3-8B,identical,e1d09fec07bae0ca99a20a9d7a57d985074ee3a03de2a12a87ae3b2dd3036f41,cec73259ef6b1952599c9ec97de94f12f18e6321,NVIDIA H100 NVL,590.48.01,2.6.0+cu124,12.4,4.57.1,0.7.0,normal,NORMAL,NORMAL,one_prefill_phase_then_decode,370.7732238769531,4039.3236026763916,4410.096826553345,,,15.840484716378006,15.75324821472168,15.879743766784667,16.376404266357426,126.25876264582568,116.0972241963556,,[370.7732238769531],[4039.3236026763916],,,,,0,0,30,20,True,,1.0,1.0,,/data/home/hliu148/mirage/results/qwen3_3d_identical_b1_b64_repeat1/b2_in256_out256/summary.json
2,256,256,256,255,1,0,512,2,8,False,0.140625,93.3447265625,completed,,Qwen/Qwen3-8B,identical,e1d09fec07bae0ca99a20a9d7a57d985074ee3a03de2a12a87ae3b2dd3036f41,cec73259ef6b1952599c9ec97de94f12f18e6321,NVIDIA H100 NVL,590.48.01,2.6.0+cu124,12.4,4.57.1,0.7.0,always,MPK,MPK,split_two_mpk_launches,485.3070373535156,1673.6217041015625,2158.928741455078,,,6.563222369025735,,,,304.7283617021323,237.15465460658115,,[485.3070373535156],[1673.6217041015625],,30,1.0,1.0,0,0,30,20,True,"[[30, 30]]",2.413522478094768,2.042724589224293,,/data/home/hliu148/mirage/results/qwen3_3d_identical_b1_b64_repeat1/b2_in256_out256/summary.json
2,256,256,256,255,1,0,512,2,8,False,0.140625,93.3447265625,completed,,Qwen/Qwen3-8B,identical,e1d09fec07bae0ca99a20a9d7a57d985074ee3a03de2a12a87ae3b2dd3036f41,cec73259ef6b1952599c9ec97de94f12f18e6321,NVIDIA H100 NVL,590.48.01,2.6.0+cu124,12.4,4.57.1,0.7.0,always-continuous,MPK,MPK,continuous_one_mpk_launch,,,,2136.122802734375,239.68659449007657,,,,,,,,,,[2136.122802734375],30,1.0,1.0,0,0,30,20,True,"[[30, 30]]",,,2.064533378375127,/data/home/hliu148/mirage/results/qwen3_3d_identical_b1_b64_repeat1/b2_in256_out256/summary.json
2,256,256,256,255,1,0,512,2,8,False,0.140625,93.3447265625,completed,,Qwen/Qwen3-8B,identical,e1d09fec07bae0ca99a20a9d7a57d985074ee3a03de2a12a87ae3b2dd3036f41,cec73259ef6b1952599c9ec97de94f12f18e6321,NVIDIA H100 NVL,590.48.01,2.6.0+cu124,12.4,4.57.1,0.7.0,decode-only,NORMAL,MPK,one_prefill_phase_then_decode,351.23297119140625,1664.847900390625,2016.0808715820312,,,6.52881529564951,,,,306.3342902858202,253.95806647291406,,[351.23297119140625],[1664.847900390625],,30,1.0,1.0,0,0,30,20,True,"[[30, 30]]",2.4262418216875195,2.1874602793551206,,/data/home/hliu148/mirage/results/qwen3_3d_identical_b1_b64_repeat1/b2_in256_out256/summary.json
2,256,256,256,255,1,0,512,2,8,False,0.140625,93.3447265625,completed,,Qwen/Qwen3-8B,identical,e1d09fec07bae0ca99a20a9d7a57d985074ee3a03de2a12a87ae3b2dd3036f41,cec73259ef6b1952599c9ec97de94f12f18e6321,NVIDIA H100 NVL,590.48.01,2.6.0+cu124,12.4,4.57.1,0.7.0,prefill-only,MPK,NORMAL,one_prefill_phase_then_decode,465.4209899902344,4380.727161407471,4846.148151397705,,,17.179322201597923,15.855775833129883,15.992204475402833,17.028022422790528,116.41902844187713,105.6509178020757,,[465.4209899902344],[4380.727161407471],,30,1.0,1.0,0,0,30,20,True,"[[30, 30]]",0.9220669203645655,0.9100210494558247,,/data/home/hliu148/mirage/results/qwen3_3d_identical_b1_b64_repeat1/b2_in256_out256/summary.json
2,256,512,256,511,1,0,1024,2,8,False,0.28125,93.3447265625,completed,,Qwen/Qwen3-8B,identical,e1d09fec07bae0ca99a20a9d7a57d985074ee3a03de2a12a87ae3b2dd3036f41,cec73259ef6b1952599c9ec97de94f12f18e6321,NVIDIA H100 NVL,590.48.01,2.6.0+cu124,12.4,4.57.1,0.7.0,normal,NORMAL,NORMAL,one_prefill_phase_then_decode,374.0058288574219,8187.631419181824,8561.637248039246,,,16.022762072762866,15.972928047180176,16.116928100585938,16.530429077148437,124.82242393150213,119.60329202624331,,[374.0058288574219],[8187.631419181824],,,,,0,0,30,20,True,,1.0,1.0,,/data/home/hliu148/mirage/results/qwen3_3d_identical_b1_b64_repeat1/b2_in256_out512/summary.json
2,256,512,256,511,1,0,1024,2,8,False,0.28125,93.3447265625,completed,,Qwen/Qwen3-8B,identical,e1d09fec07bae0ca99a20a9d7a57d985074ee3a03de2a12a87ae3b2dd3036f41,cec73259ef6b1952599c9ec97de94f12f18e6321,NVIDIA H100 NVL,590.48.01,2.6.0+cu124,12.4,4.57.1,0.7.0,always,MPK,MPK,split_two_mpk_launches,470.0020446777344,3423.7744140625,3893.7764587402344,,,6.700145624388454,,,,298.5009747728501,262.98376674949077,,[470.0020446777344],[3423.7744140625],,30,1.0,1.0,0,0,30,20,True,"[[30, 30]]",2.391405048636584,2.1988004033516653,,/data/home/hliu148/mirage/results/qwen3_3d_identical_b1_b64_repeat1/b2_in256_out512/summary.json
2,256,512,256,511,1,0,1024,2,8,False,0.28125,93.3447265625,completed,,Qwen/Qwen3-8B,identical,e1d09fec07bae0ca99a20a9d7a57d985074ee3a03de2a12a87ae3b2dd3036f41,cec73259ef6b1952599c9ec97de94f12f18e6321,NVIDIA H100 NVL,590.48.01,2.6.0+cu124,12.4,4.57.1,0.7.0,always-continuous,MPK,MPK,continuous_one_mpk_launch,,,,3930.3544921875,260.5362956535956,,,,,,,,,,[3930.3544921875],30,1.0,1.0,0,0,30,20,True,"[[30, 30]]",,,2.1783371614589737,/data/home/hliu148/mirage/results/qwen3_3d_identical_b1_b64_repeat1/b2_in256_out512/summary.json
2,256,512,256,511,1,0,1024,2,8,False,0.28125,93.3447265625,completed,,Qwen/Qwen3-8B,identical,e1d09fec07bae0ca99a20a9d7a57d985074ee3a03de2a12a87ae3b2dd3036f41,cec73259ef6b1952599c9ec97de94f12f18e6321,NVIDIA H100 NVL,590.48.01,2.6.0+cu124,12.4,4.57.1,0.7.0,decode-only,NORMAL,MPK,one_prefill_phase_then_decode,344.8182678222656,3396.701171875,3741.5194396972656,,,6.647164719911937,,,,300.8801623358141,273.6856019336503,,[344.8182678222656],[3396.701171875],,30,1.0,1.0,0,0,30,20,True,"[[30, 30]]",2.410465626760508,2.2882781677413884,,/data/home/hliu148/mirage/results/qwen3_3d_identical_b1_b64_repeat1/b2_in256_out512/summary.json
2,256,512,256,511,1,0,1024,2,8,False,0.28125,93.3447265625,completed,,Qwen/Qwen3-8B,identical,e1d09fec07bae0ca99a20a9d7a57d985074ee3a03de2a12a87ae3b2dd3036f41,cec73259ef6b1952599c9ec97de94f12f18e6321,NVIDIA H100 NVL,590.48.01,2.6.0+cu124,12.4,4.57.1,0.7.0,prefill-only,MPK,NORMAL,one_prefill_phase_then_decode,485.57373046875,8535.561436653137,9021.135167121887,,,16.703642733176395,16.043359756469727,16.180192947387695,17.102563667297357,119.73436165679273,113.51121350359925,,[485.57373046875],[8535.561436653137],,30,1.0,1.0,0,0,30,20,True,"[[30, 30]]",0.9592375943804653,0.9490642906274909,,/data/home/hliu148/mirage/results/qwen3_3d_identical_b1_b64_repeat1/b2_in256_out512/summary.json
2,512,16,512,15,1,0,1024,2,8,False,0.28125,93.3447265625,completed,,Qwen/Qwen3-8B,identical,cc687e21d76c3f0b5f22fb69ee92c5f8e6f0b6402af3dbdabe9eff7ad068e272,cec73259ef6b1952599c9ec97de94f12f18e6321,NVIDIA H100 NVL,590.48.01,2.6.0+cu124,12.4,4.57.1,0.7.0,normal,NORMAL,NORMAL,one_prefill_phase_then_decode,389.60040283203125,259.7011528015137,649.3015556335449,,,17.313410186767577,15.95315170288086,16.42869758605957,33.31267536163329,115.51739249663102,49.283726062809976,,[389.60040283203125],[259.7011528015137],,,,,0,0,16,11,True,,1.0,1.0,,/data/home/hliu148/mirage/results/qwen3_3d_identical_b1_b64_repeat1/b2_in512_out16/summary.json
2,512,16,512,15,1,0,1024,2,8,False,0.28125,93.3447265625,completed,,Qwen/Qwen3-8B,identical,cc687e21d76c3f0b5f22fb69ee92c5f8e6f0b6402af3dbdabe9eff7ad068e272,cec73259ef6b1952599c9ec97de94f12f18e6321,NVIDIA H100 NVL,590.48.01,2.6.0+cu124,12.4,4.57.1,0.7.0,always,MPK,MPK,split_two_mpk_launches,947.5716552734375,100.90624237060547,1048.477897644043,,,6.727082824707031,,,,297.30568986819355,30.520433546481836,,[947.5716552734375],[100.90624237060547],,16,1.0,1.0,0,0,16,11,True,"[[16, 16]]",2.5736876797739723,0.6192801556356528,,/data/home/hliu148/mirage/results/qwen3_3d_identical_b1_b64_repeat1/b2_in512_out16/summary.json
2,512,16,512,15,1,0,1024,2,8,False,0.28125,93.3447265625,completed,,Qwen/Qwen3-8B,identical,cc687e21d76c3f0b5f22fb69ee92c5f8e6f0b6402af3dbdabe9eff7ad068e272,cec73259ef6b1952599c9ec97de94f12f18e6321,NVIDIA H100 NVL,590.48.01,2.6.0+cu124,12.4,4.57.1,0.7.0,always-continuous,MPK,MPK,continuous_one_mpk_launch,,,,1068.65283203125,29.94424292047751,,,,,,,,,,[1068.65283203125],16,1.0,1.0,0,0,16,11,True,"[[16, 16]]",,,0.6075888597042128,/data/home/hliu148/mirage/results/qwen3_3d_identical_b1_b64_repeat1/b2_in512_out16/summary.json
2,512,16,512,15,1,0,1024,2,8,False,0.28125,93.3447265625,completed,,Qwen/Qwen3-8B,identical,cc687e21d76c3f0b5f22fb69ee92c5f8e6f0b6402af3dbdabe9eff7ad068e272,cec73259ef6b1952599c9ec97de94f12f18e6321,NVIDIA H100 NVL,590.48.01,2.6.0+cu124,12.4,4.57.1,0.7.0,decode-only,NORMAL,MPK,one_prefill_phase_then_decode,368.1644592285156,102.07036590576172,470.23482513427734,,,6.804691060384115,,,,293.9148864000158,68.05110614864026,,[368.1644592285156],[102.07036590576172],,16,1.0,1.0,0,0,16,11,True,"[[16, 16]]",2.5443344941203345,1.380802783902988,,/data/home/hliu148/mirage/results/qwen3_3d_identical_b1_b64_repeat1/b2_in512_out16/summary.json
2,512,16,512,15,1,0,1024,2,8,False,0.28125,93.3447265625,completed,,Qwen/Qwen3-8B,identical,cc687e21d76c3f0b5f22fb69ee92c5f8e6f0b6402af3dbdabe9eff7ad068e272,cec73259ef6b1952599c9ec97de94f12f18e6321,NVIDIA H100 NVL,590.48.01,2.6.0+cu124,12.4,4.57.1,0.7.0,prefill-only,MPK,NORMAL,one_prefill_phase_then_decode,987.0882568359375,579.5599908828735,1566.648247718811,,,38.6373327255249,16.04140853881836,16.78670768737793,306.8751876449583,51.76340753663733,20.425772056104517,,[987.0882568359375],[579.5599908828735],,16,1.0,1.0,0,0,16,11,True,"[[16, 16]]",0.4481005536733092,0.41445267409515174,,/data/home/hliu148/mirage/results/qwen3_3d_identical_b1_b64_repeat1/b2_in512_out16/summary.json
2,512,32,512,31,1,0,1024,2,8,False,0.28125,93.3447265625,completed,,Qwen/Qwen3-8B,identical,cc687e21d76c3f0b5f22fb69ee92c5f8e6f0b6402af3dbdabe9eff7ad068e272,cec73259ef6b1952599c9ec97de94f12f18e6321,NVIDIA H100 NVL,590.48.01,2.6.0+cu124,12.4,4.57.1,0.7.0,normal,NORMAL,NORMAL,one_prefill_phase_then_decode,387.7976379394531,513.9922895431519,901.789927482605,,,16.580396436875866,15.918144226074219,16.14019203186035,29.595135688781724,120.62437756626082,70.96996545377196,,[387.7976379394531],[513.9922895431519],,,,,0,0,30,20,True,,1.0,1.0,,/data/home/hliu148/mirage/results/qwen3_3d_identical_b1_b64_repeat1/b2_in512_out32/summary.json
2,512,32,512,31,1,0,1024,2,8,False,0.28125,93.3447265625,completed,,Qwen/Qwen3-8B,identical,cc687e21d76c3f0b5f22fb69ee92c5f8e6f0b6402af3dbdabe9eff7ad068e272,cec73259ef6b1952599c9ec97de94f12f18e6321,NVIDIA H100 NVL,590.48.01,2.6.0+cu124,12.4,4.57.1,0.7.0,always,MPK,MPK,split_two_mpk_launches,986.4572143554688,208.29664611816406,1194.7538604736328,,,6.7192466489730345,,,,297.65241618354327,53.56751889851912,,[986.4572143554688],[208.29664611816406],,30,1.0,1.0,0,0,30,20,True,"[[30, 30]]",2.4675975303585567,0.7547913903581036,,/data/home/hliu148/mirage/results/qwen3_3d_identical_b1_b64_repeat1/b2_in512_out32/summary.json
2,512,32,512,31,1,0,1024,2,8,False,0.28125,93.3447265625,completed,,Qwen/Qwen3-8B,identical,cc687e21d76c3f0b5f22fb69ee92c5f8e6f0b6402af3dbdabe9eff7ad068e272,cec73259ef6b1952599c9ec97de94f12f18e6321,NVIDIA H100 NVL,590.48.01,2.6.0+cu124,12.4,4.57.1,0.7.0,always-continuous,MPK,MPK,continuous_one_mpk_launch,,,,1173.200439453125,54.55163316324099,,,,,,,,,,[1173.200439453125],30,1.0,1.0,0,0,30,20,True,"[[30, 30]]",,,0.7686580205365119,/data/home/hliu148/mirage/results/qwen3_3d_identical_b1_b64_repeat1/b2_in512_out32/summary.json
2,512,32,512,31,1,0,1024,2,8,False,0.28125,93.3447265625,completed,,Qwen/Qwen3-8B,identical,cc687e21d76c3f0b5f22fb69ee92c5f8e6f0b6402af3dbdabe9eff7ad068e272,cec73259ef6b1952599c9ec97de94f12f18e6321,NVIDIA H100 NVL,590.48.01,2.6.0+cu124,12.4,4.57.1,0.7.0,decode-only,NORMAL,MPK,one_prefill_phase_then_decode,360.4288635253906,212.4772186279297,572.9060821533203,,,6.8541038267074095,,,,291.79598829636706,111.7111547488728,,[360.4288635253906],[212.4772186279297],,30,1.0,1.0,0,0,30,20,True,"[[30, 30]]",2.4190465823218785,1.574062408437251,,/data/home/hliu148/mirage/results/qwen3_3d_identical_b1_b64_repeat1/b2_in512_out32/summary.json
2,512,32,512,31,1,0,1024,2,8,False,0.28125,93.3447265625,completed,,Qwen/Qwen3-8B,identical,cc687e21d76c3f0b5f22fb69ee92c5f8e6f0b6402af3dbdabe9eff7ad068e272,cec73259ef6b1952599c9ec97de94f12f18e6321,NVIDIA H100 NVL,590.48.01,2.6.0+cu124,12.4,4.57.1,0.7.0,prefill-only,MPK,NORMAL,one_prefill_phase_then_decode,954.414794921875,833.8879842758179,1788.3027791976929,,,26.899612395994126,16.001279830932617,16.137056350708008,251.71788425445533,74.35051370100183,35.788123098882096,,[954.414794921875],[833.8879842758179],,30,1.0,1.0,0,0,30,20,True,"[[30, 30]]",0.6163804962239906,0.5042713895949911,,/data/home/hliu148/mirage/results/qwen3_3d_identical_b1_b64_repeat1/b2_in512_out32/summary.json
2,512,64,512,63,1,0,1024,2,8,False,0.28125,93.3447265625,completed,,Qwen/Qwen3-8B,identical,cc687e21d76c3f0b5f22fb69ee92c5f8e6f0b6402af3dbdabe9eff7ad068e272,cec73259ef6b1952599c9ec97de94f12f18e6321,NVIDIA H100 NVL,590.48.01,2.6.0+cu124,12.4,4.57.1,0.7.0,normal,NORMAL,NORMAL,one_prefill_phase_then_decode,387.5306091308594,1024.4089269638062,1411.9395360946655,,,16.260459158155655,15.907999992370605,16.13172492980957,24.81107326507573,122.99775673904466,90.65544007220012,,[387.5306091308594],[1024.4089269638062],,,,,0,0,30,20,True,,1.0,1.0,,/data/home/hliu148/mirage/results/qwen3_3d_identical_b1_b64_repeat1/b2_in512_out64/summary.json
2,512,64,512,63,1,0,1024,2,8,False,0.28125,93.3447265625,completed,,Qwen/Qwen3-8B,identical,cc687e21d76c3f0b5f22fb69ee92c5f8e6f0b6402af3dbdabe9eff7ad068e272,cec73259ef6b1952599c9ec97de94f12f18e6321,NVIDIA H100 NVL,590.48.01,2.6.0+cu124,12.4,4.57.1,0.7.0,always,MPK,MPK,split_two_mpk_launches,947.7636108398438,423.69818115234375,1371.4617919921875,,,6.725367954799107,,,,297.38149844616817,93.33107254418441,,[947.7636108398438],[423.69818115234375],,30,1.0,1.0,0,0,30,20,True,"[[30, 30]]",2.4177798549375233,1.0295143068066666,,/data/home/hliu148/mirage/results/qwen3_3d_identical_b1_b64_repeat1/b2_in512_out64/summary.json
2,512,64,512,63,1,0,1024,2,8,False,0.28125,93.3447265625,correctness_failed,Batch match fraction: 0.600; passing-request fraction: 0.500; both require 0.667; invalid token IDs: 0; incomplete requests: 0,Qwen/Qwen3-8B,identical,cc687e21d76c3f0b5f22fb69ee92c5f8e6f0b6402af3dbdabe9eff7ad068e272,cec73259ef6b1952599c9ec97de94f12f18e6321,NVIDIA H100 NVL,590.48.01,2.6.0+cu124,12.4,4.57.1,0.7.0,always-continuous,MPK,MPK,continuous_one_mpk_launch,,,,1419.36865234375,90.18094051086617,,,,,,,,,,[1419.36865234375],6,0.6,0.5,0,0,30,20,True,"[[30, 6]]",,,0.994765900855414,/data/home/hliu148/mirage/results/qwen3_3d_identical_b1_b64_repeat1/b2_in512_out64/summary.json
2,512,64,512,63,1,0,1024,2,8,False,0.28125,93.3447265625,completed,,Qwen/Qwen3-8B,identical,cc687e21d76c3f0b5f22fb69ee92c5f8e6f0b6402af3dbdabe9eff7ad068e272,cec73259ef6b1952599c9ec97de94f12f18e6321,NVIDIA H100 NVL,590.48.01,2.6.0+cu124,12.4,4.57.1,0.7.0,decode-only,NORMAL,MPK,one_prefill_phase_then_decode,362.1554260253906,421.2571105957031,783.4125366210938,,,6.686620803106399,,,,299.10474347085176,163.3877350904695,,[362.1554260253906],[421.2571105957031],,30,1.0,1.0,0,0,30,20,True,"[[30, 30]]",2.4317902326092042,1.8022937725562156,,/data/home/hliu148/mirage/results/qwen3_3d_identical_b1_b64_repeat1/b2_in512_out64/summary.json
2,512,64,512,63,1,0,1024,2,8,False,0.28125,93.3447265625,completed,,Qwen/Qwen3-8B,identical,cc687e21d76c3f0b5f22fb69ee92c5f8e6f0b6402af3dbdabe9eff7ad068e272,cec73259ef6b1952599c9ec97de94f12f18e6321,NVIDIA H100 NVL,590.48.01,2.6.0+cu124,12.4,4.57.1,0.7.0,prefill-only,MPK,NORMAL,one_prefill_phase_then_decode,964.041748046875,1338.7977657318115,2302.8395137786865,,,21.25075818621923,15.899456024169922,16.060927200317384,143.96941528320397,94.11428912202142,55.58355206002488,,[964.041748046875],[1338.7977657318115],,30,1.0,1.0,0,0,30,20,True,"[[30, 30]]",0.765170777233741,0.6131298024228533,,/data/home/hliu148/mirage/results/qwen3_3d_identical_b1_b64_repeat1/b2_in512_out64/summary.json
2,512,128,512,127,1,0,1024,2,8,False,0.28125,93.3447265625,completed,,Qwen/Qwen3-8B,identical,cc687e21d76c3f0b5f22fb69ee92c5f8e6f0b6402af3dbdabe9eff7ad068e272,cec73259ef6b1952599c9ec97de94f12f18e6321,NVIDIA H100 NVL,590.48.01,2.6.0+cu124,12.4,4.57.1,0.7.0,normal,NORMAL,NORMAL,one_prefill_phase_then_decode,388.0414733886719,2076.115044593811,2464.156517982483,,,16.34736255585678,16.167104721069336,16.334374618530273,17.748060798645014,122.3438945069129,103.88950463649884,,[388.0414733886719],[2076.115044593811],,,,,0,0,30,20,True,,1.0,1.0,,/data/home/hliu148/mirage/results/qwen3_3d_identical_b1_b64_repeat1/b2_in512_out128/summary.json
2,512,128,512,127,1,0,1024,2,8,False,0.28125,93.3447265625,completed,,Qwen/Qwen3-8B,identical,cc687e21d76c3f0b5f22fb69ee92c5f8e6f0b6402af3dbdabe9eff7ad068e272,cec73259ef6b1952599c9ec97de94f12f18e6321,NVIDIA H100 NVL,590.48.01,2.6.0+cu124,12.4,4.57.1,0.7.0,always,MPK,MPK,split_two_mpk_launches,964.6336669921875,858.0963134765625,1822.72998046875,,,6.756663885642224,,,,296.0040685537074,140.44866916281515,,[964.6336669921875],[858.0963134765625],,30,1.0,1.0,0,0,30,20,True,"[[30, 30]]",2.4194429133280697,1.3519043107793607,,/data/home/hliu148/mirage/results/qwen3_3d_identical_b1_b64_repeat1/b2_in512_out128/summary.json
2,512,128,512,127,1,0,1024,2,8,False,0.28125,93.3447265625,completed,,Qwen/Qwen3-8B,identical,cc687e21d76c3f0b5f22fb69ee92c5f8e6f0b6402af3dbdabe9eff7ad068e272,cec73259ef6b1952599c9ec97de94f12f18e6321,NVIDIA H100 NVL,590.48.01,2.6.0+cu124,12.4,4.57.1,0.7.0,always-continuous,MPK,MPK,continuous_one_mpk_launch,,,,1876.8072509765625,136.40186005611127,,,,,,,,,,[1876.8072509765625],30,1.0,1.0,0,0,30,20,True,"[[30, 30]]",,,1.312951298914848,/data/home/hliu148/mirage/results/qwen3_3d_identical_b1_b64_repeat1/b2_in512_out128/summary.json
2,512,128,512,127,1,0,1024,2,8,False,0.28125,93.3447265625,completed,,Qwen/Qwen3-8B,identical,cc687e21d76c3f0b5f22fb69ee92c5f8e6f0b6402af3dbdabe9eff7ad068e272,cec73259ef6b1952599c9ec97de94f12f18e6321,NVIDIA H100 NVL,590.48.01,2.6.0+cu124,12.4,4.57.1,0.7.0,decode-only,NORMAL,MPK,one_prefill_phase_then_decode,359.6028747558594,855.8816528320312,1215.4845275878906,,,6.73922561285064,,,,296.77000220712534,210.61559747537706,,[359.6028747558594],[855.8816528320312],,30,1.0,1.0,0,0,30,20,True,"[[30, 30]]",2.4257034108911473,2.027303895733302,,/data/home/hliu148/mirage/results/qwen3_3d_identical_b1_b64_repeat1/b2_in512_out128/summary.json
2,512,128,512,127,1,0,1024,2,8,False,0.28125,93.3447265625,completed,,Qwen/Qwen3-8B,identical,cc687e21d76c3f0b5f22fb69ee92c5f8e6f0b6402af3dbdabe9eff7ad068e272,cec73259ef6b1952599c9ec97de94f12f18e6321,NVIDIA H100 NVL,590.48.01,2.6.0+cu124,12.4,4.57.1,0.7.0,prefill-only,MPK,NORMAL,one_prefill_phase_then_decode,955.4207153320312,2412.9269580841064,3368.3476734161377,,,18.999424866803988,16.140031814575195,16.23213996887207,17.169008331298826,105.26634432468653,76.00165565461593,,[955.4207153320312],[2412.9269580841064],,30,1.0,1.0,0,0,30,20,True,"[[30, 30]]",0.8604135478026537,0.7315624029639924,,/data/home/hliu148/mirage/results/qwen3_3d_identical_b1_b64_repeat1/b2_in512_out128/summary.json
2,512,256,512,255,1,0,1024,2,8,False,0.28125,93.3447265625,completed,,Qwen/Qwen3-8B,identical,cc687e21d76c3f0b5f22fb69ee92c5f8e6f0b6402af3dbdabe9eff7ad068e272,cec73259ef6b1952599c9ec97de94f12f18e6321,NVIDIA H100 NVL,590.48.01,2.6.0+cu124,12.4,4.57.1,0.7.0,normal,NORMAL,NORMAL,one_prefill_phase_then_decode,388.3146057128906,4070.664577484131,4458.9791831970215,,,15.963390499937768,15.873696327209473,15.981196975708007,16.643117485046385,125.28666764167654,114.82448761577389,,[388.3146057128906],[4070.664577484131],,,,,0,0,30,20,True,,1.0,1.0,,/data/home/hliu148/mirage/results/qwen3_3d_identical_b1_b64_repeat1/b2_in512_out256/summary.json
2,512,256,512,255,1,0,1024,2,8,False,0.28125,93.3447265625,completed,,Qwen/Qwen3-8B,identical,cc687e21d76c3f0b5f22fb69ee92c5f8e6f0b6402af3dbdabe9eff7ad068e272,cec73259ef6b1952599c9ec97de94f12f18e6321,NVIDIA H100 NVL,590.48.01,2.6.0+cu124,12.4,4.57.1,0.7.0,always,MPK,MPK,split_two_mpk_launches,954.8129272460938,1740.0203857421875,2694.8333129882812,,,6.8236093558517155,,,,293.1000143325705,189.99319829256783,,[954.8129272460938],[1740.0203857421875],,30,1.0,1.0,0,0,30,20,True,"[[30, 30]]",2.33943499216409,1.654640070577312,,/data/home/hliu148/mirage/results/qwen3_3d_identical_b1_b64_repeat1/b2_in512_out256/summary.json
2,512,256,512,255,1,0,1024,2,8,False,0.28125,93.3447265625,completed,,Qwen/Qwen3-8B,identical,cc687e21d76c3f0b5f22fb69ee92c5f8e6f0b6402af3dbdabe9eff7ad068e272,cec73259ef6b1952599c9ec97de94f12f18e6321,NVIDIA H100 NVL,590.48.01,2.6.0+cu124,12.4,4.57.1,0.7.0,always-continuous,MPK,MPK,continuous_one_mpk_launch,,,,2765.011474609375,185.17102178475858,,,,,,,,,,[2765.011474609375],30,1.0,1.0,0,0,30,20,True,"[[30, 30]]",,,1.6126440067764856,/data/home/hliu148/mirage/results/qwen3_3d_identical_b1_b64_repeat1/b2_in512_out256/summary.json
2,512,256,512,255,1,0,1024,2,8,False,0.28125,93.3447265625,completed,,Qwen/Qwen3-8B,identical,cc687e21d76c3f0b5f22fb69ee92c5f8e6f0b6402af3dbdabe9eff7ad068e272,cec73259ef6b1952599c9ec97de94f12f18e6321,NVIDIA H100 NVL,590.48.01,2.6.0+cu124,12.4,4.57.1,0.7.0,decode-only,NORMAL,MPK,one_prefill_phase_then_decode,358.8441162109375,1730.5404052734375,2089.384521484375,,,6.786432961856618,,,,294.7056297824011,245.048240156511,,[358.8441162109375],[1730.5404052734375],,30,1.0,1.0,0,0,30,20,True,"[[30, 30]]",2.3522505253732793,2.1341113315174747,,/data/home/hliu148/mirage/results/qwen3_3d_identical_b1_b64_repeat1/b2_in512_out256/summary.json
2,512,256,512,255,1,0,1024,2,8,False,0.28125,93.3447265625,completed,,Qwen/Qwen3-8B,identical,cc687e21d76c3f0b5f22fb69ee92c5f8e6f0b6402af3dbdabe9eff7ad068e272,cec73259ef6b1952599c9ec97de94f12f18e6321,NVIDIA H100 NVL,590.48.01,2.6.0+cu124,12.4,4.57.1,0.7.0,prefill-only,MPK,NORMAL,one_prefill_phase_then_decode,963.134521484375,4504.938383102417,5468.072904586792,,,17.666425031774185,16.261951446533203,16.377344131469727,17.256606636047366,113.2090955811871,93.63445018637522,,[963.134521484375],[4504.938383102417],,30,1.0,1.0,0,0,30,20,True,"[[30, 30]]",0.9036005004536345,0.8154571566623936,,/data/home/hliu148/mirage/results/qwen3_3d_identical_b1_b64_repeat1/b2_in512_out256/summary.json
2,512,512,512,511,1,0,1024,2,8,False,0.28125,93.3447265625,completed,,Qwen/Qwen3-8B,identical,cc687e21d76c3f0b5f22fb69ee92c5f8e6f0b6402af3dbdabe9eff7ad068e272,cec73259ef6b1952599c9ec97de94f12f18e6321,NVIDIA H100 NVL,590.48.01,2.6.0+cu124,12.4,4.57.1,0.7.0,normal,NORMAL,NORMAL,one_prefill_phase_then_decode,389.3416442871094,8134.902720451355,8524.244364738464,,,15.919574795403825,15.86451244354248,15.995936393737793,16.577647781372068,125.63149617396968,120.12794990203425,,[389.3416442871094],[8134.902720451355],,,,,0,0,30,20,True,,1.0,1.0,,/data/home/hliu148/mirage/results/qwen3_3d_identical_b1_b64_repeat1/b2_in512_out512/summary.json
2,512,512,512,511,1,0,1024,2,8,False,0.28125,93.3447265625,completed,,Qwen/Qwen3-8B,identical,cc687e21d76c3f0b5f22fb69ee92c5f8e6f0b6402af3dbdabe9eff7ad068e272,cec73259ef6b1952599c9ec97de94f12f18e6321,NVIDIA H100 NVL,590.48.01,2.6.0+cu124,12.4,4.57.1,0.7.0,always,MPK,MPK,split_two_mpk_launches,956.3739013671875,3548.8388671875,4505.2127685546875,,,6.944890151051859,,,,287.98151684185876,227.29226178778418,,[956.3739013671875],[3548.8388671875],,30,1.0,1.0,0,0,30,20,True,"[[30, 30]]",2.2922716485289087,1.8920847477472453,,/data/home/hliu148/mirage/results/qwen3_3d_identical_b1_b64_repeat1/b2_in512_out512/summary.json
2,512,512,512,511,1,0,1024,2,8,False,0.28125,93.3447265625,completed,,Qwen/Qwen3-8B,identical,cc687e21d76c3f0b5f22fb69ee92c5f8e6f0b6402af3dbdabe9eff7ad068e272,cec73259ef6b1952599c9ec97de94f12f18e6321,NVIDIA H100 NVL,590.48.01,2.6.0+cu124,12.4,4.57.1,0.7.0,always-continuous,MPK,MPK,continuous_one_mpk_launch,,,,4518.53955078125,226.62189596701697,,,,,,,,,,[4518.53955078125],30,1.0,1.0,0,0,30,20,True,"[[30, 30]]",,,1.8865043160382724,/data/home/hliu148/mirage/results/qwen3_3d_identical_b1_b64_repeat1/b2_in512_out512/summary.json
2,512,512,512,511,1,0,1024,2,8,False,0.28125,93.3447265625,completed,,Qwen/Qwen3-8B,identical,cc687e21d76c3f0b5f22fb69ee92c5f8e6f0b6402af3dbdabe9eff7ad068e272,cec73259ef6b1952599c9ec97de94f12f18e6321,NVIDIA H100 NVL,590.48.01,2.6.0+cu124,12.4,4.57.1,0.7.0,decode-only,NORMAL,MPK,one_prefill_phase_then_decode,366.80194091796875,3531.718994140625,3898.5209350585938,,,6.911387464071673,,,,289.3774962548185,262.66371710137025,,[366.80194091796875],[3531.718994140625],,30,1.0,1.0,0,0,30,20,True,"[[30, 30]]",2.3033833478676367,2.1865329202369277,,/data/home/hliu148/mirage/results/qwen3_3d_identical_b1_b64_repeat1/b2_in512_out512/summary.json
2,512,512,512,511,1,0,1024,2,8,False,0.28125,93.3447265625,completed,,Qwen/Qwen3-8B,identical,cc687e21d76c3f0b5f22fb69ee92c5f8e6f0b6402af3dbdabe9eff7ad068e272,cec73259ef6b1952599c9ec97de94f12f18e6321,NVIDIA H100 NVL,590.48.01,2.6.0+cu124,12.4,4.57.1,0.7.0,prefill-only,MPK,NORMAL,one_prefill_phase_then_decode,962.1534423828125,8562.408972740173,9524.562415122986,,,16.756181942740064,16.086591720581055,16.19651222229004,17.018815612792956,119.35893312894815,107.51150083011741,,[962.1534423828125],[8562.408972740173],,30,1.0,1.0,0,0,30,20,True,"[[30, 30]]",0.9500717317229469,0.8949749073200225,,/data/home/hliu148/mirage/results/qwen3_3d_identical_b1_b64_repeat1/b2_in512_out512/summary.json
4,16,16,16,15,1,0,64,4,8,False,0.03515625,93.3447265625,completed,,Qwen/Qwen3-8B,identical,ae7ce748147b78a02c87dfa1b9bce019c6aed5fb531c0bc2e8f8815cc8dfceb6,cec73259ef6b1952599c9ec97de94f12f18e6321,NVIDIA H100 NVL,590.48.01,2.6.0+cu124,12.4,4.57.1,0.7.0,normal,NORMAL,NORMAL,one_prefill_phase_then_decode,379.98199462890625,238.30684852600098,618.2888431549072,,,15.887123235066731,15.608223915100098,15.789747428894042,19.167660732269283,251.77623039840407,103.51149096178227,,[379.98199462890625],[238.30684852600098],,,,,0,0,16,11,True,,1.0,1.0,,/data/home/hliu148/mirage/results/qwen3_3d_identical_b1_b64_repeat1/b4_in16_out16/summary.json
4,16,16,16,15,1,0,64,4,8,False,0.03515625,93.3447265625,completed,,Qwen/Qwen3-8B,identical,ae7ce748147b78a02c87dfa1b9bce019c6aed5fb531c0bc2e8f8815cc8dfceb6,cec73259ef6b1952599c9ec97de94f12f18e6321,NVIDIA H100 NVL,590.48.01,2.6.0+cu124,12.4,4.57.1,0.7.0,always,MPK,MPK,split_two_mpk_launches,57.76063919067383,93.88416290283203,151.64480209350586,,,6.258944193522136,,,,639.085423407339,422.03886395352276,,[57.76063919067383],[93.88416290283203],,16,1.0,1.0,0,0,16,11,True,"[[16, 16, 16, 16]]",2.538307219851799,4.077217515003669,,/data/home/hliu148/mirage/results/qwen3_3d_identical_b1_b64_repeat1/b4_in16_out16/summary.json
4,16,16,16,15,1,0,64,4,8,False,0.03515625,93.3447265625,completed,,Qwen/Qwen3-8B,identical,ae7ce748147b78a02c87dfa1b9bce019c6aed5fb531c0bc2e8f8815cc8dfceb6,cec73259ef6b1952599c9ec97de94f12f18e6321,NVIDIA H100 NVL,590.48.01,2.6.0+cu124,12.4,4.57.1,0.7.0,always-continuous,MPK,MPK,continuous_one_mpk_launch,,,,161.42771911621094,396.4622702370387,,,,,,,,,,[161.42771911621094],16,1.0,1.0,0,0,16,11,True,"[[16, 16, 16, 16]]",,,3.830128100303545,/data/home/hliu148/mirage/results/qwen3_3d_identical_b1_b64_repeat1/b4_in16_out16/summary.json
4,16,16,16,15,1,0,64,4,8,False,0.03515625,93.3447265625,completed,,Qwen/Qwen3-8B,identical,ae7ce748147b78a02c87dfa1b9bce019c6aed5fb531c0bc2e8f8815cc8dfceb6,cec73259ef6b1952599c9ec97de94f12f18e6321,NVIDIA H100 NVL,590.48.01,2.6.0+cu124,12.4,4.57.1,0.7.0,decode-only,NORMAL,MPK,one_prefill_phase_then_decode,346.6695251464844,93.90230560302734,440.5718307495117,,,6.26015370686849,,,,638.9619468306819,145.26575584989538,,[346.6695251464844],[93.90230560302734],,16,1.0,1.0,0,0,16,11,True,"[[16, 16, 16, 16]]",2.5378167979543,1.4033780646008596,,/data/home/hliu148/mirage/results/qwen3_3d_identical_b1_b64_repeat1/b4_in16_out16/summary.json
4,16,16,16,15,1,0,64,4,8,False,0.03515625,93.3447265625,completed,,Qwen/Qwen3-8B,identical,ae7ce748147b78a02c87dfa1b9bce019c6aed5fb531c0bc2e8f8815cc8dfceb6,cec73259ef6b1952599c9ec97de94f12f18e6321,NVIDIA H100 NVL,590.48.01,2.6.0+cu124,12.4,4.57.1,0.7.0,prefill-only,MPK,NORMAL,one_prefill_phase_then_decode,58.17046356201172,584.0392370223999,642.2097005844116,,,38.93594913482666,16.071231842041016,17.10321922302246,310.2290908432005,102.73282374981733,99.65592226613818,,[58.17046356201172],[584.0392370223999],,16,1.0,1.0,0,0,16,11,True,"[[16, 16, 16, 16]]",0.4080322577999346,0.9627522639291552,,/data/home/hliu148/mirage/results/qwen3_3d_identical_b1_b64_repeat1/b4_in16_out16/summary.json
4,16,32,16,31,1,0,64,4,8,False,0.03515625,93.3447265625,completed,,Qwen/Qwen3-8B,identical,ae7ce748147b78a02c87dfa1b9bce019c6aed5fb531c0bc2e8f8815cc8dfceb6,cec73259ef6b1952599c9ec97de94f12f18e6321,NVIDIA H100 NVL,590.48.01,2.6.0+cu124,12.4,4.57.1,0.7.0,normal,NORMAL,NORMAL,one_prefill_phase_then_decode,379.6894226074219,498.82611179351807,878.5155344009399,,,16.0911648965651,15.95241641998291,16.09507179260254,19.117398262023922,248.58361875676633,145.70032627514465,,[379.6894226074219],[498.82611179351807],,,,,0,0,30,20,True,,1.0,1.0,,/data/home/hliu148/mirage/results/qwen3_3d_identical_b1_b64_repeat1/b4_in16_out32/summary.json
4,16,32,16,31,1,0,64,4,8,False,0.03515625,93.3447265625,correctness_failed,Batch match fraction: 0.633; passing-request fraction: 0.000; both require 0.667; invalid token IDs: 0; incomplete requests: 0,Qwen/Qwen3-8B,identical,ae7ce748147b78a02c87dfa1b9bce019c6aed5fb531c0bc2e8f8815cc8dfceb6,cec73259ef6b1952599c9ec97de94f12f18e6321,NVIDIA H100 NVL,590.48.01,2.6.0+cu124,12.4,4.57.1,0.7.0,always,MPK,MPK,split_two_mpk_launches,57.7105598449707,193.81849670410156,251.52905654907227,,,6.2522095711000505,,,,639.7738198811235,508.88752876559903,,[57.7105598449707],[193.81849670410156],,19,0.6333333333333333,0.0,0,0,30,20,True,"[[19, 19, 19, 19]]",2.5736765080531243,3.4926999944022183,,/data/home/hliu148/mirage/results/qwen3_3d_identical_b1_b64_repeat1/b4_in16_out32/summary.json
4,16,32,16,31,1,0,64,4,8,False,0.03515625,93.3447265625,correctness_failed,Batch match fraction: 0.633; passing-request fraction: 0.000; both require 0.667; invalid token IDs: 0; incomplete requests: 0,Qwen/Qwen3-8B,identical,ae7ce748147b78a02c87dfa1b9bce019c6aed5fb531c0bc2e8f8815cc8dfceb6,cec73259ef6b1952599c9ec97de94f12f18e6321,NVIDIA H100 NVL,590.48.01,2.6.0+cu124,12.4,4.57.1,0.7.0,always-continuous,MPK,MPK,continuous_one_mpk_launch,,,,261.320068359375,489.82078109657715,,,,,,,,,,[261.320068359375],19,0.6333333333333333,0.0,0,0,30,20,True,"[[19, 19, 19, 19]]",,,3.361837228638635,/data/home/hliu148/mirage/results/qwen3_3d_identical_b1_b64_repeat1/b4_in16_out32/summary.json
4,16,32,16,31,1,0,64,4,8,False,0.03515625,93.3447265625,correctness_failed,Batch match fraction: 0.633; passing-request fraction: 0.000; both require 0.667; invalid token IDs: 0; incomplete requests: 0,Qwen/Qwen3-8B,identical,ae7ce748147b78a02c87dfa1b9bce019c6aed5fb531c0bc2e8f8815cc8dfceb6,cec73259ef6b1952599c9ec97de94f12f18e6321,NVIDIA H100 NVL,590.48.01,2.6.0+cu124,12.4,4.57.1,0.7.0,decode-only,NORMAL,MPK,one_prefill_phase_then_decode,349.736328125,193.9772491455078,543.7135772705078,,,6.2573306175970265,,,,639.2502241692483,235.4180681721648,,[349.736328125],[193.9772491455078],,19,0.6333333333333333,0.0,0,0,30,20,True,"[[19, 19, 19, 19]]",2.571570191818395,1.6157689841242677,,/data/home/hliu148/mirage/results/qwen3_3d_identical_b1_b64_repeat1/b4_in16_out32/summary.json
4,16,32,16,31,1,0,64,4,8,False,0.03515625,93.3447265625,completed,,Qwen/Qwen3-8B,identical,ae7ce748147b78a02c87dfa1b9bce019c6aed5fb531c0bc2e8f8815cc8dfceb6,cec73259ef6b1952599c9ec97de94f12f18e6321,NVIDIA H100 NVL,590.48.01,2.6.0+cu124,12.4,4.57.1,0.7.0,prefill-only,MPK,NORMAL,one_prefill_phase_then_decode,57.79011154174805,821.8625993728638,879.6527109146118,,,26.511696753963346,15.833024024963379,16.05353546142578,247.3984601974485,150.87680117652306,145.51197127206376,,[57.79011154174805],[821.8625993728638],,30,1.0,1.0,0,0,30,20,True,"[[30, 30, 30, 30]]",0.6069458716994249,0.9987072437797759,,/data/home/hliu148/mirage/results/qwen3_3d_identical_b1_b64_repeat1/b4_in16_out32/summary.json
4,16,64,16,63,1,0,128,4,8,False,0.0703125,93.3447265625,completed,,Qwen/Qwen3-8B,identical,ae7ce748147b78a02c87dfa1b9bce019c6aed5fb531c0bc2e8f8815cc8dfceb6,cec73259ef6b1952599c9ec97de94f12f18e6321,NVIDIA H100 NVL,590.48.01,2.6.0+cu124,12.4,4.57.1,0.7.0,normal,NORMAL,NORMAL,one_prefill_phase_then_decode,380.75347900390625,990.5764179229736,1371.3298969268799,,,15.723435205126565,15.594240188598633,15.815859031677245,18.41232341766358,254.39733415862045,186.68009832914046,,[380.75347900390625],[990.5764179229736],,,,,0,0,30,20,True,,1.0,1.0,,/data/home/hliu148/mirage/results/qwen3_3d_identical_b1_b64_repeat1/b4_in16_out64/summary.json
4,16,64,16,63,1,0,128,4,8,False,0.0703125,93.3447265625,correctness_failed,Batch match fraction: 0.633; passing-request fraction: 0.000; both require 0.667; invalid token IDs: 0; incomplete requests: 0,Qwen/Qwen3-8B,identical,ae7ce748147b78a02c87dfa1b9bce019c6aed5fb531c0bc2e8f8815cc8dfceb6,cec73259ef6b1952599c9ec97de94f12f18e6321,NVIDIA H100 NVL,590.48.01,2.6.0+cu124,12.4,4.57.1,0.7.0,always,MPK,MPK,split_two_mpk_launches,58.50067138671875,395.0132141113281,453.5138854980469,,,6.270051017640129,,,,637.9533418063778,564.4810626225081,,[58.50067138671875],[395.0132141113281],,19,0.6333333333333333,0.0,0,0,30,20,True,"[[19, 19, 19, 19]]",2.5077045084466354,3.0237881149347645,,/data/home/hliu148/mirage/results/qwen3_3d_identical_b1_b64_repeat1/b4_in16_out64/summary.json
4,16,64,16,63,1,0,128,4,8,False,0.0703125,93.3447265625,correctness_failed,Batch match fraction: 0.633; passing-request fraction: 0.000; both require 0.667; invalid token IDs: 0; incomplete requests: 0,Qwen/Qwen3-8B,identical,ae7ce748147b78a02c87dfa1b9bce019c6aed5fb531c0bc2e8f8815cc8dfceb6,cec73259ef6b1952599c9ec97de94f12f18e6321,NVIDIA H100 NVL,590.48.01,2.6.0+cu124,12.4,4.57.1,0.7.0,always-continuous,MPK,MPK,continuous_one_mpk_launch,,,,466.11273193359375,549.2233583451479,,,,,,,,,,[466.11273193359375],19,0.6333333333333333,0.0,0,0,30,20,True,"[[19, 19, 19, 19]]",,,2.9420562944894,/data/home/hliu148/mirage/results/qwen3_3d_identical_b1_b64_repeat1/b4_in16_out64/summary.json
4,16,64,16,63,1,0,128,4,8,False,0.0703125,93.3447265625,correctness_failed,Batch match fraction: 0.633; passing-request fraction: 0.000; both require 0.667; invalid token IDs: 0; incomplete requests: 0,Qwen/Qwen3-8B,identical,ae7ce748147b78a02c87dfa1b9bce019c6aed5fb531c0bc2e8f8815cc8dfceb6,cec73259ef6b1952599c9ec97de94f12f18e6321,NVIDIA H100 NVL,590.48.01,2.6.0+cu124,12.4,4.57.1,0.7.0,decode-only,NORMAL,MPK,one_prefill_phase_then_decode,347.0007629394531,394.8984680175781,741.8992309570312,,,6.2682296510726685,,,,638.1387126292491,345.0603388141628,,[347.0007629394531],[394.8984680175781],,19,0.6333333333333333,0.0,0,0,30,20,True,"[[19, 19, 19, 19]]",2.50843317497722,1.8484045267952347,,/data/home/hliu148/mirage/results/qwen3_3d_identical_b1_b64_repeat1/b4_in16_out64/summary.json
4,16,64,16,63,1,0,128,4,8,False,0.0703125,93.3447265625,completed,,Qwen/Qwen3-8B,identical,ae7ce748147b78a02c87dfa1b9bce019c6aed5fb531c0bc2e8f8815cc8dfceb6,cec73259ef6b1952599c9ec97de94f12f18e6321,NVIDIA H100 NVL,590.48.01,2.6.0+cu124,12.4,4.57.1,0.7.0,prefill-only,MPK,NORMAL,one_prefill_phase_then_decode,58.39177703857422,1341.4342994689941,1399.8260765075684,,,21.29260792807927,15.857952117919922,16.08227195739746,145.97190959930506,187.85862274414336,182.87986221738018,,[58.39177703857422],[1341.4342994689941],,30,1.0,1.0,0,0,30,20,True,"[[30, 30, 30, 30]]",0.7384457206104634,0.9796430570490702,,/data/home/hliu148/mirage/results/qwen3_3d_identical_b1_b64_repeat1/b4_in16_out64/summary.json
4,16,128,16,127,1,0,256,4,8,False,0.140625,93.3447265625,completed,,Qwen/Qwen3-8B,identical,ae7ce748147b78a02c87dfa1b9bce019c6aed5fb531c0bc2e8f8815cc8dfceb6,cec73259ef6b1952599c9ec97de94f12f18e6321,NVIDIA H100 NVL,590.48.01,2.6.0+cu124,12.4,4.57.1,0.7.0,normal,NORMAL,NORMAL,one_prefill_phase_then_decode,473.04534912109375,2003.0051851272583,2476.050534248352,,,15.771694371080773,15.679679870605469,15.846323394775391,18.426532402038568,253.61891410566912,206.78091699587483,,[473.04534912109375],[2003.0051851272583],,,,,0,0,30,20,True,,1.0,1.0,,/data/home/hliu148/mirage/results/qwen3_3d_identical_b1_b64_repeat1/b4_in16_out128/summary.json
4,16,128,16,127,1,0,256,4,8,False,0.140625,93.3447265625,correctness_failed,Batch match fraction: 0.633; passing-request fraction: 0.000; both require 0.667; invalid token IDs: 0; incomplete requests: 0,Qwen/Qwen3-8B,identical,ae7ce748147b78a02c87dfa1b9bce019c6aed5fb531c0bc2e8f8815cc8dfceb6,cec73259ef6b1952599c9ec97de94f12f18e6321,NVIDIA H100 NVL,590.48.01,2.6.0+cu124,12.4,4.57.1,0.7.0,always,MPK,MPK,split_two_mpk_launches,58.36479949951172,797.6398315429688,856.0046310424805,,,6.280628594826526,,,,636.8789269428981,598.1276051935182,,[58.36479949951172],[797.6398315429688],,19,0.6333333333333333,0.0,0,0,30,20,True,"[[19, 19, 19, 19]]",2.5111649467813177,2.892566750758004,,/data/home/hliu148/mirage/results/qwen3_3d_identical_b1_b64_repeat1/b4_in16_out128/summary.json
4,16,128,16,127,1,0,256,4,8,False,0.140625,93.3447265625,correctness_failed,Batch match fraction: 0.633; passing-request fraction: 0.000; both require 0.667; invalid token IDs: 0; incomplete requests: 0,Qwen/Qwen3-8B,identical,ae7ce748147b78a02c87dfa1b9bce019c6aed5fb531c0bc2e8f8815cc8dfceb6,cec73259ef6b1952599c9ec97de94f12f18e6321,NVIDIA H100 NVL,590.48.01,2.6.0+cu124,12.4,4.57.1,0.7.0,always-continuous,MPK,MPK,continuous_one_mpk_launch,,,,859.095458984375,595.9756795889572,,,,,,,,,,[859.095458984375],19,0.6333333333333333,0.0,0,0,30,20,True,"[[19, 19, 19, 19]]",,,2.8821599606352777,/data/home/hliu148/mirage/results/qwen3_3d_identical_b1_b64_repeat1/b4_in16_out128/summary.json
4,16,128,16,127,1,0,256,4,8,False,0.140625,93.3447265625,correctness_failed,Batch match fraction: 0.633; passing-request fraction: 0.000; both require 0.667; invalid token IDs: 0; incomplete requests: 0,Qwen/Qwen3-8B,identical,ae7ce748147b78a02c87dfa1b9bce019c6aed5fb531c0bc2e8f8815cc8dfceb6,cec73259ef6b1952599c9ec97de94f12f18e6321,NVIDIA H100 NVL,590.48.01,2.6.0+cu124,12.4,4.57.1,0.7.0,decode-only,NORMAL,MPK,one_prefill_phase_then_decode,357.0989685058594,796.9191284179688,1154.0180969238281,,,6.27495376707062,,,,637.454895841782,443.6672192271478,,[357.0989685058594],[796.9191284179688],,19,0.6333333333333333,0.0,0,0,30,20,True,"[[19, 19, 19, 19]]",2.513435948141429,2.1455907328044144,,/data/home/hliu148/mirage/results/qwen3_3d_identical_b1_b64_repeat1/b4_in16_out128/summary.json
4,16,128,16,127,1,0,256,4,8,False,0.140625,93.3447265625,completed,,Qwen/Qwen3-8B,identical,ae7ce748147b78a02c87dfa1b9bce019c6aed5fb531c0bc2e8f8815cc8dfceb6,cec73259ef6b1952599c9ec97de94f12f18e6321,NVIDIA H100 NVL,590.48.01,2.6.0+cu124,12.4,4.57.1,0.7.0,prefill-only,MPK,NORMAL,one_prefill_phase_then_decode,58.344478607177734,2320.9092569351196,2379.2537355422974,,,18.274876038859208,15.58579158782959,15.754969596862793,19.13731678009032,218.87973365698932,215.19352574781232,,[58.344478607177734],[2320.9092569351196],,30,1.0,1.0,0,0,30,20,True,"[[30, 30, 30, 30]]",0.8630260658153994,1.0406836804583148,,/data/home/hliu148/mirage/results/qwen3_3d_identical_b1_b64_repeat1/b4_in16_out128/summary.json
4,16,256,16,255,1,0,512,4,8,False,0.28125,93.3447265625,completed,,Qwen/Qwen3-8B,identical,ae7ce748147b78a02c87dfa1b9bce019c6aed5fb531c0bc2e8f8815cc8dfceb6,cec73259ef6b1952599c9ec97de94f12f18e6321,NVIDIA H100 NVL,590.48.01,2.6.0+cu124,12.4,4.57.1,0.7.0,normal,NORMAL,NORMAL,one_prefill_phase_then_decode,391.7962646484375,3968.681025505066,4360.477290153503,,,15.563455001980651,15.535103797912598,15.746527862548827,17.478314323425295,257.0123407360993,234.836677698636,,[391.7962646484375],[3968.681025505066],,,,,0,0,30,20,True,,1.0,1.0,,/data/home/hliu148/mirage/results/qwen3_3d_identical_b1_b64_repeat1/b4_in16_out256/summary.json
4,16,256,16,255,1,0,512,4,8,False,0.28125,93.3447265625,correctness_failed,Batch match fraction: 0.633; passing-request fraction: 0.000; both require 0.667; invalid token IDs: 0; incomplete requests: 0,Qwen/Qwen3-8B,identical,ae7ce748147b78a02c87dfa1b9bce019c6aed5fb531c0bc2e8f8815cc8dfceb6,cec73259ef6b1952599c9ec97de94f12f18e6321,NVIDIA H100 NVL,590.48.01,2.6.0+cu124,12.4,4.57.1,0.7.0,always,MPK,MPK,split_two_mpk_launches,58.496097564697266,1615.14453125,1673.6406288146973,,,6.33390012254902,,,,631.5224305100404,611.8398313054909,,[58.496097564697266],[1615.14453125],,19,0.6333333333333333,0.0,0,0,30,20,True,"[[19, 19, 19, 19]]",2.4571677324961168,2.6053844625184994,,/data/home/hliu148/mirage/results/qwen3_3d_identical_b1_b64_repeat1/b4_in16_out256/summary.json
4,16,256,16,255,1,0,512,4,8,False,0.28125,93.3447265625,correctness_failed,Batch match fraction: 0.633; passing-request fraction: 0.000; both require 0.667; invalid token IDs: 0; incomplete requests: 0,Qwen/Qwen3-8B,identical,ae7ce748147b78a02c87dfa1b9bce019c6aed5fb531c0bc2e8f8815cc8dfceb6,cec73259ef6b1952599c9ec97de94f12f18e6321,NVIDIA H100 NVL,590.48.01,2.6.0+cu124,12.4,4.57.1,0.7.0,always-continuous,MPK,MPK,continuous_one_mpk_launch,,,,1689.707275390625,606.0221287520187,,,,,,,,,,[1689.707275390625],19,0.6333333333333333,0.0,0,0,30,20,True,"[[19, 19, 19, 19]]",,,2.5806110642125586,/data/home/hliu148/mirage/results/qwen3_3d_identical_b1_b64_repeat1/b4_in16_out256/summary.json
4,16,256,16,255,1,0,512,4,8,False,0.28125,93.3447265625,correctness_failed,Batch match fraction: 0.633; passing-request fraction: 0.000; both require 0.667; invalid token IDs: 0; incomplete requests: 0,Qwen/Qwen3-8B,identical,ae7ce748147b78a02c87dfa1b9bce019c6aed5fb531c0bc2e8f8815cc8dfceb6,cec73259ef6b1952599c9ec97de94f12f18e6321,NVIDIA H100 NVL,590.48.01,2.6.0+cu124,12.4,4.57.1,0.7.0,decode-only,NORMAL,MPK,one_prefill_phase_then_decode,350.020263671875,1613.851318359375,1963.87158203125,,,6.328828699448529,,,,632.0284826714532,521.4190221851816,,[350.020263671875],[1613.851318359375],,19,0.6333333333333333,0.0,0,0,30,20,True,"[[19, 19, 19, 19]]",2.459136712506817,2.2203474657153612,,/data/home/hliu148/mirage/results/qwen3_3d_identical_b1_b64_repeat1/b4_in16_out256/summary.json
4,16,256,16,255,1,0,512,4,8,False,0.28125,93.3447265625,completed,,Qwen/Qwen3-8B,identical,ae7ce748147b78a02c87dfa1b9bce019c6aed5fb531c0bc2e8f8815cc8dfceb6,cec73259ef6b1952599c9ec97de94f12f18e6321,NVIDIA H100 NVL,590.48.01,2.6.0+cu124,12.4,4.57.1,0.7.0,prefill-only,MPK,NORMAL,one_prefill_phase_then_decode,57.936927795410156,4360.759003639221,4418.695931434631,,,17.101015700545965,15.775168418884277,15.976288223266602,17.041191253662113,233.9042352830713,231.74258104416225,,[57.936927795410156],[4360.759003639221],,30,1.0,1.0,0,0,30,20,True,"[[30, 30, 30, 30]]",0.9100895101501938,0.9868244744185812,,/data/home/hliu148/mirage/results/qwen3_3d_identical_b1_b64_repeat1/b4_in16_out256/summary.json
4,16,512,16,511,1,0,1024,4,8,False,0.5625,93.3447265625,completed,,Qwen/Qwen3-8B,identical,ae7ce748147b78a02c87dfa1b9bce019c6aed5fb531c0bc2e8f8815cc8dfceb6,cec73259ef6b1952599c9ec97de94f12f18e6321,NVIDIA H100 NVL,590.48.01,2.6.0+cu124,12.4,4.57.1,0.7.0,normal,NORMAL,NORMAL,one_prefill_phase_then_decode,382.8074951171875,8012.186877250671,8394.994372367859,,,15.679426374267459,15.678879737854004,15.81488037109375,16.380780792236326,255.11137362554692,243.95489849772815,,[382.8074951171875],[8012.186877250671],,,,,0,0,30,20,True,,1.0,1.0,,/data/home/hliu148/mirage/results/qwen3_3d_identical_b1_b64_repeat1/b4_in16_out512/summary.json
4,16,512,16,511,1,0,1024,4,8,False,0.5625,93.3447265625,correctness_failed,Batch match fraction: 0.633; passing-request fraction: 0.000; both require 0.667; invalid token IDs: 0; incomplete requests: 0,Qwen/Qwen3-8B,identical,ae7ce748147b78a02c87dfa1b9bce019c6aed5fb531c0bc2e8f8815cc8dfceb6,cec73259ef6b1952599c9ec97de94f12f18e6321,NVIDIA H100 NVL,590.48.01,2.6.0+cu124,12.4,4.57.1,0.7.0,always,MPK,MPK,split_two_mpk_launches,57.763999938964844,3300.039306640625,3357.80330657959,,,6.4580025570266635,,,,619.3865618166687,609.9225633577047,,[57.763999938964844],[3300.039306640625],,19,0.6333333333333333,0.0,0,0,30,20,True,"[[19, 19, 19, 19]]",2.4279064983037792,2.500144769027397,,/data/home/hliu148/mirage/results/qwen3_3d_identical_b1_b64_repeat1/b4_in16_out512/summary.json
4,16,512,16,511,1,0,1024,4,8,False,0.5625,93.3447265625,correctness_failed,Batch match fraction: 0.633; passing-request fraction: 0.000; both require 0.667; invalid token IDs: 0; incomplete requests: 0,Qwen/Qwen3-8B,identical,ae7ce748147b78a02c87dfa1b9bce019c6aed5fb531c0bc2e8f8815cc8dfceb6,cec73259ef6b1952599c9ec97de94f12f18e6321,NVIDIA H100 NVL,590.48.01,2.6.0+cu124,12.4,4.57.1,0.7.0,always-continuous,MPK,MPK,continuous_one_mpk_launch,,,,3353.599609375,610.6870940331721,,,,,,,,,,[3353.599609375],19,0.6333333333333333,0.0,0,0,30,20,True,"[[19, 19, 19, 19]]",,,2.503278670745196,/data/home/hliu148/mirage/results/qwen3_3d_identical_b1_b64_repeat1/b4_in16_out512/summary.json
4,16,512,16,511,1,0,1024,4,8,False,0.5625,93.3447265625,correctness_failed,Batch match fraction: 0.633; passing-request fraction: 0.000; both require 0.667; invalid token IDs: 0; incomplete requests: 0,Qwen/Qwen3-8B,identical,ae7ce748147b78a02c87dfa1b9bce019c6aed5fb531c0bc2e8f8815cc8dfceb6,cec73259ef6b1952599c9ec97de94f12f18e6321,NVIDIA H100 NVL,590.48.01,2.6.0+cu124,12.4,4.57.1,0.7.0,decode-only,NORMAL,MPK,one_prefill_phase_then_decode,359.3314208984375,3294.535400390625,3653.8668212890625,,,6.447231703308463,,,,620.4213194241737,560.5020927603151,,[359.3314208984375],[3294.535400390625],,19,0.6333333333333333,0.0,0,0,30,20,True,"[[19, 19, 19, 19]]",2.4319625997343013,2.2975644113394793,,/data/home/hliu148/mirage/results/qwen3_3d_identical_b1_b64_repeat1/b4_in16_out512/summary.json
4,16,512,16,511,1,0,1024,4,8,False,0.5625,93.3447265625,completed,,Qwen/Qwen3-8B,identical,ae7ce748147b78a02c87dfa1b9bce019c6aed5fb531c0bc2e8f8815cc8dfceb6,cec73259ef6b1952599c9ec97de94f12f18e6321,NVIDIA H100 NVL,590.48.01,2.6.0+cu124,12.4,4.57.1,0.7.0,prefill-only,MPK,NORMAL,one_prefill_phase_then_decode,57.97593688964844,8433.872488975525,8491.848425865173,,,16.504642835568543,15.842816352844238,15.983231544494629,16.78751392364502,242.35604731656167,241.1724629660172,,[57.97593688964844],[8433.872488975525],,30,1.0,1.0,0,0,30,20,True,"[[30, 30, 30, 30]]",0.9500009500646273,0.9885944674657277,,/data/home/hliu148/mirage/results/qwen3_3d_identical_b1_b64_repeat1/b4_in16_out512/summary.json
4,32,16,32,15,1,0,64,4,8,False,0.03515625,93.3447265625,completed,,Qwen/Qwen3-8B,identical,dc3933823771d5c3b3af8b0796fa0f71de237a7272c30f0a012c4e00a0815c48,cec73259ef6b1952599c9ec97de94f12f18e6321,NVIDIA H100 NVL,590.48.01,2.6.0+cu124,12.4,4.57.1,0.7.0,normal,NORMAL,NORMAL,one_prefill_phase_then_decode,384.4430847167969,242.02838516235352,626.4714698791504,,,16.135225677490233,15.86019229888916,16.055430603027343,19.6675764465332,247.90480653643903,102.1594806421846,,[384.4430847167969],[242.02838516235352],,,,,0,0,16,11,True,,1.0,1.0,,/data/home/hliu148/mirage/results/qwen3_3d_identical_b1_b64_repeat1/b4_in32_out16/summary.json
4,32,16,32,15,1,0,64,4,8,False,0.03515625,93.3447265625,completed,,Qwen/Qwen3-8B,identical,dc3933823771d5c3b3af8b0796fa0f71de237a7272c30f0a012c4e00a0815c48,cec73259ef6b1952599c9ec97de94f12f18e6321,NVIDIA H100 NVL,590.48.01,2.6.0+cu124,12.4,4.57.1,0.7.0,always,MPK,MPK,split_two_mpk_launches,116.0041275024414,93.20748901367188,209.21161651611328,,,6.213832600911458,,,,643.7250980036494,305.9103555804263,,[116.0041275024414],[93.20748901367188],,16,1.0,1.0,0,0,16,11,True,"[[16, 16, 16, 16]]",2.5966624326383503,2.9944392204956753,,/data/home/hliu148/mirage/results/qwen3_3d_identical_b1_b64_repeat1/b4_in32_out16/summary.json
4,32,16,32,15,1,0,64,4,8,False,0.03515625,93.3447265625,completed,,Qwen/Qwen3-8B,identical,dc3933823771d5c3b3af8b0796fa0f71de237a7272c30f0a012c4e00a0815c48,cec73259ef6b1952599c9ec97de94f12f18e6321,NVIDIA H100 NVL,590.48.01,2.6.0+cu124,12.4,4.57.1,0.7.0,always-continuous,MPK,MPK,continuous_one_mpk_launch,,,,231.99078369140625,275.87302815069023,,,,,,,,,,[231.99078369140625],16,1.0,1.0,0,0,16,11,True,"[[16, 16, 16, 16]]",,,2.7004153350871114,/data/home/hliu148/mirage/results/qwen3_3d_identical_b1_b64_repeat1/b4_in32_out16/summary.json
4,32,16,32,15,1,0,64,4,8,False,0.03515625,93.3447265625,completed,,Qwen/Qwen3-8B,identical,dc3933823771d5c3b3af8b0796fa0f71de237a7272c30f0a012c4e00a0815c48,cec73259ef6b1952599c9ec97de94f12f18e6321,NVIDIA H100 NVL,590.48.01,2.6.0+cu124,12.4,4.57.1,0.7.0,decode-only,NORMAL,MPK,one_prefill_phase_then_decode,361.0768737792969,92.77558135986328,453.85245513916016,,,6.185038757324219,,,,646.7218972982614,141.01499127150547,,[361.0768737792969],[92.77558135986328],,16,1.0,1.0,0,0,16,11,True,"[[16, 16, 16, 16]]",2.6087509408705274,1.3803417008883687,,/data/home/hliu148/mirage/results/qwen3_3d_identical_b1_b64_repeat1/b4_in32_out16/summary.json
4,32,16,32,15,1,0,64,4,8,False,0.03515625,93.3447265625,completed,,Qwen/Qwen3-8B,identical,dc3933823771d5c3b3af8b0796fa0f71de237a7272c30f0a012c4e00a0815c48,cec73259ef6b1952599c9ec97de94f12f18e6321,NVIDIA H100 NVL,590.48.01,2.6.0+cu124,12.4,4.57.1,0.7.0,prefill-only,MPK,NORMAL,one_prefill_phase_then_decode,116.0742416381836,580.9531240463257,697.0273656845093,,,38.730208269755046,15.846879959106445,16.41975631713867,310.6054390716551,103.27855642138788,91.81848970470391,,[116.0742416381836],[580.9531240463257],,16,1.0,1.0,0,0,16,11,True,"[[16, 16, 16, 16]]",0.41660570387612544,0.8987760032404608,,/data/home/hliu148/mirage/results/qwen3_3d_identical_b1_b64_repeat1/b4_in32_out16/summary.json
4,32,32,32,31,1,0,64,4,8,False,0.03515625,93.3447265625,completed,,Qwen/Qwen3-8B,identical,dc3933823771d5c3b3af8b0796fa0f71de237a7272c30f0a012c4e00a0815c48,cec73259ef6b1952599c9ec97de94f12f18e6321,NVIDIA H100 NVL,590.48.01,2.6.0+cu124,12.4,4.57.1,0.7.0,normal,NORMAL,NORMAL,one_prefill_phase_then_decode,382.87091064453125,497.9552011489868,880.8261117935181,,,16.063071004806027,15.91545581817627,16.090816497802734,19.381478500366207,249.01838501512015,145.31812611614035,,[382.87091064453125],[497.9552011489868],,,,,0,0,30,20,True,,1.0,1.0,,/data/home/hliu148/mirage/results/qwen3_3d_identical_b1_b64_repeat1/b4_in32_out32/summary.json
4,32,32,32,31,1,0,64,4,8,False,0.03515625,93.3447265625,completed,,Qwen/Qwen3-8B,identical,dc3933823771d5c3b3af8b0796fa0f71de237a7272c30f0a012c4e00a0815c48,cec73259ef6b1952599c9ec97de94f12f18e6321,NVIDIA H100 NVL,590.48.01,2.6.0+cu124,12.4,4.57.1,0.7.0,always,MPK,MPK,split_two_mpk_launches,116.09481811523438,194.10665893554688,310.20147705078125,,,6.261505126953125,,,,638.8240397315489,412.63504357539176,,[116.09481811523438],[194.10665893554688],,30,1.0,1.0,0,0,30,20,True,"[[30, 30, 30, 30]]",2.565368977446224,2.8395290704864156,,/data/home/hliu148/mirage/results/qwen3_3d_identical_b1_b64_repeat1/b4_in32_out32/summary.json
4,32,32,32,31,1,0,64,4,8,False,0.03515625,93.3447265625,completed,,Qwen/Qwen3-8B,identical,dc3933823771d5c3b3af8b0796fa0f71de237a7272c30f0a012c4e00a0815c48,cec73259ef6b1952599c9ec97de94f12f18e6321,NVIDIA H100 NVL,590.48.01,2.6.0+cu124,12.4,4.57.1,0.7.0,always-continuous,MPK,MPK,continuous_one_mpk_launch,,,,339.13671875,377.42890381137767,,,,,,,,,,[339.13671875],30,1.0,1.0,0,0,30,20,True,"[[30, 30, 30, 30]]",,,2.5972596392395744,/data/home/hliu148/mirage/results/qwen3_3d_identical_b1_b64_repeat1/b4_in32_out32/summary.json
4,32,32,32,31,1,0,64,4,8,False,0.03515625,93.3447265625,completed,,Qwen/Qwen3-8B,identical,dc3933823771d5c3b3af8b0796fa0f71de237a7272c30f0a012c4e00a0815c48,cec73259ef6b1952599c9ec97de94f12f18e6321,NVIDIA H100 NVL,590.48.01,2.6.0+cu124,12.4,4.57.1,0.7.0,decode-only,NORMAL,MPK,one_prefill_phase_then_decode,347.6100769042969,192.11814880371094,539.7282257080078,,,6.1973596388293855,,,,645.4361588019051,237.15639446518,,[347.6100769042969],[192.11814880371094],,30,1.0,1.0,0,0,30,20,True,"[[30, 30, 30, 30]]",2.591921711976065,1.6319808189354241,,/data/home/hliu148/mirage/results/qwen3_3d_identical_b1_b64_repeat1/b4_in32_out32/summary.json
4,32,32,32,31,1,0,64,4,8,False,0.03515625,93.3447265625,completed,,Qwen/Qwen3-8B,identical,dc3933823771d5c3b3af8b0796fa0f71de237a7272c30f0a012c4e00a0815c48,cec73259ef6b1952599c9ec97de94f12f18e6321,NVIDIA H100 NVL,590.48.01,2.6.0+cu124,12.4,4.57.1,0.7.0,prefill-only,MPK,NORMAL,one_prefill_phase_then_decode,115.17021179199219,836.2724361419678,951.44264793396,,,26.976530198127993,15.981023788452148,16.158655166625977,253.7355316162107,148.27703824851335,134.53254410862243,,[115.17021179199219],[836.2724361419678],,30,1.0,1.0,0,0,30,20,True,"[[30, 30, 30, 30]]",0.5954461484420522,0.9257795135694364,,/data/home/hliu148/mirage/results/qwen3_3d_identical_b1_b64_repeat1/b4_in32_out32/summary.json
4,32,64,32,63,1,0,128,4,8,False,0.0703125,93.3447265625,completed,,Qwen/Qwen3-8B,identical,dc3933823771d5c3b3af8b0796fa0f71de237a7272c30f0a012c4e00a0815c48,cec73259ef6b1952599c9ec97de94f12f18e6321,NVIDIA H100 NVL,590.48.01,2.6.0+cu124,12.4,4.57.1,0.7.0,normal,NORMAL,NORMAL,one_prefill_phase_then_decode,381.9053955078125,990.0541105270386,1371.959506034851,,,15.715144611540294,15.648256301879883,15.824013137817383,17.597754650115977,254.53154258998234,186.59442853373616,,[381.9053955078125],[990.0541105270386],,,,,0,0,30,20,True,,1.0,1.0,,/data/home/hliu148/mirage/results/qwen3_3d_identical_b1_b64_repeat1/b4_in32_out64/summary.json
4,32,64,32,63,1,0,128,4,8,False,0.0703125,93.3447265625,completed,,Qwen/Qwen3-8B,identical,dc3933823771d5c3b3af8b0796fa0f71de237a7272c30f0a012c4e00a0815c48,cec73259ef6b1952599c9ec97de94f12f18e6321,NVIDIA H100 NVL,590.48.01,2.6.0+cu124,12.4,4.57.1,0.7.0,always,MPK,MPK,split_two_mpk_launches,116.65977478027344,396.1419372558594,512.8017120361328,,,6.287967258029514,,,,636.1356279157052,499.2183021065301,,[116.65977478027344],[396.1419372558594],,30,1.0,1.0,0,0,30,20,True,"[[30, 30, 30, 30]]",2.499240846312074,2.6754191217251253,,/data/home/hliu148/mirage/results/qwen3_3d_identical_b1_b64_repeat1/b4_in32_out64/summary.json
4,32,64,32,63,1,0,128,4,8,False,0.0703125,93.3447265625,completed,,Qwen/Qwen3-8B,identical,dc3933823771d5c3b3af8b0796fa0f71de237a7272c30f0a012c4e00a0815c48,cec73259ef6b1952599c9ec97de94f12f18e6321,NVIDIA H100 NVL,590.48.01,2.6.0+cu124,12.4,4.57.1,0.7.0,always-continuous,MPK,MPK,continuous_one_mpk_launch,,,,537.2661743164062,476.48635301807917,,,,,,,,,,[537.2661743164062],30,1.0,1.0,0,0,30,20,True,"[[30, 30, 30, 30]]",,,2.553593677808717,/data/home/hliu148/mirage/results/qwen3_3d_identical_b1_b64_repeat1/b4_in32_out64/summary.json
4,32,64,32,63,1,0,128,4,8,False,0.0703125,93.3447265625,completed,,Qwen/Qwen3-8B,identical,dc3933823771d5c3b3af8b0796fa0f71de237a7272c30f0a012c4e00a0815c48,cec73259ef6b1952599c9ec97de94f12f18e6321,NVIDIA H100 NVL,590.48.01,2.6.0+cu124,12.4,4.57.1,0.7.0,decode-only,NORMAL,MPK,one_prefill_phase_then_decode,358.50927734375,392.3808288574219,750.8901062011719,,,6.228267124720982,,,,642.2332118870374,340.9287163139352,,[358.50927734375],[392.3808288574219],,30,1.0,1.0,0,0,30,20,True,"[[30, 30, 30, 30]]",2.5231969497846984,1.8271109110436032,,/data/home/hliu148/mirage/results/qwen3_3d_identical_b1_b64_repeat1/b4_in32_out64/summary.json
4,32,64,32,63,1,0,128,4,8,False,0.0703125,93.3447265625,completed,,Qwen/Qwen3-8B,identical,dc3933823771d5c3b3af8b0796fa0f71de237a7272c30f0a012c4e00a0815c48,cec73259ef6b1952599c9ec97de94f12f18e6321,NVIDIA H100 NVL,590.48.01,2.6.0+cu124,12.4,4.57.1,0.7.0,prefill-only,MPK,NORMAL,one_prefill_phase_then_decode,116.57833862304688,1333.594271659851,1450.172610282898,,,21.16816304221986,15.68505573272705,15.92309799194336,147.16564067840665,188.96301922949138,176.53070964432283,,[116.57833862304688],[1333.594271659851],,30,1.0,1.0,0,0,30,20,True,"[[30, 30, 30, 30]]",0.7423952933561817,0.9460663484515894,,/data/home/hliu148/mirage/results/qwen3_3d_identical_b1_b64_repeat1/b4_in32_out64/summary.json
4,32,128,32,127,1,0,256,4,8,False,0.140625,93.3447265625,completed,,Qwen/Qwen3-8B,identical,dc3933823771d5c3b3af8b0796fa0f71de237a7272c30f0a012c4e00a0815c48,cec73259ef6b1952599c9ec97de94f12f18e6321,NVIDIA H100 NVL,590.48.01,2.6.0+cu124,12.4,4.57.1,0.7.0,normal,NORMAL,NORMAL,one_prefill_phase_then_decode,386.7960205078125,2032.7521276474,2419.5481481552124,,,16.005922264940157,15.907551765441895,16.114399337768553,19.353969116210926,249.90749884883033,211.60975878507526,,[386.7960205078125],[2032.7521276474],,,,,0,0,30,20,True,,1.0,1.0,,/data/home/hliu148/mirage/results/qwen3_3d_identical_b1_b64_repeat1/b4_in32_out128/summary.json
4,32,128,32,127,1,0,256,4,8,False,0.140625,93.3447265625,completed,,Qwen/Qwen3-8B,identical,dc3933823771d5c3b3af8b0796fa0f71de237a7272c30f0a012c4e00a0815c48,cec73259ef6b1952599c9ec97de94f12f18e6321,NVIDIA H100 NVL,590.48.01,2.6.0+cu124,12.4,4.57.1,0.7.0,always,MPK,MPK,split_two_mpk_launches,116.63056182861328,791.7825927734375,908.4131546020508,,,6.234508604515256,,,,641.5902605544654,563.6201957294335,,[116.63056182861328],[791.7825927734375],,30,1.0,1.0,0,0,30,20,True,"[[30, 30, 30, 30]]",2.567310959094369,2.663488673515682,,/data/home/hliu148/mirage/results/qwen3_3d_identical_b1_b64_repeat1/b4_in32_out128/summary.json
4,32,128,32,127,1,0,256,4,8,False,0.140625,93.3447265625,completed,,Qwen/Qwen3-8B,identical,dc3933823771d5c3b3af8b0796fa0f71de237a7272c30f0a012c4e00a0815c48,cec73259ef6b1952599c9ec97de94f12f18e6321,NVIDIA H100 NVL,590.48.01,2.6.0+cu124,12.4,4.57.1,0.7.0,always-continuous,MPK,MPK,continuous_one_mpk_launch,,,,937.9674682617188,545.8611490533464,,,,,,,,,,[937.9674682617188],30,1.0,1.0,0,0,30,20,True,"[[30, 30, 30, 30]]",,,2.5795651022302746,/data/home/hliu148/mirage/results/qwen3_3d_identical_b1_b64_repeat1/b4_in32_out128/summary.json
4,32,128,32,127,1,0,256,4,8,False,0.140625,93.3447265625,completed,,Qwen/Qwen3-8B,identical,dc3933823771d5c3b3af8b0796fa0f71de237a7272c30f0a012c4e00a0815c48,cec73259ef6b1952599c9ec97de94f12f18e6321,NVIDIA H100 NVL,590.48.01,2.6.0+cu124,12.4,4.57.1,0.7.0,decode-only,NORMAL,MPK,one_prefill_phase_then_decode,358.4180603027344,790.51806640625,1148.9361267089844,,,6.22455170398622,,,,642.6165594284306,445.62964650312995,,[358.4180603027344],[790.51806640625],,30,1.0,1.0,0,0,30,20,True,"[[30, 30, 30, 30]]",2.571417674093689,2.1059030975775586,,/data/home/hliu148/mirage/results/qwen3_3d_identical_b1_b64_repeat1/b4_in32_out128/summary.json
4,32,128,32,127,1,0,256,4,8,False,0.140625,93.3447265625,completed,,Qwen/Qwen3-8B,identical,dc3933823771d5c3b3af8b0796fa0f71de237a7272c30f0a012c4e00a0815c48,cec73259ef6b1952599c9ec97de94f12f18e6321,NVIDIA H100 NVL,590.48.01,2.6.0+cu124,12.4,4.57.1,0.7.0,prefill-only,MPK,NORMAL,one_prefill_phase_then_decode,116.50505828857422,2395.3196744918823,2511.8247327804565,,,18.860784838518757,16.152128219604492,16.348115539550783,19.1922296142578,212.0802519220161,203.83587808423368,,[116.50505828857422],[2395.3196744918823],,30,1.0,1.0,0,0,30,20,True,"[[30, 30, 30, 30]]",0.8486350065481787,0.9632631276294907,,/data/home/hliu148/mirage/results/qwen3_3d_identical_b1_b64_repeat1/b4_in32_out128/summary.json
4,32,256,32,255,1,0,512,4,8,False,0.28125,93.3447265625,completed,,Qwen/Qwen3-8B,identical,dc3933823771d5c3b3af8b0796fa0f71de237a7272c30f0a012c4e00a0815c48,cec73259ef6b1952599c9ec97de94f12f18e6321,NVIDIA H100 NVL,590.48.01,2.6.0+cu124,12.4,4.57.1,0.7.0,normal,NORMAL,NORMAL,one_prefill_phase_then_decode,381.73248291015625,4043.31782245636,4425.050305366516,,,15.856148323358275,15.835040092468262,16.008588790893555,16.730403022766115,252.26807408880333,231.40979860909957,,[381.73248291015625],[4043.31782245636],,,,,0,0,30,20,True,,1.0,1.0,,/data/home/hliu148/mirage/results/qwen3_3d_identical_b1_b64_repeat1/b4_in32_out256/summary.json
4,32,256,32,255,1,0,512,4,8,False,0.28125,93.3447265625,completed,,Qwen/Qwen3-8B,identical,dc3933823771d5c3b3af8b0796fa0f71de237a7272c30f0a012c4e00a0815c48,cec73259ef6b1952599c9ec97de94f12f18e6321,NVIDIA H100 NVL,590.48.01,2.6.0+cu124,12.4,4.57.1,0.7.0,always,MPK,MPK,split_two_mpk_launches,116.4703369140625,1618.7572021484375,1735.2275390625,,,6.348067459405637,,,,630.1130266146408,590.1243364044589,,[116.4703369140625],[1618.7572021484375],,30,1.0,1.0,0,0,30,20,True,"[[30, 30, 30, 30]]",2.497791402620486,2.5501268310651986,,/data/home/hliu148/mirage/results/qwen3_3d_identical_b1_b64_repeat1/b4_in32_out256/summary.json
4,32,256,32,255,1,0,512,4,8,False,0.28125,93.3447265625,completed,,Qwen/Qwen3-8B,identical,dc3933823771d5c3b3af8b0796fa0f71de237a7272c30f0a012c4e00a0815c48,cec73259ef6b1952599c9ec97de94f12f18e6321,NVIDIA H100 NVL,590.48.01,2.6.0+cu124,12.4,4.57.1,0.7.0,always-continuous,MPK,MPK,continuous_one_mpk_launch,,,,1771.1292724609375,578.1622018912143,,,,,,,,,,[1771.1292724609375],30,1.0,1.0,0,0,30,20,True,"[[30, 30, 30, 30]]",,,2.4984344023731397,/data/home/hliu148/mirage/results/qwen3_3d_identical_b1_b64_repeat1/b4_in32_out256/summary.json
4,32,256,32,255,1,0,512,4,8,False,0.28125,93.3447265625,completed,,Qwen/Qwen3-8B,identical,dc3933823771d5c3b3af8b0796fa0f71de237a7272c30f0a012c4e00a0815c48,cec73259ef6b1952599c9ec97de94f12f18e6321,NVIDIA H100 NVL,590.48.01,2.6.0+cu124,12.4,4.57.1,0.7.0,decode-only,NORMAL,MPK,one_prefill_phase_then_decode,348.6418762207031,1617.48779296875,1966.1296691894531,,,6.343089384191177,,,,630.6075411721555,520.8201758239827,,[348.6418762207031],[1617.48779296875],,30,1.0,1.0,0,0,30,20,True,"[[30, 30, 30, 30]]",2.4997516766634895,2.2506401153036695,,/data/home/hliu148/mirage/results/qwen3_3d_identical_b1_b64_repeat1/b4_in32_out256/summary.json
4,32,256,32,255,1,0,512,4,8,False,0.28125,93.3447265625,completed,,Qwen/Qwen3-8B,identical,dc3933823771d5c3b3af8b0796fa0f71de237a7272c30f0a012c4e00a0815c48,cec73259ef6b1952599c9ec97de94f12f18e6321,NVIDIA H100 NVL,590.48.01,2.6.0+cu124,12.4,4.57.1,0.7.0,prefill-only,MPK,NORMAL,one_prefill_phase_then_decode,116.67542266845703,4400.596109390259,4517.271532058716,,,17.25723964466768,15.912799835205078,16.13295974731445,17.11881122589112,231.78677948277556,226.6855097668479,,[116.67542266845703],[4400.596109390259],,30,1.0,1.0,0,0,30,20,True,"[[30, 30, 30, 30]]",0.9188113887181064,0.9795847502108932,,/data/home/hliu148/mirage/results/qwen3_3d_identical_b1_b64_repeat1/b4_in32_out256/summary.json
4,32,512,32,511,1,0,1024,4,8,False,0.5625,93.3447265625,completed,,Qwen/Qwen3-8B,identical,dc3933823771d5c3b3af8b0796fa0f71de237a7272c30f0a012c4e00a0815c48,cec73259ef6b1952599c9ec97de94f12f18e6321,NVIDIA H100 NVL,590.48.01,2.6.0+cu124,12.4,4.57.1,0.7.0,normal,NORMAL,NORMAL,one_prefill_phase_then_decode,379.5188293457031,8125.9403076171875,8505.45913696289,,,15.902035827039505,15.897503852844238,15.99731159210205,16.680162429809563,251.540119988818,240.78653098218223,,[379.5188293457031],[8125.9403076171875],,,,,0,0,30,20,True,,1.0,1.0,,/data/home/hliu148/mirage/results/qwen3_3d_identical_b1_b64_repeat1/b4_in32_out512/summary.json
4,32,512,32,511,1,0,1024,4,8,False,0.5625,93.3447265625,completed,,Qwen/Qwen3-8B,identical,dc3933823771d5c3b3af8b0796fa0f71de237a7272c30f0a012c4e00a0815c48,cec73259ef6b1952599c9ec97de94f12f18e6321,NVIDIA H100 NVL,590.48.01,2.6.0+cu124,12.4,4.57.1,0.7.0,always,MPK,MPK,split_two_mpk_launches,116.25132751464844,3277.189697265625,3393.4410247802734,,,6.4132870787977,,,,623.705122015196,603.517192444094,,[116.25132751464844],[3277.189697265625],,30,1.0,1.0,0,0,30,20,True,"[[30, 30, 30, 30]]",2.4795452989484232,2.5064408294862357,,/data/home/hliu148/mirage/results/qwen3_3d_identical_b1_b64_repeat1/b4_in32_out512/summary.json
4,32,512,32,511,1,0,1024,4,8,False,0.5625,93.3447265625,completed,,Qwen/Qwen3-8B,identical,dc3933823771d5c3b3af8b0796fa0f71de237a7272c30f0a012c4e00a0815c48,cec73259ef6b1952599c9ec97de94f12f18e6321,NVIDIA H100 NVL,590.48.01,2.6.0+cu124,12.4,4.57.1,0.7.0,always-continuous,MPK,MPK,continuous_one_mpk_launch,,,,3464.262939453125,591.1791442491664,,,,,,,,,,[3464.262939453125],30,1.0,1.0,0,0,30,20,True,"[[30, 30, 30, 30]]",,,2.455200221697253,/data/home/hliu148/mirage/results/qwen3_3d_identical_b1_b64_repeat1/b4_in32_out512/summary.json
4,32,512,32,511,1,0,1024,4,8,False,0.5625,93.3447265625,completed,,Qwen/Qwen3-8B,identical,dc3933823771d5c3b3af8b0796fa0f71de237a7272c30f0a012c4e00a0815c48,cec73259ef6b1952599c9ec97de94f12f18e6321,NVIDIA H100 NVL,590.48.01,2.6.0+cu124,12.4,4.57.1,0.7.0,decode-only,NORMAL,MPK,one_prefill_phase_then_decode,349.854248046875,3303.94287109375,3653.797119140625,,,6.465641626406556,,,,618.6547648517138,560.5127852533013,,[349.854248046875],[3303.94287109375],,30,1.0,1.0,0,0,30,20,True,"[[30, 30, 30, 30]]",2.4594675588101635,2.3278411087486375,,/data/home/hliu148/mirage/results/qwen3_3d_identical_b1_b64_repeat1/b4_in32_out512/summary.json
4,32,512,32,511,1,0,1024,4,8,False,0.5625,93.3447265625,completed,,Qwen/Qwen3-8B,identical,dc3933823771d5c3b3af8b0796fa0f71de237a7272c30f0a012c4e00a0815c48,cec73259ef6b1952599c9ec97de94f12f18e6321,NVIDIA H100 NVL,590.48.01,2.6.0+cu124,12.4,4.57.1,0.7.0,prefill-only,MPK,NORMAL,one_prefill_phase_then_decode,116.50077056884766,8636.913892745972,8753.41466331482,,,16.901984134532235,16.247743606567383,16.370527267456055,17.14853706359863,236.65860576851742,233.96583833541888,,[116.50077056884766],[8636.913892745972],,30,1.0,1.0,0,0,30,20,True,"[[30, 30, 30, 30]]",0.9408384069270456,0.9716732799839702,,/data/home/hliu148/mirage/results/qwen3_3d_identical_b1_b64_repeat1/b4_in32_out512/summary.json
4,64,16,64,15,1,0,128,4,8,False,0.0703125,93.3447265625,completed,,Qwen/Qwen3-8B,identical,3a3025e5932896148851db1512bf04c9071cb743cc5b4939c6176c6cfab27c32,cec73259ef6b1952599c9ec97de94f12f18e6321,NVIDIA H100 NVL,590.48.01,2.6.0+cu124,12.4,4.57.1,0.7.0,normal,NORMAL,NORMAL,one_prefill_phase_then_decode,366.18878173828125,251.77337741851807,617.9621591567993,,,16.784891827901205,15.684608459472656,15.887411117553711,29.95425106048583,238.30954890938747,103.56621202716862,,[366.18878173828125],[251.77337741851807],,,,,0,0,16,11,True,,1.0,1.0,,/data/home/hliu148/mirage/results/qwen3_3d_identical_b1_b64_repeat1/b4_in64_out16/summary.json
4,64,16,64,15,1,0,128,4,8,False,0.0703125,93.3447265625,completed,,Qwen/Qwen3-8B,identical,3a3025e5932896148851db1512bf04c9071cb743cc5b4939c6176c6cfab27c32,cec73259ef6b1952599c9ec97de94f12f18e6321,NVIDIA H100 NVL,590.48.01,2.6.0+cu124,12.4,4.57.1,0.7.0,always,MPK,MPK,split_two_mpk_launches,231.71334838867188,94.77718353271484,326.4905319213867,,,6.318478902180989,,,,633.0637582123277,196.02406116759948,,[231.71334838867188],[94.77718353271484],,16,1.0,1.0,0,0,16,11,True,"[[16, 16, 16, 16]]",2.656476675439631,1.8927414388408481,,/data/home/hliu148/mirage/results/qwen3_3d_identical_b1_b64_repeat1/b4_in64_out16/summary.json
4,64,16,64,15,1,0,128,4,8,False,0.0703125,93.3447265625,completed,,Qwen/Qwen3-8B,identical,3a3025e5932896148851db1512bf04c9071cb743cc5b4939c6176c6cfab27c32,cec73259ef6b1952599c9ec97de94f12f18e6321,NVIDIA H100 NVL,590.48.01,2.6.0+cu124,12.4,4.57.1,0.7.0,always-continuous,MPK,MPK,continuous_one_mpk_launch,,,,352.1278381347656,181.752173696378,,,,,,,,,,[352.1278381347656],16,1.0,1.0,0,0,16,11,True,"[[16, 16, 16, 16]]",,,1.7549369638883652,/data/home/hliu148/mirage/results/qwen3_3d_identical_b1_b64_repeat1/b4_in64_out16/summary.json
4,64,16,64,15,1,0,128,4,8,False,0.0703125,93.3447265625,completed,,Qwen/Qwen3-8B,identical,3a3025e5932896148851db1512bf04c9071cb743cc5b4939c6176c6cfab27c32,cec73259ef6b1952599c9ec97de94f12f18e6321,NVIDIA H100 NVL,590.48.01,2.6.0+cu124,12.4,4.57.1,0.7.0,decode-only,NORMAL,MPK,one_prefill_phase_then_decode,341.8525085449219,94.4563217163086,436.30883026123047,,,6.297088114420573,,,,635.2142335184808,146.68508992055325,,[341.8525085449219],[94.4563217163086],,16,1.0,1.0,0,0,16,11,True,"[[16, 16, 16, 16]]",2.665500549287719,1.4163411700533493,,/data/home/hliu148/mirage/results/qwen3_3d_identical_b1_b64_repeat1/b4_in64_out16/summary.json
4,64,16,64,15,1,0,128,4,8,False,0.0703125,93.3447265625,completed,,Qwen/Qwen3-8B,identical,3a3025e5932896148851db1512bf04c9071cb743cc5b4939c6176c6cfab27c32,cec73259ef6b1952599c9ec97de94f12f18e6321,NVIDIA H100 NVL,590.48.01,2.6.0+cu124,12.4,4.57.1,0.7.0,prefill-only,MPK,NORMAL,one_prefill_phase_then_decode,231.73843383789062,578.7515907287598,810.4900245666504,,,38.583439381917316,15.89139175415039,16.80707778930664,307.1374179840086,103.6714213164381,78.96457459080915,,[231.73843383789062],[578.7515907287598],,16,1.0,1.0,0,0,16,11,True,"[[16, 16, 16, 16]]",0.43502839811029614,0.7624549845474149,,/data/home/hliu148/mirage/results/qwen3_3d_identical_b1_b64_repeat1/b4_in64_out16/summary.json
4,64,32,64,31,1,0,128,4,8,False,0.0703125,93.3447265625,completed,,Qwen/Qwen3-8B,identical,3a3025e5932896148851db1512bf04c9071cb743cc5b4939c6176c6cfab27c32,cec73259ef6b1952599c9ec97de94f12f18e6321,NVIDIA H100 NVL,590.48.01,2.6.0+cu124,12.4,4.57.1,0.7.0,normal,NORMAL,NORMAL,one_prefill_phase_then_decode,364.4273376464844,507.2518377304077,871.6791753768921,,,16.362962507432506,15.80726432800293,15.973376274108887,27.57120552062987,244.45451110598648,146.84301703623473,,[364.4273376464844],[507.2518377304077],,,,,0,0,30,20,True,,1.0,1.0,,/data/home/hliu148/mirage/results/qwen3_3d_identical_b1_b64_repeat1/b4_in64_out32/summary.json
4,64,32,64,31,1,0,128,4,8,False,0.0703125,93.3447265625,completed,,Qwen/Qwen3-8B,identical,3a3025e5932896148851db1512bf04c9071cb743cc5b4939c6176c6cfab27c32,cec73259ef6b1952599c9ec97de94f12f18e6321,NVIDIA H100 NVL,590.48.01,2.6.0+cu124,12.4,4.57.1,0.7.0,always,MPK,MPK,split_two_mpk_launches,233.579833984375,195.6676483154297,429.2474822998047,,,6.3118596230783774,,,,633.7276553766491,298.19627435950656,,[233.579833984375],[195.6676483154297],,30,1.0,1.0,0,0,30,20,True,"[[30, 30, 30, 30]]",2.5924154662128043,2.030714707298095,,/data/home/hliu148/mirage/results/qwen3_3d_identical_b1_b64_repeat1/b4_in64_out32/summary.json
4,64,32,64,31,1,0,128,4,8,False,0.0703125,93.3447265625,completed,,Qwen/Qwen3-8B,identical,3a3025e5932896148851db1512bf04c9071cb743cc5b4939c6176c6cfab27c32,cec73259ef6b1952599c9ec97de94f12f18e6321,NVIDIA H100 NVL,590.48.01,2.6.0+cu124,12.4,4.57.1,0.7.0,always-continuous,MPK,MPK,continuous_one_mpk_launch,,,,480.09039306640625,266.61645775172803,,,,,,,,,,[480.09039306640625],30,1.0,1.0,0,0,30,20,True,"[[30, 30, 30, 30]]",,,1.815656359647924,/data/home/hliu148/mirage/results/qwen3_3d_identical_b1_b64_repeat1/b4_in64_out32/summary.json
4,64,32,64,31,1,0,128,4,8,False,0.0703125,93.3447265625,completed,,Qwen/Qwen3-8B,identical,3a3025e5932896148851db1512bf04c9071cb743cc5b4939c6176c6cfab27c32,cec73259ef6b1952599c9ec97de94f12f18e6321,NVIDIA H100 NVL,590.48.01,2.6.0+cu124,12.4,4.57.1,0.7.0,decode-only,NORMAL,MPK,one_prefill_phase_then_decode,339.5071716308594,195.2281951904297,534.7353668212891,,,6.2976837158203125,,,,635.1541583378763,239.37073913941842,,[339.5071716308594],[195.2281951904297],,30,1.0,1.0,0,0,30,20,True,"[[30, 30, 30, 30]]",2.59825091983063,1.6301131914250422,,/data/home/hliu148/mirage/results/qwen3_3d_identical_b1_b64_repeat1/b4_in64_out32/summary.json
4,64,32,64,31,1,0,128,4,8,False,0.0703125,93.3447265625,completed,,Qwen/Qwen3-8B,identical,3a3025e5932896148851db1512bf04c9071cb743cc5b4939c6176c6cfab27c32,cec73259ef6b1952599c9ec97de94f12f18e6321,NVIDIA H100 NVL,590.48.01,2.6.0+cu124,12.4,4.57.1,0.7.0,prefill-only,MPK,NORMAL,one_prefill_phase_then_decode,231.4003448486328,825.1268110275269,1056.5271558761597,,,26.61699390411377,15.695136070251465,15.89840030670166,252.13572502136208,150.27993072432508,121.1516422347439,,[231.4003448486328],[825.1268110275269],,30,1.0,1.0,0,0,30,20,True,"[[30, 30, 30, 30]]",0.6147562180154214,0.8250419031151391,,/data/home/hliu148/mirage/results/qwen3_3d_identical_b1_b64_repeat1/b4_in64_out32/summary.json
4,64,64,64,63,1,0,128,4,8,False,0.0703125,93.3447265625,completed,,Qwen/Qwen3-8B,identical,3a3025e5932896148851db1512bf04c9071cb743cc5b4939c6176c6cfab27c32,cec73259ef6b1952599c9ec97de94f12f18e6321,NVIDIA H100 NVL,590.48.01,2.6.0+cu124,12.4,4.57.1,0.7.0,normal,NORMAL,NORMAL,one_prefill_phase_then_decode,375.16119384765625,1008.0487365722656,1383.2099304199219,,,16.00077359638517,15.686944007873535,15.812588500976563,23.69983566284184,249.98791314087865,185.07675109177552,,[375.16119384765625],[1008.0487365722656],,,,,0,0,30,20,True,,1.0,1.0,,/data/home/hliu148/mirage/results/qwen3_3d_identical_b1_b64_repeat1/b4_in64_out64/summary.json
4,64,64,64,63,1,0,128,4,8,False,0.0703125,93.3447265625,completed,,Qwen/Qwen3-8B,identical,3a3025e5932896148851db1512bf04c9071cb743cc5b4939c6176c6cfab27c32,cec73259ef6b1952599c9ec97de94f12f18e6321,NVIDIA H100 NVL,590.48.01,2.6.0+cu124,12.4,4.57.1,0.7.0,always,MPK,MPK,split_two_mpk_launches,233.46214294433594,397.3651123046875,630.8272552490234,,,6.3073827349950395,,,,634.1774660045496,405.8163274808762,,[233.46214294433594],[397.3651123046875],,30,1.0,1.0,0,0,30,20,True,"[[30, 30, 30, 30]]",2.5368325133670124,2.192692086320668,,/data/home/hliu148/mirage/results/qwen3_3d_identical_b1_b64_repeat1/b4_in64_out64/summary.json
4,64,64,64,63,1,0,128,4,8,False,0.0703125,93.3447265625,completed,,Qwen/Qwen3-8B,identical,3a3025e5932896148851db1512bf04c9071cb743cc5b4939c6176c6cfab27c32,cec73259ef6b1952599c9ec97de94f12f18e6321,NVIDIA H100 NVL,590.48.01,2.6.0+cu124,12.4,4.57.1,0.7.0,always-continuous,MPK,MPK,continuous_one_mpk_launch,,,,683.5238647460938,374.52971754701707,,,,,,,,,,[683.5238647460938],30,1.0,1.0,0,0,30,20,True,"[[30, 30, 30, 30]]",,,2.023645408392197,/data/home/hliu148/mirage/results/qwen3_3d_identical_b1_b64_repeat1/b4_in64_out64/summary.json
4,64,64,64,63,1,0,128,4,8,False,0.0703125,93.3447265625,completed,,Qwen/Qwen3-8B,identical,3a3025e5932896148851db1512bf04c9071cb743cc5b4939c6176c6cfab27c32,cec73259ef6b1952599c9ec97de94f12f18e6321,NVIDIA H100 NVL,590.48.01,2.6.0+cu124,12.4,4.57.1,0.7.0,decode-only,NORMAL,MPK,one_prefill_phase_then_decode,343.73504638671875,393.8190002441406,737.5540466308594,,,6.251095241970486,,,,639.8878668722874,347.09320783935203,,[343.73504638671875],[393.8190002441406],,30,1.0,1.0,0,0,30,20,True,"[[30, 30, 30, 30]]",2.559675221224331,1.8754014525964748,,/data/home/hliu148/mirage/results/qwen3_3d_identical_b1_b64_repeat1/b4_in64_out64/summary.json
4,64,64,64,63,1,0,128,4,8,False,0.0703125,93.3447265625,completed,,Qwen/Qwen3-8B,identical,3a3025e5932896148851db1512bf04c9071cb743cc5b4939c6176c6cfab27c32,cec73259ef6b1952599c9ec97de94f12f18e6321,NVIDIA H100 NVL,590.48.01,2.6.0+cu124,12.4,4.57.1,0.7.0,prefill-only,MPK,NORMAL,one_prefill_phase_then_decode,233.22607421875,1334.6611824035645,1567.8872566223145,,,21.18509813338991,15.825887680053711,16.06548500061035,143.9763136672982,188.81196465621204,163.27704617709472,,[233.22607421875],[1334.6611824035645],,30,1.0,1.0,0,0,30,20,True,"[[30, 30, 30, 30]]",0.7552843746881819,0.8822126237569905,,/data/home/hliu148/mirage/results/qwen3_3d_identical_b1_b64_repeat1/b4_in64_out64/summary.json
4,64,128,64,127,1,0,256,4,8,False,0.140625,93.3447265625,completed,,Qwen/Qwen3-8B,identical,3a3025e5932896148851db1512bf04c9071cb743cc5b4939c6176c6cfab27c32,cec73259ef6b1952599c9ec97de94f12f18e6321,NVIDIA H100 NVL,590.48.01,2.6.0+cu124,12.4,4.57.1,0.7.0,normal,NORMAL,NORMAL,one_prefill_phase_then_decode,367.3427734375,2015.8266868591309,2383.169460296631,,,15.872651077630952,15.71116828918457,15.834265899658202,18.467547111511227,252.00579162463475,214.8399467725102,,[367.3427734375],[2015.8266868591309],,,,,0,0,30,20,True,,1.0,1.0,,/data/home/hliu148/mirage/results/qwen3_3d_identical_b1_b64_repeat1/b4_in64_out128/summary.json
4,64,128,64,127,1,0,256,4,8,False,0.140625,93.3447265625,completed,,Qwen/Qwen3-8B,identical,3a3025e5932896148851db1512bf04c9071cb743cc5b4939c6176c6cfab27c32,cec73259ef6b1952599c9ec97de94f12f18e6321,NVIDIA H100 NVL,590.48.01,2.6.0+cu124,12.4,4.57.1,0.7.0,always,MPK,MPK,split_two_mpk_launches,233.23426818847656,802.4415893554688,1035.6758575439453,,,6.318437711460384,,,,633.0678852376433,494.3631699730676,,[233.23426818847656],[802.4415893554688],,30,1.0,1.0,0,0,30,20,True,"[[30, 30, 30, 30]]",2.512116412707707,2.3010765800297794,,/data/home/hliu148/mirage/results/qwen3_3d_identical_b1_b64_repeat1/b4_in64_out128/summary.json
4,64,128,64,127,1,0,256,4,8,False,0.140625,93.3447265625,completed,,Qwen/Qwen3-8B,identical,3a3025e5932896148851db1512bf04c9071cb743cc5b4939c6176c6cfab27c32,cec73259ef6b1952599c9ec97de94f12f18e6321,NVIDIA H100 NVL,590.48.01,2.6.0+cu124,12.4,4.57.1,0.7.0,always-continuous,MPK,MPK,continuous_one_mpk_launch,,,,1078.0052490234375,474.9513051664819,,,,,,,,,,[1078.0052490234375],30,1.0,1.0,0,0,30,20,True,"[[30, 30, 30, 30]]",,,2.2107215734390335,/data/home/hliu148/mirage/results/qwen3_3d_identical_b1_b64_repeat1/b4_in64_out128/summary.json
4,64,128,64,127,1,0,256,4,8,False,0.140625,93.3447265625,completed,,Qwen/Qwen3-8B,identical,3a3025e5932896148851db1512bf04c9071cb743cc5b4939c6176c6cfab27c32,cec73259ef6b1952599c9ec97de94f12f18e6321,NVIDIA H100 NVL,590.48.01,2.6.0+cu124,12.4,4.57.1,0.7.0,decode-only,NORMAL,MPK,one_prefill_phase_then_decode,337.67333984375,801.06103515625,1138.734375,,,6.307567205954724,,,,634.1589188655427,449.6219761522524,,[337.67333984375],[801.06103515625],,30,1.0,1.0,0,0,30,20,True,"[[30, 30, 30, 30]]",2.516445811730109,2.0928229731333357,,/data/home/hliu148/mirage/results/qwen3_3d_identical_b1_b64_repeat1/b4_in64_out128/summary.json
4,64,128,64,127,1,0,256,4,8,False,0.140625,93.3447265625,completed,,Qwen/Qwen3-8B,identical,3a3025e5932896148851db1512bf04c9071cb743cc5b4939c6176c6cfab27c32,cec73259ef6b1952599c9ec97de94f12f18e6321,NVIDIA H100 NVL,590.48.01,2.6.0+cu124,12.4,4.57.1,0.7.0,prefill-only,MPK,NORMAL,one_prefill_phase_then_decode,233.3175048828125,2630.0906200408936,2863.408124923706,,,20.70937496095192,15.834752082824707,16.044134521484374,19.24766372680663,193.14923833008515,178.8079022139542,,[233.3175048828125],[2630.0906200408936],,30,1.0,1.0,0,0,30,20,True,"[[30, 30, 30, 30]]",0.766447616480906,0.8322842418281289,,/data/home/hliu148/mirage/results/qwen3_3d_identical_b1_b64_repeat1/b4_in64_out128/summary.json
4,64,256,64,255,1,0,512,4,8,False,0.28125,93.3447265625,completed,,Qwen/Qwen3-8B,identical,3a3025e5932896148851db1512bf04c9071cb743cc5b4939c6176c6cfab27c32,cec73259ef6b1952599c9ec97de94f12f18e6321,NVIDIA H100 NVL,590.48.01,2.6.0+cu124,12.4,4.57.1,0.7.0,normal,NORMAL,NORMAL,one_prefill_phase_then_decode,369.2850341796875,4028.057409286499,4397.3424434661865,,,15.796303565829408,15.71020793914795,15.826214408874511,16.894679374694835,253.22379905719254,232.86792265212722,,[369.2850341796875],[4028.057409286499],,,,,0,0,30,20,True,,1.0,1.0,,/data/home/hliu148/mirage/results/qwen3_3d_identical_b1_b64_repeat1/b4_in64_out256/summary.json
4,64,256,64,255,1,0,512,4,8,False,0.28125,93.3447265625,completed,,Qwen/Qwen3-8B,identical,3a3025e5932896148851db1512bf04c9071cb743cc5b4939c6176c6cfab27c32,cec73259ef6b1952599c9ec97de94f12f18e6321,NVIDIA H100 NVL,590.48.01,2.6.0+cu124,12.4,4.57.1,0.7.0,always,MPK,MPK,split_two_mpk_launches,231.54713439941406,1626.4844970703125,1858.0316314697266,,,6.378370576746324,,,,627.1194111208954,551.1208650360828,,[231.54713439941406],[1626.4844970703125],,30,1.0,1.0,0,0,30,20,True,"[[30, 30, 30, 30]]",2.4765421475224594,2.3666671594755537,,/data/home/hliu148/mirage/results/qwen3_3d_identical_b1_b64_repeat1/b4_in64_out256/summary.json
4,64,256,64,255,1,0,512,4,8,False,0.28125,93.3447265625,completed,,Qwen/Qwen3-8B,identical,3a3025e5932896148851db1512bf04c9071cb743cc5b4939c6176c6cfab27c32,cec73259ef6b1952599c9ec97de94f12f18e6321,NVIDIA H100 NVL,590.48.01,2.6.0+cu124,12.4,4.57.1,0.7.0,always-continuous,MPK,MPK,continuous_one_mpk_launch,,,,1899.663330078125,539.0428839608581,,,,,,,,,,[1899.663330078125],30,1.0,1.0,0,0,30,20,True,"[[30, 30, 30, 30]]",,,2.3148009301655272,/data/home/hliu148/mirage/results/qwen3_3d_identical_b1_b64_repeat1/b4_in64_out256/summary.json
4,64,256,64,255,1,0,512,4,8,False,0.28125,93.3447265625,completed,,Qwen/Qwen3-8B,identical,3a3025e5932896148851db1512bf04c9071cb743cc5b4939c6176c6cfab27c32,cec73259ef6b1952599c9ec97de94f12f18e6321,NVIDIA H100 NVL,590.48.01,2.6.0+cu124,12.4,4.57.1,0.7.0,decode-only,NORMAL,MPK,one_prefill_phase_then_decode,340.1571350097656,1609.7861328125,1949.9432678222656,,,6.312886795343137,,,,633.6245413034655,525.1434833504787,,[340.1571350097656],[1609.7861328125],,30,1.0,1.0,0,0,30,20,True,"[[30, 30, 30, 30]]",2.502231400297239,2.255113015865956,,/data/home/hliu148/mirage/results/qwen3_3d_identical_b1_b64_repeat1/b4_in64_out256/summary.json
4,64,256,64,255,1,0,512,4,8,False,0.28125,93.3447265625,completed,,Qwen/Qwen3-8B,identical,3a3025e5932896148851db1512bf04c9071cb743cc5b4939c6176c6cfab27c32,cec73259ef6b1952599c9ec97de94f12f18e6321,NVIDIA H100 NVL,590.48.01,2.6.0+cu124,12.4,4.57.1,0.7.0,prefill-only,MPK,NORMAL,one_prefill_phase_then_decode,232.81948852539062,4355.885531425476,4588.705019950867,,,17.08190404480579,15.757247924804688,15.938368034362792,16.832772369384767,234.16593311307747,223.1566412632391,,[232.81948852539062],[4355.885531425476],,30,1.0,1.0,0,0,30,20,True,"[[30, 30, 30, 30]]",0.9247390410574691,0.9582970411798819,,/data/home/hliu148/mirage/results/qwen3_3d_identical_b1_b64_repeat1/b4_in64_out256/summary.json
4,64,512,64,511,1,0,1024,4,8,False,0.5625,93.3447265625,completed,,Qwen/Qwen3-8B,identical,3a3025e5932896148851db1512bf04c9071cb743cc5b4939c6176c6cfab27c32,cec73259ef6b1952599c9ec97de94f12f18e6321,NVIDIA H100 NVL,590.48.01,2.6.0+cu124,12.4,4.57.1,0.7.0,normal,NORMAL,NORMAL,one_prefill_phase_then_decode,367.8558044433594,8187.712730407715,8555.568534851074,,,16.022921194535645,15.979455947875977,16.10223960876465,16.889411163330074,249.64236866896246,239.3762602283507,,[367.8558044433594],[8187.712730407715],,,,,0,0,30,20,True,,1.0,1.0,,/data/home/hliu148/mirage/results/qwen3_3d_identical_b1_b64_repeat1/b4_in64_out512/summary.json
4,64,512,64,511,1,0,1024,4,8,False,0.5625,93.3447265625,completed,,Qwen/Qwen3-8B,identical,3a3025e5932896148851db1512bf04c9071cb743cc5b4939c6176c6cfab27c32,cec73259ef6b1952599c9ec97de94f12f18e6321,NVIDIA H100 NVL,590.48.01,2.6.0+cu124,12.4,4.57.1,0.7.0,always,MPK,MPK,split_two_mpk_launches,232.89231872558594,3323.56787109375,3556.460189819336,,,6.504046714469178,,,,615.0017328598564,575.8534865264543,,[232.89231872558594],[3323.56787109375],,30,1.0,1.0,0,0,30,20,True,"[[30, 30, 30, 30]]",2.4635310750290853,2.405641586918955,,/data/home/hliu148/mirage/results/qwen3_3d_identical_b1_b64_repeat1/b4_in64_out512/summary.json
4,64,512,64,511,1,0,1024,4,8,False,0.5625,93.3447265625,completed,,Qwen/Qwen3-8B,identical,3a3025e5932896148851db1512bf04c9071cb743cc5b4939c6176c6cfab27c32,cec73259ef6b1952599c9ec97de94f12f18e6321,NVIDIA H100 NVL,590.48.01,2.6.0+cu124,12.4,4.57.1,0.7.0,always-continuous,MPK,MPK,continuous_one_mpk_launch,,,,3624.80615234375,564.9957305098346,,,,,,,,,,[3624.80615234375],30,1.0,1.0,0,0,30,20,True,"[[30, 30, 30, 30]]",,,2.3602830538452824,/data/home/hliu148/mirage/results/qwen3_3d_identical_b1_b64_repeat1/b4_in64_out512/summary.json
4,64,512,64,511,1,0,1024,4,8,False,0.5625,93.3447265625,completed,,Qwen/Qwen3-8B,identical,3a3025e5932896148851db1512bf04c9071cb743cc5b4939c6176c6cfab27c32,cec73259ef6b1952599c9ec97de94f12f18e6321,NVIDIA H100 NVL,590.48.01,2.6.0+cu124,12.4,4.57.1,0.7.0,decode-only,NORMAL,MPK,one_prefill_phase_then_decode,345.5841064453125,3319.329833984375,3664.9139404296875,,,6.495753099773728,,,,615.7869516529709,558.8125760355194,,[345.5841064453125],[3319.329833984375],,30,1.0,1.0,0,0,30,20,True,"[[30, 30, 30, 30]]",2.4666764497397207,2.334452779496369,,/data/home/hliu148/mirage/results/qwen3_3d_identical_b1_b64_repeat1/b4_in64_out512/summary.json
4,64,512,64,511,1,0,1024,4,8,False,0.5625,93.3447265625,completed,,Qwen/Qwen3-8B,identical,3a3025e5932896148851db1512bf04c9071cb743cc5b4939c6176c6cfab27c32,cec73259ef6b1952599c9ec97de94f12f18e6321,NVIDIA H100 NVL,590.48.01,2.6.0+cu124,12.4,4.57.1,0.7.0,prefill-only,MPK,NORMAL,one_prefill_phase_then_decode,231.39698791503906,8483.33533668518,8714.73232460022,,,16.601439015039492,15.9071683883667,16.059232711791992,16.82913875579834,240.94296864123285,235.0043493841849,,[231.39698791503906],[8483.33533668518],,30,1.0,1.0,0,0,30,20,True,"[[30, 30, 30, 30]]",0.9651525497289868,0.9817362388400785,,/data/home/hliu148/mirage/results/qwen3_3d_identical_b1_b64_repeat1/b4_in64_out512/summary.json
4,128,16,128,15,1,0,256,4,8,False,0.140625,93.3447265625,completed,,Qwen/Qwen3-8B,identical,caf9adc6e4e546ece8fe3c63704936095d49bde8b3d99e9a993b1f0dc5c22c7e,cec73259ef6b1952599c9ec97de94f12f18e6321,NVIDIA H100 NVL,590.48.01,2.6.0+cu124,12.4,4.57.1,0.7.0,normal,NORMAL,NORMAL,one_prefill_phase_then_decode,371.2231750488281,258.0022716522217,629.2254467010498,,,17.200151443481445,15.871071815490723,16.16627197265625,32.60071205139159,232.55609191254706,101.71235180577007,,[371.2231750488281],[258.0022716522217],,,,,0,0,16,11,True,,1.0,1.0,,/data/home/hliu148/mirage/results/qwen3_3d_identical_b1_b64_repeat1/b4_in128_out16/summary.json
4,128,16,128,15,1,0,256,4,8,False,0.140625,93.3447265625,completed,,Qwen/Qwen3-8B,identical,caf9adc6e4e546ece8fe3c63704936095d49bde8b3d99e9a993b1f0dc5c22c7e,cec73259ef6b1952599c9ec97de94f12f18e6321,NVIDIA H100 NVL,590.48.01,2.6.0+cu124,12.4,4.57.1,0.7.0,always,MPK,MPK,split_two_mpk_launches,468.8814392089844,95.10460662841797,563.9860458374023,,,6.3403071085611975,,,,630.8842665679199,113.47798491179559,,[468.8814392089844],[95.10460662841797],,16,1.0,1.0,0,0,16,11,True,"[[16, 16, 16, 16]]",2.712826232069485,1.1156755585446807,,/data/home/hliu148/mirage/results/qwen3_3d_identical_b1_b64_repeat1/b4_in128_out16/summary.json
4,128,16,128,15,1,0,256,4,8,False,0.140625,93.3447265625,completed,,Qwen/Qwen3-8B,identical,caf9adc6e4e546ece8fe3c63704936095d49bde8b3d99e9a993b1f0dc5c22c7e,cec73259ef6b1952599c9ec97de94f12f18e6321,NVIDIA H100 NVL,590.48.01,2.6.0+cu124,12.4,4.57.1,0.7.0,always-continuous,MPK,MPK,continuous_one_mpk_launch,,,,594.571533203125,107.64053848191134,,,,,,,,,,[594.571533203125],16,1.0,1.0,0,0,16,11,True,"[[16, 16, 16, 16]]",,,1.0582838423347218,/data/home/hliu148/mirage/results/qwen3_3d_identical_b1_b64_repeat1/b4_in128_out16/summary.json
4,128,16,128,15,1,0,256,4,8,False,0.140625,93.3447265625,completed,,Qwen/Qwen3-8B,identical,caf9adc6e4e546ece8fe3c63704936095d49bde8b3d99e9a993b1f0dc5c22c7e,cec73259ef6b1952599c9ec97de94f12f18e6321,NVIDIA H100 NVL,590.48.01,2.6.0+cu124,12.4,4.57.1,0.7.0,decode-only,NORMAL,MPK,one_prefill_phase_then_decode,342.3616638183594,96.27037048339844,438.6320343017578,,,6.4180246988932295,,,,623.2447190005032,145.90817586289438,,[342.3616638183594],[96.27037048339844],,16,1.0,1.0,0,0,16,11,True,"[[16, 16, 16, 16]]",2.6799758882896736,1.4345177677291414,,/data/home/hliu148/mirage/results/qwen3_3d_identical_b1_b64_repeat1/b4_in128_out16/summary.json
4,128,16,128,15,1,0,256,4,8,False,0.140625,93.3447265625,completed,,Qwen/Qwen3-8B,identical,caf9adc6e4e546ece8fe3c63704936095d49bde8b3d99e9a993b1f0dc5c22c7e,cec73259ef6b1952599c9ec97de94f12f18e6321,NVIDIA H100 NVL,590.48.01,2.6.0+cu124,12.4,4.57.1,0.7.0,prefill-only,MPK,NORMAL,one_prefill_phase_then_decode,468.4432067871094,574.3970003128052,1042.8402070999146,,,38.29313335418701,15.80128002166748,16.433657455444337,305.3223901748655,104.45737001990817,61.37085966217273,,[468.4432067871094],[574.3970003128052],,16,1.0,1.0,0,0,16,11,True,"[[16, 16, 16, 16]]",0.44917064593254974,0.6033766653962199,,/data/home/hliu148/mirage/results/qwen3_3d_identical_b1_b64_repeat1/b4_in128_out16/summary.json
4,128,32,128,31,1,0,256,4,8,False,0.140625,93.3447265625,completed,,Qwen/Qwen3-8B,identical,caf9adc6e4e546ece8fe3c63704936095d49bde8b3d99e9a993b1f0dc5c22c7e,cec73259ef6b1952599c9ec97de94f12f18e6321,NVIDIA H100 NVL,590.48.01,2.6.0+cu124,12.4,4.57.1,0.7.0,normal,NORMAL,NORMAL,one_prefill_phase_then_decode,372.5835266113281,512.2649593353271,884.8484859466553,,,16.524676107591198,15.897151947021484,16.01033592224121,29.593849563598617,242.06223310860886,144.65753406704334,,[372.5835266113281],[512.2649593353271],,,,,0,0,30,20,True,,1.0,1.0,,/data/home/hliu148/mirage/results/qwen3_3d_identical_b1_b64_repeat1/b4_in128_out32/summary.json
4,128,32,128,31,1,0,256,4,8,False,0.140625,93.3447265625,completed,,Qwen/Qwen3-8B,identical,caf9adc6e4e546ece8fe3c63704936095d49bde8b3d99e9a993b1f0dc5c22c7e,cec73259ef6b1952599c9ec97de94f12f18e6321,NVIDIA H100 NVL,590.48.01,2.6.0+cu124,12.4,4.57.1,0.7.0,always,MPK,MPK,split_two_mpk_launches,464.3597717285156,196.41783142089844,660.7776031494141,,,6.3360590780934976,,,,631.3072448818751,193.71116604122676,,[464.3597717285156],[196.41783142089844],,27,0.9,1.0,0,0,30,20,True,"[[27, 27, 27, 27]]",2.608036936512187,1.339101812363599,,/data/home/hliu148/mirage/results/qwen3_3d_identical_b1_b64_repeat1/b4_in128_out32/summary.json
4,128,32,128,31,1,0,256,4,8,False,0.140625,93.3447265625,completed,,Qwen/Qwen3-8B,identical,caf9adc6e4e546ece8fe3c63704936095d49bde8b3d99e9a993b1f0dc5c22c7e,cec73259ef6b1952599c9ec97de94f12f18e6321,NVIDIA H100 NVL,590.48.01,2.6.0+cu124,12.4,4.57.1,0.7.0,always-continuous,MPK,MPK,continuous_one_mpk_launch,,,,725.1621704101562,176.51224129300954,,,,,,,,,,[725.1621704101562],27,0.9,1.0,0,0,30,20,True,"[[27, 27, 27, 27]]",,,1.220207730149767,/data/home/hliu148/mirage/results/qwen3_3d_identical_b1_b64_repeat1/b4_in128_out32/summary.json
4,128,32,128,31,1,0,256,4,8,False,0.140625,93.3447265625,completed,,Qwen/Qwen3-8B,identical,caf9adc6e4e546ece8fe3c63704936095d49bde8b3d99e9a993b1f0dc5c22c7e,cec73259ef6b1952599c9ec97de94f12f18e6321,NVIDIA H100 NVL,590.48.01,2.6.0+cu124,12.4,4.57.1,0.7.0,decode-only,NORMAL,MPK,one_prefill_phase_then_decode,351.1142272949219,194.540283203125,545.6545104980469,,,6.275493006552419,,,,637.4001207273257,234.58066878832878,,[351.1142272949219],[194.540283203125],,27,0.9,1.0,0,0,30,20,True,"[[27, 27, 27, 27]]",2.633207636489646,1.6216277313258323,,/data/home/hliu148/mirage/results/qwen3_3d_identical_b1_b64_repeat1/b4_in128_out32/summary.json
4,128,32,128,31,1,0,256,4,8,False,0.140625,93.3447265625,completed,,Qwen/Qwen3-8B,identical,caf9adc6e4e546ece8fe3c63704936095d49bde8b3d99e9a993b1f0dc5c22c7e,cec73259ef6b1952599c9ec97de94f12f18e6321,NVIDIA H100 NVL,590.48.01,2.6.0+cu124,12.4,4.57.1,0.7.0,prefill-only,MPK,NORMAL,one_prefill_phase_then_decode,468.34283447265625,859.6091251373291,1327.9519596099854,,,27.729326617333196,16.411775588989258,16.536319732666016,261.7931509017942,144.25160968386655,96.3890290410755,,[468.34283447265625],[859.6091251373291],,30,1.0,1.0,0,0,30,20,True,"[[30, 30, 30, 30]]",0.5959277820061402,0.6663256750692488,,/data/home/hliu148/mirage/results/qwen3_3d_identical_b1_b64_repeat1/b4_in128_out32/summary.json
4,128,64,128,63,1,0,256,4,8,False,0.140625,93.3447265625,completed,,Qwen/Qwen3-8B,identical,caf9adc6e4e546ece8fe3c63704936095d49bde8b3d99e9a993b1f0dc5c22c7e,cec73259ef6b1952599c9ec97de94f12f18e6321,NVIDIA H100 NVL,590.48.01,2.6.0+cu124,12.4,4.57.1,0.7.0,normal,NORMAL,NORMAL,one_prefill_phase_then_decode,373.4361877441406,1010.721851348877,1384.1580390930176,,,16.043203989664715,15.720864295959473,15.901523399353028,23.40764965057378,249.32675558927403,184.9499788100399,,[373.4361877441406],[1010.721851348877],,,,,0,0,30,20,True,,1.0,1.0,,/data/home/hliu148/mirage/results/qwen3_3d_identical_b1_b64_repeat1/b4_in128_out64/summary.json
4,128,64,128,63,1,0,256,4,8,False,0.140625,93.3447265625,completed,,Qwen/Qwen3-8B,identical,caf9adc6e4e546ece8fe3c63704936095d49bde8b3d99e9a993b1f0dc5c22c7e,cec73259ef6b1952599c9ec97de94f12f18e6321,NVIDIA H100 NVL,590.48.01,2.6.0+cu124,12.4,4.57.1,0.7.0,always,MPK,MPK,split_two_mpk_launches,468.2621154785156,395.8323669433594,864.094482421875,,,6.283053443545387,,,,636.6331332274789,296.26389845990667,,[468.2621154785156],[395.8323669433594],,27,0.9,1.0,0,0,30,20,True,"[[27, 27, 27, 27]]",2.553408805736959,1.601859596665302,,/data/home/hliu148/mirage/results/qwen3_3d_identical_b1_b64_repeat1/b4_in128_out64/summary.json
4,128,64,128,63,1,0,256,4,8,False,0.140625,93.3447265625,completed,,Qwen/Qwen3-8B,identical,caf9adc6e4e546ece8fe3c63704936095d49bde8b3d99e9a993b1f0dc5c22c7e,cec73259ef6b1952599c9ec97de94f12f18e6321,NVIDIA H100 NVL,590.48.01,2.6.0+cu124,12.4,4.57.1,0.7.0,always-continuous,MPK,MPK,continuous_one_mpk_launch,,,,957.87060546875,267.2594800784414,,,,,,,,,,[957.87060546875],27,0.9,1.0,0,0,30,20,True,"[[27, 27, 27, 27]]",,,1.4450365541968548,/data/home/hliu148/mirage/results/qwen3_3d_identical_b1_b64_repeat1/b4_in128_out64/summary.json
4,128,64,128,63,1,0,256,4,8,False,0.140625,93.3447265625,completed,,Qwen/Qwen3-8B,identical,caf9adc6e4e546ece8fe3c63704936095d49bde8b3d99e9a993b1f0dc5c22c7e,cec73259ef6b1952599c9ec97de94f12f18e6321,NVIDIA H100 NVL,590.48.01,2.6.0+cu124,12.4,4.57.1,0.7.0,decode-only,NORMAL,MPK,one_prefill_phase_then_decode,345.5550231933594,396.5938415527344,742.1488647460938,,,6.295140342106895,,,,635.4107744421241,344.9442721812739,,[345.5550231933594],[396.5938415527344],,27,0.9,1.0,0,0,30,20,True,"[[27, 27, 27, 27]]",2.548506167901458,1.8650679194484383,,/data/home/hliu148/mirage/results/qwen3_3d_identical_b1_b64_repeat1/b4_in128_out64/summary.json
4,128,64,128,63,1,0,256,4,8,False,0.140625,93.3447265625,completed,,Qwen/Qwen3-8B,identical,caf9adc6e4e546ece8fe3c63704936095d49bde8b3d99e9a993b1f0dc5c22c7e,cec73259ef6b1952599c9ec97de94f12f18e6321,NVIDIA H100 NVL,590.48.01,2.6.0+cu124,12.4,4.57.1,0.7.0,prefill-only,MPK,NORMAL,one_prefill_phase_then_decode,468.15899658203125,1354.6031398773193,1822.7621364593506,,,21.501637140909832,15.927136421203613,16.122650146484375,149.32956855774015,186.0323459923639,140.4461914582397,,[468.15899658203125],[1354.6031398773193],,30,1.0,1.0,0,0,30,20,True,"[[30, 30, 30, 30]]",0.7461387188578448,0.7593739256520297,,/data/home/hliu148/mirage/results/qwen3_3d_identical_b1_b64_repeat1/b4_in128_out64/summary.json
4,128,128,128,127,1,0,256,4,8,False,0.140625,93.3447265625,completed,,Qwen/Qwen3-8B,identical,caf9adc6e4e546ece8fe3c63704936095d49bde8b3d99e9a993b1f0dc5c22c7e,cec73259ef6b1952599c9ec97de94f12f18e6321,NVIDIA H100 NVL,590.48.01,2.6.0+cu124,12.4,4.57.1,0.7.0,normal,NORMAL,NORMAL,one_prefill_phase_then_decode,370.661376953125,2013.1196203231812,2383.780997276306,,,15.851335593095914,15.67955207824707,15.86334056854248,16.20433464050293,252.34466688991236,214.7848315701015,,[370.661376953125],[2013.1196203231812],,,,,0,0,30,20,True,,1.0,1.0,,/data/home/hliu148/mirage/results/qwen3_3d_identical_b1_b64_repeat1/b4_in128_out128/summary.json
4,128,128,128,127,1,0,256,4,8,False,0.140625,93.3447265625,completed,,Qwen/Qwen3-8B,identical,caf9adc6e4e546ece8fe3c63704936095d49bde8b3d99e9a993b1f0dc5c22c7e,cec73259ef6b1952599c9ec97de94f12f18e6321,NVIDIA H100 NVL,590.48.01,2.6.0+cu124,12.4,4.57.1,0.7.0,always,MPK,MPK,split_two_mpk_launches,465.9917907714844,809.7014770507812,1275.6932678222656,,,6.375602181502215,,,,627.391717068759,401.3503973992389,,[465.9917907714844],[809.7014770507812],,27,0.9,1.0,0,0,30,20,True,"[[27, 27, 27, 27]]",2.486249163896395,1.868616114393749,,/data/home/hliu148/mirage/results/qwen3_3d_identical_b1_b64_repeat1/b4_in128_out128/summary.json
4,128,128,128,127,1,0,256,4,8,False,0.140625,93.3447265625,completed,,Qwen/Qwen3-8B,identical,caf9adc6e4e546ece8fe3c63704936095d49bde8b3d99e9a993b1f0dc5c22c7e,cec73259ef6b1952599c9ec97de94f12f18e6321,NVIDIA H100 NVL,590.48.01,2.6.0+cu124,12.4,4.57.1,0.7.0,always-continuous,MPK,MPK,continuous_one_mpk_launch,,,,1376.9302978515625,371.84162538864786,,,,,,,,,,[1376.9302978515625],27,0.9,1.0,0,0,30,20,True,"[[27, 27, 27, 27]]",,,1.7312285167925656,/data/home/hliu148/mirage/results/qwen3_3d_identical_b1_b64_repeat1/b4_in128_out128/summary.json
4,128,128,128,127,1,0,256,4,8,False,0.140625,93.3447265625,completed,,Qwen/Qwen3-8B,identical,caf9adc6e4e546ece8fe3c63704936095d49bde8b3d99e9a993b1f0dc5c22c7e,cec73259ef6b1952599c9ec97de94f12f18e6321,NVIDIA H100 NVL,590.48.01,2.6.0+cu124,12.4,4.57.1,0.7.0,decode-only,NORMAL,MPK,one_prefill_phase_then_decode,343.1759338378906,803.3431396484375,1146.5190734863281,,,6.325536532664862,,,,632.3574260213552,446.5691080420612,,[343.1759338378906],[803.3431396484375],,27,0.9,1.0,0,0,30,20,True,"[[27, 27, 27, 27]]",2.505927443662706,2.0791463939869046,,/data/home/hliu148/mirage/results/qwen3_3d_identical_b1_b64_repeat1/b4_in128_out128/summary.json
4,128,128,128,127,1,0,256,4,8,False,0.140625,93.3447265625,completed,,Qwen/Qwen3-8B,identical,caf9adc6e4e546ece8fe3c63704936095d49bde8b3d99e9a993b1f0dc5c22c7e,cec73259ef6b1952599c9ec97de94f12f18e6321,NVIDIA H100 NVL,590.48.01,2.6.0+cu124,12.4,4.57.1,0.7.0,prefill-only,MPK,NORMAL,one_prefill_phase_then_decode,468.89422607421875,2389.973575592041,2858.8678016662598,,,18.818689571590873,16.15158462524414,16.273152542114257,17.379897155761714,212.55465130996643,179.09187675680087,,[468.89422607421875],[2389.973575592041],,30,1.0,1.0,0,0,30,20,True,"[[30, 30, 30, 30]]",0.8423187774469405,0.8338199464441642,,/data/home/hliu148/mirage/results/qwen3_3d_identical_b1_b64_repeat1/b4_in128_out128/summary.json
4,128,256,128,255,1,0,512,4,8,False,0.28125,93.3447265625,completed,,Qwen/Qwen3-8B,identical,caf9adc6e4e546ece8fe3c63704936095d49bde8b3d99e9a993b1f0dc5c22c7e,cec73259ef6b1952599c9ec97de94f12f18e6321,NVIDIA H100 NVL,590.48.01,2.6.0+cu124,12.4,4.57.1,0.7.0,normal,NORMAL,NORMAL,one_prefill_phase_then_decode,375.3468933105469,4083.167489051819,4458.514382362366,,,16.01242152569341,15.928768157958984,16.076652145385744,16.561892700195312,249.80606422218096,229.6729161738015,,[375.3468933105469],[4083.167489051819],,,,,0,0,30,20,True,,1.0,1.0,,/data/home/hliu148/mirage/results/qwen3_3d_identical_b1_b64_repeat1/b4_in128_out256/summary.json
4,128,256,128,255,1,0,512,4,8,False,0.28125,93.3447265625,completed,,Qwen/Qwen3-8B,identical,caf9adc6e4e546ece8fe3c63704936095d49bde8b3d99e9a993b1f0dc5c22c7e,cec73259ef6b1952599c9ec97de94f12f18e6321,NVIDIA H100 NVL,590.48.01,2.6.0+cu124,12.4,4.57.1,0.7.0,always,MPK,MPK,split_two_mpk_launches,469.1512145996094,1642.076904296875,2111.2281188964844,,,6.439517271752451,,,,621.1645735537315,485.0257491526939,,[469.1512145996094],[1642.076904296875],,27,0.9,1.0,0,0,30,20,True,"[[27, 27, 27, 27]]",2.4865872471424844,2.1118108187630535,,/data/home/hliu148/mirage/results/qwen3_3d_identical_b1_b64_repeat1/b4_in128_out256/summary.json
4,128,256,128,255,1,0,512,4,8,False,0.28125,93.3447265625,completed,,Qwen/Qwen3-8B,identical,caf9adc6e4e546ece8fe3c63704936095d49bde8b3d99e9a993b1f0dc5c22c7e,cec73259ef6b1952599c9ec97de94f12f18e6321,NVIDIA H100 NVL,590.48.01,2.6.0+cu124,12.4,4.57.1,0.7.0,always-continuous,MPK,MPK,continuous_one_mpk_launch,,,,2222.57861328125,460.72611060008467,,,,,,,,,,[2222.57861328125],27,0.9,1.0,0,0,30,20,True,"[[27, 27, 27, 27]]",,,2.006009756289406,/data/home/hliu148/mirage/results/qwen3_3d_identical_b1_b64_repeat1/b4_in128_out256/summary.json
4,128,256,128,255,1,0,512,4,8,False,0.28125,93.3447265625,completed,,Qwen/Qwen3-8B,identical,caf9adc6e4e546ece8fe3c63704936095d49bde8b3d99e9a993b1f0dc5c22c7e,cec73259ef6b1952599c9ec97de94f12f18e6321,NVIDIA H100 NVL,590.48.01,2.6.0+cu124,12.4,4.57.1,0.7.0,decode-only,NORMAL,MPK,one_prefill_phase_then_decode,341.42315673828125,1630.3875732421875,1971.8107299804688,,,6.3936767578125,,,,625.618114821391,519.3196205044198,,[341.42315673828125],[1630.3875732421875],,27,0.9,1.0,0,0,30,20,True,"[[27, 27, 27, 27]]",2.504415242157443,2.2611269502557825,,/data/home/hliu148/mirage/results/qwen3_3d_identical_b1_b64_repeat1/b4_in128_out256/summary.json
4,128,256,128,255,1,0,512,4,8,False,0.28125,93.3447265625,completed,,Qwen/Qwen3-8B,identical,caf9adc6e4e546ece8fe3c63704936095d49bde8b3d99e9a993b1f0dc5c22c7e,cec73259ef6b1952599c9ec97de94f12f18e6321,NVIDIA H100 NVL,590.48.01,2.6.0+cu124,12.4,4.57.1,0.7.0,prefill-only,MPK,NORMAL,one_prefill_phase_then_decode,468.87738037109375,4379.161890029907,4848.039270401001,,,17.173183882470223,15.832096099853516,16.006912612915038,16.6367892074585,232.92128165488626,211.2194111652278,,[468.87738037109375],[4379.161890029907],,30,1.0,1.0,0,0,30,20,True,"[[30, 30, 30, 30]]",0.9324084360406993,0.9196531079240998,,/data/home/hliu148/mirage/results/qwen3_3d_identical_b1_b64_repeat1/b4_in128_out256/summary.json
4,128,512,128,511,1,0,1024,4,8,False,0.5625,93.3447265625,completed,,Qwen/Qwen3-8B,identical,caf9adc6e4e546ece8fe3c63704936095d49bde8b3d99e9a993b1f0dc5c22c7e,cec73259ef6b1952599c9ec97de94f12f18e6321,NVIDIA H100 NVL,590.48.01,2.6.0+cu124,12.4,4.57.1,0.7.0,normal,NORMAL,NORMAL,one_prefill_phase_then_decode,372.2818603515625,8072.705407142639,8444.987267494202,,,15.797857939613776,15.748576164245605,15.879327774047852,16.411526298522944,253.19888400628267,242.51072679327828,,[372.2818603515625],[8072.705407142639],,,,,0,0,30,20,True,,1.0,1.0,,/data/home/hliu148/mirage/results/qwen3_3d_identical_b1_b64_repeat1/b4_in128_out512/summary.json
4,128,512,128,511,1,0,1024,4,8,False,0.5625,93.3447265625,completed,,Qwen/Qwen3-8B,identical,caf9adc6e4e546ece8fe3c63704936095d49bde8b3d99e9a993b1f0dc5c22c7e,cec73259ef6b1952599c9ec97de94f12f18e6321,NVIDIA H100 NVL,590.48.01,2.6.0+cu124,12.4,4.57.1,0.7.0,always,MPK,MPK,split_two_mpk_launches,465.07586669921875,3356.23583984375,3821.3117065429688,,,6.567976203216732,,,,609.0156048435376,535.9416235250715,,[465.07586669921875],[3356.23583984375],,27,0.9,1.0,0,0,30,20,True,"[[27, 27, 27, 27]]",2.405285502081542,2.2099707943307614,,/data/home/hliu148/mirage/results/qwen3_3d_identical_b1_b64_repeat1/b4_in128_out512/summary.json
4,128,512,128,511,1,0,1024,4,8,False,0.5625,93.3447265625,completed,,Qwen/Qwen3-8B,identical,caf9adc6e4e546ece8fe3c63704936095d49bde8b3d99e9a993b1f0dc5c22c7e,cec73259ef6b1952599c9ec97de94f12f18e6321,NVIDIA H100 NVL,590.48.01,2.6.0+cu124,12.4,4.57.1,0.7.0,always-continuous,MPK,MPK,continuous_one_mpk_launch,,,,3910.627197265625,523.7011601187644,,,,,,,,,,[3910.627197265625],27,0.9,1.0,0,0,30,20,True,"[[27, 27, 27, 27]]",,,2.1594968892455606,/data/home/hliu148/mirage/results/qwen3_3d_identical_b1_b64_repeat1/b4_in128_out512/summary.json
4,128,512,128,511,1,0,1024,4,8,False,0.5625,93.3447265625,completed,,Qwen/Qwen3-8B,identical,caf9adc6e4e546ece8fe3c63704936095d49bde8b3d99e9a993b1f0dc5c22c7e,cec73259ef6b1952599c9ec97de94f12f18e6321,NVIDIA H100 NVL,590.48.01,2.6.0+cu124,12.4,4.57.1,0.7.0,decode-only,NORMAL,MPK,one_prefill_phase_then_decode,346.3215026855469,3358.193359375,3704.514862060547,,,6.571806965508806,,,,608.6606044568002,552.8389212240464,,[346.3215026855469],[3358.193359375],,27,0.9,1.0,0,0,30,20,True,"[[27, 27, 27, 27]]",2.4038834406619953,2.2796472903868663,,/data/home/hliu148/mirage/results/qwen3_3d_identical_b1_b64_repeat1/b4_in128_out512/summary.json
4,128,512,128,511,1,0,1024,4,8,False,0.5625,93.3447265625,completed,,Qwen/Qwen3-8B,identical,caf9adc6e4e546ece8fe3c63704936095d49bde8b3d99e9a993b1f0dc5c22c7e,cec73259ef6b1952599c9ec97de94f12f18e6321,NVIDIA H100 NVL,590.48.01,2.6.0+cu124,12.4,4.57.1,0.7.0,prefill-only,MPK,NORMAL,one_prefill_phase_then_decode,465.0688781738281,8538.352806091309,9003.421684265137,,,16.70910529567771,16.03971290588379,16.16985511779785,16.594524955749506,239.39043588615814,227.46907473846247,,[465.0688781738281],[8538.352806091309],,30,1.0,1.0,0,0,30,20,True,"[[30, 30, 30, 30]]",0.9454640245579365,0.9379753124584973,,/data/home/hliu148/mirage/results/qwen3_3d_identical_b1_b64_repeat1/b4_in128_out512/summary.json
4,256,16,256,15,1,0,512,4,8,False,0.28125,93.3447265625,completed,,Qwen/Qwen3-8B,identical,1fae4934b7490097f7a3c20fcb7936a601bfd0848ba6492b62146a91e5638570,cec73259ef6b1952599c9ec97de94f12f18e6321,NVIDIA H100 NVL,590.48.01,2.6.0+cu124,12.4,4.57.1,0.7.0,normal,NORMAL,NORMAL,one_prefill_phase_then_decode,390.3592224121094,262.05478382110596,652.4140062332153,,,17.470318921407063,16.11350440979004,16.42492790222168,33.21695316314696,228.95975843341037,98.0972195393399,,[390.3592224121094],[262.05478382110596],,,,,0,0,16,11,True,,1.0,1.0,,/data/home/hliu148/mirage/results/qwen3_3d_identical_b1_b64_repeat1/b4_in256_out16/summary.json
4,256,16,256,15,1,0,512,4,8,False,0.28125,93.3447265625,completed,,Qwen/Qwen3-8B,identical,1fae4934b7490097f7a3c20fcb7936a601bfd0848ba6492b62146a91e5638570,cec73259ef6b1952599c9ec97de94f12f18e6321,NVIDIA H100 NVL,590.48.01,2.6.0+cu124,12.4,4.57.1,0.7.0,always,MPK,MPK,split_two_mpk_launches,945.9119873046875,97.07548522949219,1042.9874725341797,,,6.471699015299479,,,,618.0757155955126,61.3621943555057,,[945.9119873046875],[97.07548522949219],,16,1.0,1.0,0,0,16,11,True,"[[16, 16, 16, 16]]",2.699494967257624,0.6255242976677604,,/data/home/hliu148/mirage/results/qwen3_3d_identical_b1_b64_repeat1/b4_in256_out16/summary.json
4,256,16,256,15,1,0,512,4,8,False,0.28125,93.3447265625,completed,,Qwen/Qwen3-8B,identical,1fae4934b7490097f7a3c20fcb7936a601bfd0848ba6492b62146a91e5638570,cec73259ef6b1952599c9ec97de94f12f18e6321,NVIDIA H100 NVL,590.48.01,2.6.0+cu124,12.4,4.57.1,0.7.0,always-continuous,MPK,MPK,continuous_one_mpk_launch,,,,1064.8441162109375,60.10269393019972,,,,,,,,,,[1064.8441162109375],16,1.0,1.0,0,0,16,11,True,"[[16, 16, 16, 16]]",,,0.6126849895689118,/data/home/hliu148/mirage/results/qwen3_3d_identical_b1_b64_repeat1/b4_in256_out16/summary.json
4,256,16,256,15,1,0,512,4,8,False,0.28125,93.3447265625,completed,,Qwen/Qwen3-8B,identical,1fae4934b7490097f7a3c20fcb7936a601bfd0848ba6492b62146a91e5638570,cec73259ef6b1952599c9ec97de94f12f18e6321,NVIDIA H100 NVL,590.48.01,2.6.0+cu124,12.4,4.57.1,0.7.0,decode-only,NORMAL,MPK,one_prefill_phase_then_decode,361.7149353027344,99.89923095703125,461.6141662597656,,,6.65994873046875,,,,600.6052241363825,138.64392533392285,,[361.7149353027344],[99.89923095703125],,16,1.0,1.0,0,0,16,11,True,"[[16, 16, 16, 16]]",2.6231912028814435,1.413331855734428,,/data/home/hliu148/mirage/results/qwen3_3d_identical_b1_b64_repeat1/b4_in256_out16/summary.json
4,256,16,256,15,1,0,512,4,8,False,0.28125,93.3447265625,completed,,Qwen/Qwen3-8B,identical,1fae4934b7490097f7a3c20fcb7936a601bfd0848ba6492b62146a91e5638570,cec73259ef6b1952599c9ec97de94f12f18e6321,NVIDIA H100 NVL,590.48.01,2.6.0+cu124,12.4,4.57.1,0.7.0,prefill-only,MPK,NORMAL,one_prefill_phase_then_decode,944.7178955078125,601.4247074127197,1546.1426029205322,,,40.094980494181314,16.27190399169922,16.88083839416504,323.26522762298566,99.763111259787,41.39333582756819,,[944.7178955078125],[601.4247074127197],,16,1.0,1.0,0,0,16,11,True,"[[16, 16, 16, 16]]",0.4357233425750737,0.4219623759159476,,/data/home/hliu148/mirage/results/qwen3_3d_identical_b1_b64_repeat1/b4_in256_out16/summary.json
4,256,32,256,31,1,0,512,4,8,False,0.28125,93.3447265625,completed,,Qwen/Qwen3-8B,identical,1fae4934b7490097f7a3c20fcb7936a601bfd0848ba6492b62146a91e5638570,cec73259ef6b1952599c9ec97de94f12f18e6321,NVIDIA H100 NVL,590.48.01,2.6.0+cu124,12.4,4.57.1,0.7.0,normal,NORMAL,NORMAL,one_prefill_phase_then_decode,391.6158142089844,510.41651248931885,902.0323266983032,,,16.465048789978027,15.83296012878418,15.982720375061035,29.76667137145995,242.93884889273613,141.90178800854807,,[391.6158142089844],[510.41651248931885],,,,,0,0,30,20,True,,1.0,1.0,,/data/home/hliu148/mirage/results/qwen3_3d_identical_b1_b64_repeat1/b4_in256_out32/summary.json
4,256,32,256,31,1,0,512,4,8,False,0.28125,93.3447265625,completed,,Qwen/Qwen3-8B,identical,1fae4934b7490097f7a3c20fcb7936a601bfd0848ba6492b62146a91e5638570,cec73259ef6b1952599c9ec97de94f12f18e6321,NVIDIA H100 NVL,590.48.01,2.6.0+cu124,12.4,4.57.1,0.7.0,always,MPK,MPK,split_two_mpk_launches,946.4404907226562,200.46896362304688,1146.9094543457031,,,6.46674076203377,,,,618.5496136607171,111.60427661922303,,[946.4404907226562],[200.46896362304688],,30,1.0,1.0,0,0,30,20,True,"[[30, 30, 30, 30]]",2.546112391986442,0.7864895727212405,,/data/home/hliu148/mirage/results/qwen3_3d_identical_b1_b64_repeat1/b4_in256_out32/summary.json
4,256,32,256,31,1,0,512,4,8,False,0.28125,93.3447265625,completed,,Qwen/Qwen3-8B,identical,1fae4934b7490097f7a3c20fcb7936a601bfd0848ba6492b62146a91e5638570,cec73259ef6b1952599c9ec97de94f12f18e6321,NVIDIA H100 NVL,590.48.01,2.6.0+cu124,12.4,4.57.1,0.7.0,always-continuous,MPK,MPK,continuous_one_mpk_launch,,,,1212.6019287109375,105.55813657336917,,,,,,,,,,[1212.6019287109375],30,1.0,1.0,0,0,30,20,True,"[[30, 30, 30, 30]]",,,0.7438816526188551,/data/home/hliu148/mirage/results/qwen3_3d_identical_b1_b64_repeat1/b4_in256_out32/summary.json
4,256,32,256,31,1,0,512,4,8,False,0.28125,93.3447265625,completed,,Qwen/Qwen3-8B,identical,1fae4934b7490097f7a3c20fcb7936a601bfd0848ba6492b62146a91e5638570,cec73259ef6b1952599c9ec97de94f12f18e6321,NVIDIA H100 NVL,590.48.01,2.6.0+cu124,12.4,4.57.1,0.7.0,decode-only,NORMAL,MPK,one_prefill_phase_then_decode,371.94744873046875,204.15533447265625,576.102783203125,,,6.585655950730847,,,,607.3806512100132,222.18257528339203,,[371.94744873046875],[204.15533447265625],,30,1.0,1.0,0,0,30,20,True,"[[30, 30, 30, 30]]",2.5001380140653735,1.565748947927336,,/data/home/hliu148/mirage/results/qwen3_3d_identical_b1_b64_repeat1/b4_in256_out32/summary.json
4,256,32,256,31,1,0,512,4,8,False,0.28125,93.3447265625,completed,,Qwen/Qwen3-8B,identical,1fae4934b7490097f7a3c20fcb7936a601bfd0848ba6492b62146a91e5638570,cec73259ef6b1952599c9ec97de94f12f18e6321,NVIDIA H100 NVL,590.48.01,2.6.0+cu124,12.4,4.57.1,0.7.0,prefill-only,MPK,NORMAL,one_prefill_phase_then_decode,937.3128051757812,835.486162185669,1772.7989673614502,,,26.951166522118353,16.087135314941406,16.20252799987793,251.77567443847633,148.41658140167215,72.20220812205747,,[937.3128051757812],[835.486162185669],,30,1.0,1.0,0,0,30,20,True,"[[30, 30, 30, 30]]",0.6109215635050694,0.5088181701960518,,/data/home/hliu148/mirage/results/qwen3_3d_identical_b1_b64_repeat1/b4_in256_out32/summary.json
4,256,64,256,63,1,0,512,4,8,False,0.28125,93.3447265625,completed,,Qwen/Qwen3-8B,identical,1fae4934b7490097f7a3c20fcb7936a601bfd0848ba6492b62146a91e5638570,cec73259ef6b1952599c9ec97de94f12f18e6321,NVIDIA H100 NVL,590.48.01,2.6.0+cu124,12.4,4.57.1,0.7.0,normal,NORMAL,NORMAL,one_prefill_phase_then_decode,388.3993835449219,1013.9914894104004,1402.3908729553223,,,16.095103006514293,15.782624244689941,15.85838737487793,23.50425605773931,248.52279593246777,182.54539796064097,,[388.3993835449219],[1013.9914894104004],,,,,0,0,30,20,True,,1.0,1.0,,/data/home/hliu148/mirage/results/qwen3_3d_identical_b1_b64_repeat1/b4_in256_out64/summary.json
4,256,64,256,63,1,0,512,4,8,False,0.28125,93.3447265625,completed,,Qwen/Qwen3-8B,identical,1fae4934b7490097f7a3c20fcb7936a601bfd0848ba6492b62146a91e5638570,cec73259ef6b1952599c9ec97de94f12f18e6321,NVIDIA H100 NVL,590.48.01,2.6.0+cu124,12.4,4.57.1,0.7.0,always,MPK,MPK,split_two_mpk_launches,946.1082763671875,407.4642028808594,1353.5724792480469,,,6.467685760013641,,,,618.459236954574,189.12914079208838,,[946.1082763671875],[407.4642028808594],,30,1.0,1.0,0,0,30,20,True,"[[30, 30, 30, 30]]",2.4885412810285246,1.0360663314715113,,/data/home/hliu148/mirage/results/qwen3_3d_identical_b1_b64_repeat1/b4_in256_out64/summary.json
4,256,64,256,63,1,0,512,4,8,False,0.28125,93.3447265625,completed,,Qwen/Qwen3-8B,identical,1fae4934b7490097f7a3c20fcb7936a601bfd0848ba6492b62146a91e5638570,cec73259ef6b1952599c9ec97de94f12f18e6321,NVIDIA H100 NVL,590.48.01,2.6.0+cu124,12.4,4.57.1,0.7.0,always-continuous,MPK,MPK,continuous_one_mpk_launch,,,,1470.1075439453125,174.1369201554979,,,,,,,,,,[1470.1075439453125],30,1.0,1.0,0,0,30,20,True,"[[30, 30, 30, 30]]",,,0.9539376073071092,/data/home/hliu148/mirage/results/qwen3_3d_identical_b1_b64_repeat1/b4_in256_out64/summary.json
4,256,64,256,63,1,0,512,4,8,False,0.28125,93.3447265625,completed,,Qwen/Qwen3-8B,identical,1fae4934b7490097f7a3c20fcb7936a601bfd0848ba6492b62146a91e5638570,cec73259ef6b1952599c9ec97de94f12f18e6321,NVIDIA H100 NVL,590.48.01,2.6.0+cu124,12.4,4.57.1,0.7.0,decode-only,NORMAL,MPK,one_prefill_phase_then_decode,453.27374267578125,408.61688232421875,861.890625,,,6.485982259114583,,,,616.7146070094323,297.02144631170574,,[453.27374267578125],[408.61688232421875],,30,1.0,1.0,0,0,30,20,True,"[[30, 30, 30, 30]]",2.4815212813596985,1.627110021013771,,/data/home/hliu148/mirage/results/qwen3_3d_identical_b1_b64_repeat1/b4_in256_out64/summary.json
4,256,64,256,63,1,0,512,4,8,False,0.28125,93.3447265625,completed,,Qwen/Qwen3-8B,identical,1fae4934b7490097f7a3c20fcb7936a601bfd0848ba6492b62146a91e5638570,cec73259ef6b1952599c9ec97de94f12f18e6321,NVIDIA H100 NVL,590.48.01,2.6.0+cu124,12.4,4.57.1,0.7.0,prefill-only,MPK,NORMAL,one_prefill_phase_then_decode,938.3811645507812,1347.598916053772,2285.980080604553,,,21.39045898498051,15.859264373779297,16.109267807006837,147.47118385315028,186.99925994148296,111.98697756469423,,[938.3811645507812],[1347.598916053772],,30,1.0,1.0,0,0,30,20,True,"[[30, 30, 30, 30]]",0.7524430877250275,0.6134746688538266,,/data/home/hliu148/mirage/results/qwen3_3d_identical_b1_b64_repeat1/b4_in256_out64/summary.json
4,256,128,256,127,1,0,512,4,8,False,0.28125,93.3447265625,completed,,Qwen/Qwen3-8B,identical,1fae4934b7490097f7a3c20fcb7936a601bfd0848ba6492b62146a91e5638570,cec73259ef6b1952599c9ec97de94f12f18e6321,NVIDIA H100 NVL,590.48.01,2.6.0+cu124,12.4,4.57.1,0.7.0,normal,NORMAL,NORMAL,one_prefill_phase_then_decode,388.99554443359375,2021.545153617859,2410.5406980514526,,,15.91767837494377,15.754143714904785,15.93357448577881,16.337837142944334,251.29292763550578,212.40047945005549,,[388.99554443359375],[2021.545153617859],,,,,0,0,30,20,True,,1.0,1.0,,/data/home/hliu148/mirage/results/qwen3_3d_identical_b1_b64_repeat1/b4_in256_out128/summary.json
4,256,128,256,127,1,0,512,4,8,False,0.28125,93.3447265625,completed,,Qwen/Qwen3-8B,identical,1fae4934b7490097f7a3c20fcb7936a601bfd0848ba6492b62146a91e5638570,cec73259ef6b1952599c9ec97de94f12f18e6321,NVIDIA H100 NVL,590.48.01,2.6.0+cu124,12.4,4.57.1,0.7.0,always,MPK,MPK,split_two_mpk_launches,945.4031982421875,825.8770141601562,1771.2802124023438,,,6.502968615434301,,,,615.1036913366465,289.05646685093774,,[945.4031982421875],[825.8770141601562],,30,1.0,1.0,0,0,30,20,True,"[[30, 30, 30, 30]]",2.4477556814843564,1.3609030808186444,,/data/home/hliu148/mirage/results/qwen3_3d_identical_b1_b64_repeat1/b4_in256_out128/summary.json
4,256,128,256,127,1,0,512,4,8,False,0.28125,93.3447265625,completed,,Qwen/Qwen3-8B,identical,1fae4934b7490097f7a3c20fcb7936a601bfd0848ba6492b62146a91e5638570,cec73259ef6b1952599c9ec97de94f12f18e6321,NVIDIA H100 NVL,590.48.01,2.6.0+cu124,12.4,4.57.1,0.7.0,always-continuous,MPK,MPK,continuous_one_mpk_launch,,,,1954.3642578125,261.977775101698,,,,,,,,,,[1954.3642578125],30,1.0,1.0,0,0,30,20,True,"[[30, 30, 30, 30]]",,,1.2334142360695577,/data/home/hliu148/mirage/results/qwen3_3d_identical_b1_b64_repeat1/b4_in256_out128/summary.json
4,256,128,256,127,1,0,512,4,8,False,0.28125,93.3447265625,completed,,Qwen/Qwen3-8B,identical,1fae4934b7490097f7a3c20fcb7936a601bfd0848ba6492b62146a91e5638570,cec73259ef6b1952599c9ec97de94f12f18e6321,NVIDIA H100 NVL,590.48.01,2.6.0+cu124,12.4,4.57.1,0.7.0,decode-only,NORMAL,MPK,one_prefill_phase_then_decode,362.0084533691406,823.27294921875,1185.2814025878906,,,6.482464167076771,,,,617.0493036143964,431.9649316036867,,[362.0084533691406],[823.27294921875],,30,1.0,1.0,0,0,30,20,True,"[[30, 30, 30, 30]]",2.4554980891042475,2.033728608909568,,/data/home/hliu148/mirage/results/qwen3_3d_identical_b1_b64_repeat1/b4_in256_out128/summary.json
4,256,128,256,127,1,0,512,4,8,False,0.28125,93.3447265625,completed,,Qwen/Qwen3-8B,identical,1fae4934b7490097f7a3c20fcb7936a601bfd0848ba6492b62146a91e5638570,cec73259ef6b1952599c9ec97de94f12f18e6321,NVIDIA H100 NVL,590.48.01,2.6.0+cu124,12.4,4.57.1,0.7.0,prefill-only,MPK,NORMAL,one_prefill_phase_then_decode,942.9630126953125,2356.586618423462,3299.5496311187744,,,18.55580014506663,15.805248260498047,15.961894416809082,17.151741065979003,215.56602079827138,155.1726924096598,,[942.9630126953125],[2356.586618423462],,30,1.0,1.0,0,0,30,20,True,"[[30, 30, 30, 30]]",0.8578276469083308,0.7305665825775481,,/data/home/hliu148/mirage/results/qwen3_3d_identical_b1_b64_repeat1/b4_in256_out128/summary.json
4,256,256,256,255,1,0,512,4,8,False,0.28125,93.3447265625,completed,,Qwen/Qwen3-8B,identical,1fae4934b7490097f7a3c20fcb7936a601bfd0848ba6492b62146a91e5638570,cec73259ef6b1952599c9ec97de94f12f18e6321,NVIDIA H100 NVL,590.48.01,2.6.0+cu124,12.4,4.57.1,0.7.0,normal,NORMAL,NORMAL,one_prefill_phase_then_decode,390.9835205078125,4024.240489959717,4415.224010467529,,,15.781335254743988,15.680895805358887,15.845792007446288,16.47312530517578,253.46397725107386,231.92481232488322,,[390.9835205078125],[4024.240489959717],,,,,0,0,30,20,True,,1.0,1.0,,/data/home/hliu148/mirage/results/qwen3_3d_identical_b1_b64_repeat1/b4_in256_out256/summary.json
4,256,256,256,255,1,0,512,4,8,False,0.28125,93.3447265625,completed,,Qwen/Qwen3-8B,identical,1fae4934b7490097f7a3c20fcb7936a601bfd0848ba6492b62146a91e5638570,cec73259ef6b1952599c9ec97de94f12f18e6321,NVIDIA H100 NVL,590.48.01,2.6.0+cu124,12.4,4.57.1,0.7.0,always,MPK,MPK,split_two_mpk_launches,945.3375244140625,1673.472412109375,2618.8099365234375,,,6.562636910232843,,,,609.5110935915056,391.01730359225536,,[945.3375244140625],[1673.472412109375],,30,1.0,1.0,0,0,30,20,True,"[[30, 30, 30, 30]]",2.4047247273632975,1.6859658079382787,,/data/home/hliu148/mirage/results/qwen3_3d_identical_b1_b64_repeat1/b4_in256_out256/summary.json
4,256,256,256,255,1,0,512,4,8,False,0.28125,93.3447265625,completed,,Qwen/Qwen3-8B,identical,1fae4934b7490097f7a3c20fcb7936a601bfd0848ba6492b62146a91e5638570,cec73259ef6b1952599c9ec97de94f12f18e6321,NVIDIA H100 NVL,590.48.01,2.6.0+cu124,12.4,4.57.1,0.7.0,always-continuous,MPK,MPK,continuous_one_mpk_launch,,,,2845.673828125,359.84447334735773,,,,,,,,,,[2845.673828125],30,1.0,1.0,0,0,30,20,True,"[[30, 30, 30, 30]]",,,1.5515566003489225,/data/home/hliu148/mirage/results/qwen3_3d_identical_b1_b64_repeat1/b4_in256_out256/summary.json
4,256,256,256,255,1,0,512,4,8,False,0.28125,93.3447265625,completed,,Qwen/Qwen3-8B,identical,1fae4934b7490097f7a3c20fcb7936a601bfd0848ba6492b62146a91e5638570,cec73259ef6b1952599c9ec97de94f12f18e6321,NVIDIA H100 NVL,590.48.01,2.6.0+cu124,12.4,4.57.1,0.7.0,decode-only,NORMAL,MPK,one_prefill_phase_then_decode,381.6092529296875,1673.96533203125,2055.5745849609375,,,6.564569929534314,,,,609.3316154655934,498.1575504444463,,[381.6092529296875],[1673.96533203125],,30,1.0,1.0,0,0,30,20,True,"[[30, 30, 30, 30]]",2.404016626244319,2.1479269313652427,,/data/home/hliu148/mirage/results/qwen3_3d_identical_b1_b64_repeat1/b4_in256_out256/summary.json
4,256,256,256,255,1,0,512,4,8,False,0.28125,93.3447265625,completed,,Qwen/Qwen3-8B,identical,1fae4934b7490097f7a3c20fcb7936a601bfd0848ba6492b62146a91e5638570,cec73259ef6b1952599c9ec97de94f12f18e6321,NVIDIA H100 NVL,590.48.01,2.6.0+cu124,12.4,4.57.1,0.7.0,prefill-only,MPK,NORMAL,one_prefill_phase_then_decode,945.0344848632812,4428.062752723694,5373.097237586975,,,17.364951971465466,16.03830337524414,16.180672454833985,16.932077827453615,230.3490390628723,190.57909334614465,,[945.0344848632812],[4428.062752723694],,30,1.0,1.0,0,0,30,20,True,"[[30, 30, 30, 30]]",0.9088038527648267,0.8217279187842094,,/data/home/hliu148/mirage/results/qwen3_3d_identical_b1_b64_repeat1/b4_in256_out256/summary.json
4,256,512,256,511,1,0,1024,4,8,False,0.5625,93.3447265625,completed,,Qwen/Qwen3-8B,identical,1fae4934b7490097f7a3c20fcb7936a601bfd0848ba6492b62146a91e5638570,cec73259ef6b1952599c9ec97de94f12f18e6321,NVIDIA H100 NVL,590.48.01,2.6.0+cu124,12.4,4.57.1,0.7.0,normal,NORMAL,NORMAL,one_prefill_phase_then_decode,390.65509033203125,8102.430725097656,8493.085815429688,,,15.856028816238075,15.810912132263184,15.940032005310059,16.411622238159172,252.26997543695313,241.13732564427013,,[390.65509033203125],[8102.430725097656],,,,,0,0,30,20,True,,1.0,1.0,,/data/home/hliu148/mirage/results/qwen3_3d_identical_b1_b64_repeat1/b4_in256_out512/summary.json
4,256,512,256,511,1,0,1024,4,8,False,0.5625,93.3447265625,completed,,Qwen/Qwen3-8B,identical,1fae4934b7490097f7a3c20fcb7936a601bfd0848ba6492b62146a91e5638570,cec73259ef6b1952599c9ec97de94f12f18e6321,NVIDIA H100 NVL,590.48.01,2.6.0+cu124,12.4,4.57.1,0.7.0,always,MPK,MPK,split_two_mpk_launches,936.6436157226562,3421.7109375,4358.354553222656,,,6.696107509784736,,,,597.3619739759213,469.90210984227224,,[936.6436157226562],[3421.7109375],,30,1.0,1.0,0,0,30,20,True,"[[30, 30, 30, 30]]",2.3679471682717663,1.9486908904989675,,/data/home/hliu148/mirage/results/qwen3_3d_identical_b1_b64_repeat1/b4_in256_out512/summary.json
4,256,512,256,511,1,0,1024,4,8,False,0.5625,93.3447265625,completed,,Qwen/Qwen3-8B,identical,1fae4934b7490097f7a3c20fcb7936a601bfd0848ba6492b62146a91e5638570,cec73259ef6b1952599c9ec97de94f12f18e6321,NVIDIA H100 NVL,590.48.01,2.6.0+cu124,12.4,4.57.1,0.7.0,always-continuous,MPK,MPK,continuous_one_mpk_launch,,,,4582.8896484375,446.87962336126714,,,,,,,,,,[4582.8896484375],30,1.0,1.0,0,0,30,20,True,"[[30, 30, 30, 30]]",,,1.8532163038936227,/data/home/hliu148/mirage/results/qwen3_3d_identical_b1_b64_repeat1/b4_in256_out512/summary.json
4,256,512,256,511,1,0,1024,4,8,False,0.5625,93.3447265625,completed,,Qwen/Qwen3-8B,identical,1fae4934b7490097f7a3c20fcb7936a601bfd0848ba6492b62146a91e5638570,cec73259ef6b1952599c9ec97de94f12f18e6321,NVIDIA H100 NVL,590.48.01,2.6.0+cu124,12.4,4.57.1,0.7.0,decode-only,NORMAL,MPK,one_prefill_phase_then_decode,361.9232177734375,3390.112060546875,3752.0352783203125,,,6.63427017719545,,,,602.9299219301538,545.8370852304022,,[361.9232177734375],[3390.112060546875],,30,1.0,1.0,0,0,30,20,True,"[[30, 30, 30, 30]]",2.3900185540741727,2.263594338918854,,/data/home/hliu148/mirage/results/qwen3_3d_identical_b1_b64_repeat1/b4_in256_out512/summary.json
4,256,512,256,511,1,0,1024,4,8,False,0.5625,93.3447265625,completed,,Qwen/Qwen3-8B,identical,1fae4934b7490097f7a3c20fcb7936a601bfd0848ba6492b62146a91e5638570,cec73259ef6b1952599c9ec97de94f12f18e6321,NVIDIA H100 NVL,590.48.01,2.6.0+cu124,12.4,4.57.1,0.7.0,prefill-only,MPK,NORMAL,one_prefill_phase_then_decode,944.30078125,8602.507242202759,9546.808023452759,,,16.834652137383088,16.129663467407227,16.264415740966797,17.080573463439936,237.6051472496771,214.5219632539869,,[944.30078125],[8602.507242202759],,30,1.0,1.0,0,0,30,20,True,"[[30, 30, 30, 30]]",0.9418685154193427,0.8896257046926586,,/data/home/hliu148/mirage/results/qwen3_3d_identical_b1_b64_repeat1/b4_in256_out512/summary.json
4,512,16,512,15,1,0,1024,4,8,False,0.5625,93.3447265625,completed,,Qwen/Qwen3-8B,identical,42b2c017593dfafd2aff3217eb35ee74ed8843ec99c275ef14222c1a42a0c519,cec73259ef6b1952599c9ec97de94f12f18e6321,NVIDIA H100 NVL,590.48.01,2.6.0+cu124,12.4,4.57.1,0.7.0,normal,NORMAL,NORMAL,one_prefill_phase_then_decode,427.1231689453125,259.0870723724365,686.210241317749,,,17.272471491495768,15.950143814086914,16.211264038085936,32.93136360168456,231.58237672989821,93.26587705409203,,[427.1231689453125],[259.0870723724365],,,,,0,0,16,11,True,,1.0,1.0,,/data/home/hliu148/mirage/results/qwen3_3d_identical_b1_b64_repeat1/b4_in512_out16/summary.json
4,512,16,512,15,1,0,1024,4,8,False,0.5625,93.3447265625,completed,,Qwen/Qwen3-8B,identical,42b2c017593dfafd2aff3217eb35ee74ed8843ec99c275ef14222c1a42a0c519,cec73259ef6b1952599c9ec97de94f12f18e6321,NVIDIA H100 NVL,590.48.01,2.6.0+cu124,12.4,4.57.1,0.7.0,always,MPK,MPK,split_two_mpk_launches,1921.1273193359375,100.92534637451172,2022.0526657104492,,,6.728356424967448,,,,594.4988266609779,31.651005478392705,,[1921.1273193359375],[100.92534637451172],,16,1.0,1.0,0,0,16,11,True,"[[16, 16, 16, 16]]",2.5671160088073566,0.3393631891762071,,/data/home/hliu148/mirage/results/qwen3_3d_identical_b1_b64_repeat1/b4_in512_out16/summary.json
4,512,16,512,15,1,0,1024,4,8,False,0.5625,93.3447265625,completed,,Qwen/Qwen3-8B,identical,42b2c017593dfafd2aff3217eb35ee74ed8843ec99c275ef14222c1a42a0c519,cec73259ef6b1952599c9ec97de94f12f18e6321,NVIDIA H100 NVL,590.48.01,2.6.0+cu124,12.4,4.57.1,0.7.0,always-continuous,MPK,MPK,continuous_one_mpk_launch,,,,2041.564208984375,31.348511949001267,,,,,,,,,,[2041.564208984375],16,1.0,1.0,0,0,16,11,True,"[[16, 16, 16, 16]]",,,0.3361198429605703,/data/home/hliu148/mirage/results/qwen3_3d_identical_b1_b64_repeat1/b4_in512_out16/summary.json
4,512,16,512,15,1,0,1024,4,8,False,0.5625,93.3447265625,completed,,Qwen/Qwen3-8B,identical,42b2c017593dfafd2aff3217eb35ee74ed8843ec99c275ef14222c1a42a0c519,cec73259ef6b1952599c9ec97de94f12f18e6321,NVIDIA H100 NVL,590.48.01,2.6.0+cu124,12.4,4.57.1,0.7.0,decode-only,NORMAL,MPK,one_prefill_phase_then_decode,406.00592041015625,107.08879852294922,513.0947189331055,,,7.139253234863281,,,,560.2826890166477,124.73330486245752,,[406.00592041015625],[107.08879852294922],,16,1.0,1.0,0,0,16,11,True,"[[16, 16, 16, 16]]",2.419366693304659,1.3373948629691772,,/data/home/hliu148/mirage/results/qwen3_3d_identical_b1_b64_repeat1/b4_in512_out16/summary.json
4,512,16,512,15,1,0,1024,4,8,False,0.5625,93.3447265625,completed,,Qwen/Qwen3-8B,identical,42b2c017593dfafd2aff3217eb35ee74ed8843ec99c275ef14222c1a42a0c519,cec73259ef6b1952599c9ec97de94f12f18e6321,NVIDIA H100 NVL,590.48.01,2.6.0+cu124,12.4,4.57.1,0.7.0,prefill-only,MPK,NORMAL,one_prefill_phase_then_decode,1919.752685546875,599.7725448608398,2519.525230407715,,,39.98483632405599,16.216575622558594,16.84484443664551,322.52583934783917,100.0379235663768,25.401611076402432,,[1919.752685546875],[599.7725448608398],,16,1.0,1.0,0,0,16,11,True,"[[16, 16, 16, 16]]",0.431975545717169,0.27235696354058936,,/data/home/hliu148/mirage/results/qwen3_3d_identical_b1_b64_repeat1/b4_in512_out16/summary.json
4,512,32,512,31,1,0,1024,4,8,False,0.5625,93.3447265625,completed,,Qwen/Qwen3-8B,identical,42b2c017593dfafd2aff3217eb35ee74ed8843ec99c275ef14222c1a42a0c519,cec73259ef6b1952599c9ec97de94f12f18e6321,NVIDIA H100 NVL,590.48.01,2.6.0+cu124,12.4,4.57.1,0.7.0,normal,NORMAL,NORMAL,one_prefill_phase_then_decode,427.07904052734375,516.7412805557251,943.8203210830688,,,16.669073566313713,16.007551193237305,16.128320693969727,30.21089859008788,239.96534564965515,135.61903377235538,,[427.07904052734375],[516.7412805557251],,,,,0,0,30,20,True,,1.0,1.0,,/data/home/hliu148/mirage/results/qwen3_3d_identical_b1_b64_repeat1/b4_in512_out32/summary.json
4,512,32,512,31,1,0,1024,4,8,False,0.5625,93.3447265625,completed,,Qwen/Qwen3-8B,identical,42b2c017593dfafd2aff3217eb35ee74ed8843ec99c275ef14222c1a42a0c519,cec73259ef6b1952599c9ec97de94f12f18e6321,NVIDIA H100 NVL,590.48.01,2.6.0+cu124,12.4,4.57.1,0.7.0,always,MPK,MPK,split_two_mpk_launches,1919.1475830078125,208.57565307617188,2127.7232360839844,,,6.728246873424899,,,,594.5085064876445,60.15820000893559,,[1919.1475830078125],[208.57565307617188],,30,1.0,1.0,0,0,30,20,True,"[[30, 30, 30, 30]]",2.4774765076104597,0.44358227850166454,,/data/home/hliu148/mirage/results/qwen3_3d_identical_b1_b64_repeat1/b4_in512_out32/summary.json
4,512,32,512,31,1,0,1024,4,8,False,0.5625,93.3447265625,completed,,Qwen/Qwen3-8B,identical,42b2c017593dfafd2aff3217eb35ee74ed8843ec99c275ef14222c1a42a0c519,cec73259ef6b1952599c9ec97de94f12f18e6321,NVIDIA H100 NVL,590.48.01,2.6.0+cu124,12.4,4.57.1,0.7.0,always-continuous,MPK,MPK,continuous_one_mpk_launch,,,,2198.663818359375,58.21717669212047,,,,,,,,,,[2198.663818359375],30,1.0,1.0,0,0,30,20,True,"[[30, 30, 30, 30]]",,,0.4292699562352101,/data/home/hliu148/mirage/results/qwen3_3d_identical_b1_b64_repeat1/b4_in512_out32/summary.json
4,512,32,512,31,1,0,1024,4,8,False,0.5625,93.3447265625,completed,,Qwen/Qwen3-8B,identical,42b2c017593dfafd2aff3217eb35ee74ed8843ec99c275ef14222c1a42a0c519,cec73259ef6b1952599c9ec97de94f12f18e6321,NVIDIA H100 NVL,590.48.01,2.6.0+cu124,12.4,4.57.1,0.7.0,decode-only,NORMAL,MPK,one_prefill_phase_then_decode,401.76416015625,213.46803283691406,615.2321929931641,,,6.8860655753843245,,,,580.8832280509836,208.05153153196946,,[401.76416015625],[213.46803283691406],,30,1.0,1.0,0,0,30,20,True,"[[30, 30, 30, 30]]",2.4206963154549075,1.5340879944713097,,/data/home/hliu148/mirage/results/qwen3_3d_identical_b1_b64_repeat1/b4_in512_out32/summary.json
4,512,32,512,31,1,0,1024,4,8,False,0.5625,93.3447265625,completed,,Qwen/Qwen3-8B,identical,42b2c017593dfafd2aff3217eb35ee74ed8843ec99c275ef14222c1a42a0c519,cec73259ef6b1952599c9ec97de94f12f18e6321,NVIDIA H100 NVL,590.48.01,2.6.0+cu124,12.4,4.57.1,0.7.0,prefill-only,MPK,NORMAL,one_prefill_phase_then_decode,1907.31689453125,844.8959426879883,2752.2128372192383,,,27.254707828644783,16.08576011657715,16.160831451416016,258.5923463821409,146.76363530105385,46.50803101744404,,[1907.31689453125],[844.8959426879883],,30,1.0,1.0,0,0,30,20,True,"[[30, 30, 30, 30]]",0.6116034584232257,0.34293144349863564,,/data/home/hliu148/mirage/results/qwen3_3d_identical_b1_b64_repeat1/b4_in512_out32/summary.json
4,512,64,512,63,1,0,1024,4,8,False,0.5625,93.3447265625,completed,,Qwen/Qwen3-8B,identical,42b2c017593dfafd2aff3217eb35ee74ed8843ec99c275ef14222c1a42a0c519,cec73259ef6b1952599c9ec97de94f12f18e6321,NVIDIA H100 NVL,590.48.01,2.6.0+cu124,12.4,4.57.1,0.7.0,normal,NORMAL,NORMAL,one_prefill_phase_then_decode,427.47418212890625,1013.1075820922852,1440.5817642211914,,,16.081072731623575,15.740991592407227,15.903347396850586,24.269520072937055,248.73962494641071,177.70598403930163,,[427.47418212890625],[1013.1075820922852],,,,,0,0,30,20,True,,1.0,1.0,,/data/home/hliu148/mirage/results/qwen3_3d_identical_b1_b64_repeat1/b4_in512_out64/summary.json
4,512,64,512,63,1,0,1024,4,8,False,0.5625,93.3447265625,completed,,Qwen/Qwen3-8B,identical,42b2c017593dfafd2aff3217eb35ee74ed8843ec99c275ef14222c1a42a0c519,cec73259ef6b1952599c9ec97de94f12f18e6321,NVIDIA H100 NVL,590.48.01,2.6.0+cu124,12.4,4.57.1,0.7.0,always,MPK,MPK,split_two_mpk_launches,1903.4281005859375,424.1300048828125,2327.55810546875,,,6.732222299727183,,,,594.1574448844473,109.9865130750168,,[1903.4281005859375],[424.1300048828125],,30,1.0,1.0,0,0,30,20,True,"[[30, 30, 30, 30]]",2.388672271305605,0.6189240822115033,,/data/home/hliu148/mirage/results/qwen3_3d_identical_b1_b64_repeat1/b4_in512_out64/summary.json
4,512,64,512,63,1,0,1024,4,8,False,0.5625,93.3447265625,completed,,Qwen/Qwen3-8B,identical,42b2c017593dfafd2aff3217eb35ee74ed8843ec99c275ef14222c1a42a0c519,cec73259ef6b1952599c9ec97de94f12f18e6321,NVIDIA H100 NVL,590.48.01,2.6.0+cu124,12.4,4.57.1,0.7.0,always-continuous,MPK,MPK,continuous_one_mpk_launch,,,,2484.100341796875,103.05541837123306,,,,,,,,,,[2484.100341796875],6,0.8,0.75,0,0,30,20,True,"[[30, 6, 30, 30]]",,,0.5799209234757183,/data/home/hliu148/mirage/results/qwen3_3d_identical_b1_b64_repeat1/b4_in512_out64/summary.json
4,512,64,512,63,1,0,1024,4,8,False,0.5625,93.3447265625,completed,,Qwen/Qwen3-8B,identical,42b2c017593dfafd2aff3217eb35ee74ed8843ec99c275ef14222c1a42a0c519,cec73259ef6b1952599c9ec97de94f12f18e6321,NVIDIA H100 NVL,590.48.01,2.6.0+cu124,12.4,4.57.1,0.7.0,decode-only,NORMAL,MPK,one_prefill_phase_then_decode,398.9296875,429.200927734375,828.130615234375,,,6.812713138640873,,,,587.1375938776125,309.1299793662956,,[398.9296875],[429.200927734375],,30,1.0,1.0,0,0,30,20,True,"[[30, 30, 30, 30]]",2.3604505876540878,1.7395586369107756,,/data/home/hliu148/mirage/results/qwen3_3d_identical_b1_b64_repeat1/b4_in512_out64/summary.json
4,512,64,512,63,1,0,1024,4,8,False,0.5625,93.3447265625,completed,,Qwen/Qwen3-8B,identical,42b2c017593dfafd2aff3217eb35ee74ed8843ec99c275ef14222c1a42a0c519,cec73259ef6b1952599c9ec97de94f12f18e6321,NVIDIA H100 NVL,590.48.01,2.6.0+cu124,12.4,4.57.1,0.7.0,prefill-only,MPK,NORMAL,one_prefill_phase_then_decode,1920.021484375,1361.4399003982544,3281.4613847732544,,,21.61015714917864,15.866592407226562,16.056460571289062,153.61078845977875,185.0981449319091,78.0140217976965,,[1920.021484375],[1361.4399003982544],,30,1.0,1.0,0,0,30,20,True,"[[30, 30, 30, 30]]",0.744144182784658,0.4390061607629535,,/data/home/hliu148/mirage/results/qwen3_3d_identical_b1_b64_repeat1/b4_in512_out64/summary.json
4,512,128,512,127,1,0,1024,4,8,False,0.5625,93.3447265625,completed,,Qwen/Qwen3-8B,identical,42b2c017593dfafd2aff3217eb35ee74ed8843ec99c275ef14222c1a42a0c519,cec73259ef6b1952599c9ec97de94f12f18e6321,NVIDIA H100 NVL,590.48.01,2.6.0+cu124,12.4,4.57.1,0.7.0,normal,NORMAL,NORMAL,one_prefill_phase_then_decode,420.2530822753906,2019.0873918533325,2439.340474128723,,,15.89832592010498,15.759103775024414,15.897875022888183,16.223917961120605,251.59881739130853,209.89279907015634,,[420.2530822753906],[2019.0873918533325],,,,,0,0,30,20,True,,1.0,1.0,,/data/home/hliu148/mirage/results/qwen3_3d_identical_b1_b64_repeat1/b4_in512_out128/summary.json
4,512,128,512,127,1,0,1024,4,8,False,0.5625,93.3447265625,completed,,Qwen/Qwen3-8B,identical,42b2c017593dfafd2aff3217eb35ee74ed8843ec99c275ef14222c1a42a0c519,cec73259ef6b1952599c9ec97de94f12f18e6321,NVIDIA H100 NVL,590.48.01,2.6.0+cu124,12.4,4.57.1,0.7.0,always,MPK,MPK,split_two_mpk_launches,1904.6514892578125,859.9688720703125,2764.620361328125,,,6.771408441498524,,,,590.7190556525924,185.19721809255392,,[1904.6514892578125],[859.9688720703125],,30,1.0,1.0,0,0,30,20,True,"[[30, 30, 30, 30]]",2.3478610184953865,0.8823419331820528,,/data/home/hliu148/mirage/results/qwen3_3d_identical_b1_b64_repeat1/b4_in512_out128/summary.json
4,512,128,512,127,1,0,1024,4,8,False,0.5625,93.3447265625,completed,,Qwen/Qwen3-8B,identical,42b2c017593dfafd2aff3217eb35ee74ed8843ec99c275ef14222c1a42a0c519,cec73259ef6b1952599c9ec97de94f12f18e6321,NVIDIA H100 NVL,590.48.01,2.6.0+cu124,12.4,4.57.1,0.7.0,always-continuous,MPK,MPK,continuous_one_mpk_launch,,,,3000.622802734375,170.63124346500007,,,,,,,,,,[3000.622802734375],30,1.0,1.0,0,0,30,20,True,"[[30, 30, 30, 30]]",,,0.8129447233107165,/data/home/hliu148/mirage/results/qwen3_3d_identical_b1_b64_repeat1/b4_in512_out128/summary.json
4,512,128,512,127,1,0,1024,4,8,False,0.5625,93.3447265625,completed,,Qwen/Qwen3-8B,identical,42b2c017593dfafd2aff3217eb35ee74ed8843ec99c275ef14222c1a42a0c519,cec73259ef6b1952599c9ec97de94f12f18e6321,NVIDIA H100 NVL,590.48.01,2.6.0+cu124,12.4,4.57.1,0.7.0,decode-only,NORMAL,MPK,one_prefill_phase_then_decode,398.9195556640625,866.8805541992188,1265.8001098632812,,,6.825831135426919,,,,586.009222999892,404.4872456641681,,[398.9195556640625],[866.8805541992188],,30,1.0,1.0,0,0,30,20,True,"[[30, 30, 30, 30]]",2.329141404859941,1.927113495346588,,/data/home/hliu148/mirage/results/qwen3_3d_identical_b1_b64_repeat1/b4_in512_out128/summary.json
4,512,128,512,127,1,0,1024,4,8,False,0.5625,93.3447265625,completed,,Qwen/Qwen3-8B,identical,42b2c017593dfafd2aff3217eb35ee74ed8843ec99c275ef14222c1a42a0c519,cec73259ef6b1952599c9ec97de94f12f18e6321,NVIDIA H100 NVL,590.48.01,2.6.0+cu124,12.4,4.57.1,0.7.0,prefill-only,MPK,NORMAL,one_prefill_phase_then_decode,1904.4442138671875,2350.2621564865112,4254.706370353699,,,18.506001232177255,15.756447792053223,15.903007888793946,16.82872127532959,216.1461003820216,120.33732893239278,,[1904.4442138671875],[2350.2621564865112],,30,1.0,1.0,0,0,30,20,True,"[[30, 30, 30, 30]]",0.8590902875582768,0.5733275722916545,,/data/home/hliu148/mirage/results/qwen3_3d_identical_b1_b64_repeat1/b4_in512_out128/summary.json
4,512,256,512,255,1,0,1024,4,8,False,0.5625,93.3447265625,completed,,Qwen/Qwen3-8B,identical,42b2c017593dfafd2aff3217eb35ee74ed8843ec99c275ef14222c1a42a0c519,cec73259ef6b1952599c9ec97de94f12f18e6321,NVIDIA H100 NVL,590.48.01,2.6.0+cu124,12.4,4.57.1,0.7.0,normal,NORMAL,NORMAL,one_prefill_phase_then_decode,430.0856628417969,4067.1824645996094,4497.268127441406,,,15.949735155292586,15.865119934082031,16.00258560180664,16.499527511596682,250.78786331274495,227.69378453371777,,[430.0856628417969],[4067.1824645996094],,,,,0,0,30,20,True,,1.0,1.0,,/data/home/hliu148/mirage/results/qwen3_3d_identical_b1_b64_repeat1/b4_in512_out256/summary.json
4,512,256,512,255,1,0,1024,4,8,False,0.5625,93.3447265625,completed,,Qwen/Qwen3-8B,identical,42b2c017593dfafd2aff3217eb35ee74ed8843ec99c275ef14222c1a42a0c519,cec73259ef6b1952599c9ec97de94f12f18e6321,NVIDIA H100 NVL,590.48.01,2.6.0+cu124,12.4,4.57.1,0.7.0,always,MPK,MPK,split_two_mpk_launches,1917.913330078125,1724.666748046875,3642.580078125,,,6.763399011948529,,,,591.4186037129285,281.1194203113028,,[1917.913330078125],[1724.666748046875],,30,1.0,1.0,0,0,30,20,True,"[[30, 30, 30, 30]]",2.3582425237835376,1.2346380946980726,,/data/home/hliu148/mirage/results/qwen3_3d_identical_b1_b64_repeat1/b4_in512_out256/summary.json
4,512,256,512,255,1,0,1024,4,8,False,0.5625,93.3447265625,completed,,Qwen/Qwen3-8B,identical,42b2c017593dfafd2aff3217eb35ee74ed8843ec99c275ef14222c1a42a0c519,cec73259ef6b1952599c9ec97de94f12f18e6321,NVIDIA H100 NVL,590.48.01,2.6.0+cu124,12.4,4.57.1,0.7.0,always-continuous,MPK,MPK,continuous_one_mpk_launch,,,,4061.10302734375,252.14824472694275,,,,,,,,,,[4061.10302734375],30,1.0,1.0,0,0,30,20,True,"[[30, 30, 30, 30]]",,,1.1074006488288821,/data/home/hliu148/mirage/results/qwen3_3d_identical_b1_b64_repeat1/b4_in512_out256/summary.json
4,512,256,512,255,1,0,1024,4,8,False,0.5625,93.3447265625,completed,,Qwen/Qwen3-8B,identical,42b2c017593dfafd2aff3217eb35ee74ed8843ec99c275ef14222c1a42a0c519,cec73259ef6b1952599c9ec97de94f12f18e6321,NVIDIA H100 NVL,590.48.01,2.6.0+cu124,12.4,4.57.1,0.7.0,decode-only,NORMAL,MPK,one_prefill_phase_then_decode,402.9486389160156,1733.53466796875,2136.4833068847656,,,6.798175168504902,,,,588.3931938870156,479.29230090410016,,[402.9486389160156],[1733.53466796875],,30,1.0,1.0,0,0,30,20,True,"[[30, 30, 30, 30]]",2.346178902418655,2.1049863169766265,,/data/home/hliu148/mirage/results/qwen3_3d_identical_b1_b64_repeat1/b4_in512_out256/summary.json
4,512,256,512,255,1,0,1024,4,8,False,0.5625,93.3447265625,completed,,Qwen/Qwen3-8B,identical,42b2c017593dfafd2aff3217eb35ee74ed8843ec99c275ef14222c1a42a0c519,cec73259ef6b1952599c9ec97de94f12f18e6321,NVIDIA H100 NVL,590.48.01,2.6.0+cu124,12.4,4.57.1,0.7.0,prefill-only,MPK,NORMAL,one_prefill_phase_then_decode,1910.837646484375,4400.630967140198,6311.468613624573,,,17.257376341726264,15.92137622833252,16.053861618041992,16.73734157562256,231.78494348115245,162.2443305492307,,[1910.837646484375],[4400.630967140198],,30,1.0,1.0,0,0,30,20,True,"[[30, 30, 30, 30]]",0.9242271153772106,0.7125549381221907,,/data/home/hliu148/mirage/results/qwen3_3d_identical_b1_b64_repeat1/b4_in512_out256/summary.json
4,512,512,512,511,1,0,1024,4,8,False,0.5625,93.3447265625,completed,,Qwen/Qwen3-8B,identical,42b2c017593dfafd2aff3217eb35ee74ed8843ec99c275ef14222c1a42a0c519,cec73259ef6b1952599c9ec97de94f12f18e6321,NVIDIA H100 NVL,590.48.01,2.6.0+cu124,12.4,4.57.1,0.7.0,normal,NORMAL,NORMAL,one_prefill_phase_then_decode,428.4121398925781,8087.13454246521,8515.546682357788,,,15.82609499503955,15.780927658081055,15.916543960571289,16.44500503540039,252.74712436982966,240.50129444337082,,[428.4121398925781],[8087.13454246521],,,,,0,0,30,20,True,,1.0,1.0,,/data/home/hliu148/mirage/results/qwen3_3d_identical_b1_b64_repeat1/b4_in512_out512/summary.json
4,512,512,512,511,1,0,1024,4,8,False,0.5625,93.3447265625,completed,,Qwen/Qwen3-8B,identical,42b2c017593dfafd2aff3217eb35ee74ed8843ec99c275ef14222c1a42a0c519,cec73259ef6b1952599c9ec97de94f12f18e6321,NVIDIA H100 NVL,590.48.01,2.6.0+cu124,12.4,4.57.1,0.7.0,always,MPK,MPK,split_two_mpk_launches,1904.4200439453125,3557.59375,5462.0137939453125,,,6.962022994129159,,,,574.5456461969554,374.95328229859564,,[1904.4200439453125],[3557.59375],,30,1.0,1.0,0,0,30,20,True,"[[30, 30, 30, 30]]",2.27320349392485,1.5590489155844576,,/data/home/hliu148/mirage/results/qwen3_3d_identical_b1_b64_repeat1/b4_in512_out512/summary.json
4,512,512,512,511,1,0,1024,4,8,False,0.5625,93.3447265625,completed,,Qwen/Qwen3-8B,identical,42b2c017593dfafd2aff3217eb35ee74ed8843ec99c275ef14222c1a42a0c519,cec73259ef6b1952599c9ec97de94f12f18e6321,NVIDIA H100 NVL,590.48.01,2.6.0+cu124,12.4,4.57.1,0.7.0,always-continuous,MPK,MPK,continuous_one_mpk_launch,,,,5934.7177734375,345.088019040501,,,,,,,,,,[5934.7177734375],30,1.0,1.0,0,0,30,20,True,"[[30, 30, 30, 30]]",,,1.4348696951473436,/data/home/hliu148/mirage/results/qwen3_3d_identical_b1_b64_repeat1/b4_in512_out512/summary.json
4,512,512,512,511,1,0,1024,4,8,False,0.5625,93.3447265625,completed,,Qwen/Qwen3-8B,identical,42b2c017593dfafd2aff3217eb35ee74ed8843ec99c275ef14222c1a42a0c519,cec73259ef6b1952599c9ec97de94f12f18e6321,NVIDIA H100 NVL,590.48.01,2.6.0+cu124,12.4,4.57.1,0.7.0,decode-only,NORMAL,MPK,one_prefill_phase_then_decode,403.50714111328125,3567.525146484375,3971.0322875976562,,,6.98145821229819,,,,572.9462067041809,515.7349151746566,,[403.50714111328125],[3567.525146484375],,30,1.0,1.0,0,0,30,20,True,"[[30, 30, 30, 30]]",2.266875273586983,2.144416379829894,,/data/home/hliu148/mirage/results/qwen3_3d_identical_b1_b64_repeat1/b4_in512_out512/summary.json
4,512,512,512,511,1,0,1024,4,8,False,0.5625,93.3447265625,completed,,Qwen/Qwen3-8B,identical,42b2c017593dfafd2aff3217eb35ee74ed8843ec99c275ef14222c1a42a0c519,cec73259ef6b1952599c9ec97de94f12f18e6321,NVIDIA H100 NVL,590.48.01,2.6.0+cu124,12.4,4.57.1,0.7.0,prefill-only,MPK,NORMAL,one_prefill_phase_then_decode,1922.4051513671875,8411.201563835144,10333.606715202332,,,16.460277032945488,15.780287742614746,15.932831764221191,16.246310997009278,243.00927572445718,198.18830505587906,,[1922.4051513671875],[8411.201563835144],,30,1.0,1.0,0,0,30,20,True,"[[30, 30, 30, 30]]",0.9614719705727545,0.8240633611331563,,/data/home/hliu148/mirage/results/qwen3_3d_identical_b1_b64_repeat1/b4_in512_out512/summary.json
8,16,16,16,15,1,0,64,8,8,False,0.0703125,93.3447265625,completed,,Qwen/Qwen3-8B,identical,70b99e88695c1b9b08b9602d8e39622bf43b6faeedae88004139422bcc86b064,cec73259ef6b1952599c9ec97de94f12f18e6321,NVIDIA H100 NVL,590.48.01,2.6.0+cu124,12.4,4.57.1,0.7.0,normal,NORMAL,NORMAL,one_prefill_phase_then_decode,382.5985107421875,239.35052680969238,621.9490375518799,,,15.956701787312825,15.676128387451172,15.793778991699218,19.47556457519531,501.35674067436673,205.80464358275154,,[382.5985107421875],[239.35052680969238],,,,,0,0,16,11,True,,1.0,1.0,,/data/home/hliu148/mirage/results/qwen3_3d_identical_b1_b64_repeat1/b8_in16_out16/summary.json
8,16,16,16,15,1,0,64,8,8,False,0.0703125,93.3447265625,completed,,Qwen/Qwen3-8B,identical,70b99e88695c1b9b08b9602d8e39622bf43b6faeedae88004139422bcc86b064,cec73259ef6b1952599c9ec97de94f12f18e6321,NVIDIA H100 NVL,590.48.01,2.6.0+cu124,12.4,4.57.1,0.7.0,always,MPK,MPK,split_two_mpk_launches,115.17839813232422,93.71635437011719,208.8947525024414,,,6.2477569580078125,,,,1280.459539922775,612.7487572886927,,[115.17839813232422],[93.71635437011719],,16,1.0,1.0,0,0,16,11,True,"[[16, 16, 16, 16, 16, 16, 16, 16]]",2.553988878658438,2.9773320301313504,,/data/home/hliu148/mirage/results/qwen3_3d_identical_b1_b64_repeat1/b8_in16_out16/summary.json
8,16,16,16,15,1,0,64,8,8,False,0.0703125,93.3447265625,completed,,Qwen/Qwen3-8B,identical,70b99e88695c1b9b08b9602d8e39622bf43b6faeedae88004139422bcc86b064,cec73259ef6b1952599c9ec97de94f12f18e6321,NVIDIA H100 NVL,590.48.01,2.6.0+cu124,12.4,4.57.1,0.7.0,always-continuous,MPK,MPK,continuous_one_mpk_launch,,,,269.8953552246094,474.25788373970806,,,,,,,,,,[269.8953552246094],16,1.0,1.0,0,0,16,11,True,"[[16, 16, 16, 16, 16, 16, 16, 16]]",,,2.304408080807053,/data/home/hliu148/mirage/results/qwen3_3d_identical_b1_b64_repeat1/b8_in16_out16/summary.json
8,16,16,16,15,1,0,64,8,8,False,0.0703125,93.3447265625,completed,,Qwen/Qwen3-8B,identical,70b99e88695c1b9b08b9602d8e39622bf43b6faeedae88004139422bcc86b064,cec73259ef6b1952599c9ec97de94f12f18e6321,NVIDIA H100 NVL,590.48.01,2.6.0+cu124,12.4,4.57.1,0.7.0,decode-only,NORMAL,MPK,one_prefill_phase_then_decode,349.755126953125,93.79430389404297,443.54943084716797,,,6.252953592936198,,,,1279.3953898902105,288.5811390976724,,[349.755126953125],[93.79430389404297],,16,1.0,1.0,0,0,16,11,True,"[[16, 16, 16, 16, 16, 16, 16, 16]]",2.551866338067614,1.4022090759173633,,/data/home/hliu148/mirage/results/qwen3_3d_identical_b1_b64_repeat1/b8_in16_out16/summary.json
8,16,16,16,15,1,0,64,8,8,False,0.0703125,93.3447265625,completed,,Qwen/Qwen3-8B,identical,70b99e88695c1b9b08b9602d8e39622bf43b6faeedae88004139422bcc86b064,cec73259ef6b1952599c9ec97de94f12f18e6321,NVIDIA H100 NVL,590.48.01,2.6.0+cu124,12.4,4.57.1,0.7.0,prefill-only,MPK,NORMAL,one_prefill_phase_then_decode,114.76969909667969,594.597466468811,709.3671655654907,,,39.639831097920734,15.73583984375,16.9140869140625,322.24213546752907,201.81720704707118,180.4425214662444,,[114.76969909667969],[594.597466468811],,16,1.0,1.0,0,0,16,11,True,"[[16, 16, 16, 16, 16, 16, 16, 16]]",0.4025421235498104,0.8767660356200401,,/data/home/hliu148/mirage/results/qwen3_3d_identical_b1_b64_repeat1/b8_in16_out16/summary.json
8,16,32,16,31,1,0,64,8,8,False,0.0703125,93.3447265625,completed,,Qwen/Qwen3-8B,identical,70b99e88695c1b9b08b9602d8e39622bf43b6faeedae88004139422bcc86b064,cec73259ef6b1952599c9ec97de94f12f18e6321,NVIDIA H100 NVL,590.48.01,2.6.0+cu124,12.4,4.57.1,0.7.0,normal,NORMAL,NORMAL,one_prefill_phase_then_decode,381.00830078125,494.00300788879395,875.011308670044,,,15.935580899638515,15.807647705078125,15.90998363494873,18.74082221984863,502.02123476913687,292.56764737029755,,[381.00830078125],[494.00300788879395],,,,,0,0,30,20,True,,1.0,1.0,,/data/home/hliu148/mirage/results/qwen3_3d_identical_b1_b64_repeat1/b8_in16_out32/summary.json
8,16,32,16,31,1,0,64,8,8,False,0.0703125,93.3447265625,correctness_failed,Batch match fraction: 0.633; passing-request fraction: 0.000; both require 0.667; invalid token IDs: 0; incomplete requests: 0,Qwen/Qwen3-8B,identical,70b99e88695c1b9b08b9602d8e39622bf43b6faeedae88004139422bcc86b064,cec73259ef6b1952599c9ec97de94f12f18e6321,NVIDIA H100 NVL,590.48.01,2.6.0+cu124,12.4,4.57.1,0.7.0,always,MPK,MPK,split_two_mpk_launches,114.97936248779297,193.77993774414062,308.7593002319336,,,6.250965733681956,,,,1279.8022482980123,829.1248224999154,,[114.97936248779297],[193.77993774414062],,19,0.6333333333333333,0.0,0,0,30,20,True,"[[19, 19, 19, 19, 19, 19, 19, 19]]",2.5492990329115286,2.8339593593221437,,/data/home/hliu148/mirage/results/qwen3_3d_identical_b1_b64_repeat1/b8_in16_out32/summary.json
8,16,32,16,31,1,0,64,8,8,False,0.0703125,93.3447265625,correctness_failed,Batch match fraction: 0.633; passing-request fraction: 0.000; both require 0.667; invalid token IDs: 0; incomplete requests: 0,Qwen/Qwen3-8B,identical,70b99e88695c1b9b08b9602d8e39622bf43b6faeedae88004139422bcc86b064,cec73259ef6b1952599c9ec97de94f12f18e6321,NVIDIA H100 NVL,590.48.01,2.6.0+cu124,12.4,4.57.1,0.7.0,always-continuous,MPK,MPK,continuous_one_mpk_launch,,,,439.17962646484375,582.9049996254613,,,,,,,,,,[439.17962646484375],19,0.6333333333333333,0.0,0,0,30,20,True,"[[19, 19, 19, 19, 19, 19, 19, 19]]",,,1.9923768224710408,/data/home/hliu148/mirage/results/qwen3_3d_identical_b1_b64_repeat1/b8_in16_out32/summary.json
8,16,32,16,31,1,0,64,8,8,False,0.0703125,93.3447265625,correctness_failed,Batch match fraction: 0.633; passing-request fraction: 0.000; both require 0.667; invalid token IDs: 0; incomplete requests: 0,Qwen/Qwen3-8B,identical,70b99e88695c1b9b08b9602d8e39622bf43b6faeedae88004139422bcc86b064,cec73259ef6b1952599c9ec97de94f12f18e6321,NVIDIA H100 NVL,590.48.01,2.6.0+cu124,12.4,4.57.1,0.7.0,decode-only,NORMAL,MPK,one_prefill_phase_then_decode,348.2179260253906,192.80860900878906,541.0265350341797,,,6.2196325486706145,,,,1286.2496196354753,473.1745735610307,,[348.2179260253906],[192.80860900878906],,19,0.6333333333333333,0.0,0,0,30,20,True,"[[19, 19, 19, 19, 19, 19, 19, 19]]",2.562141858853798,1.6173168079727633,,/data/home/hliu148/mirage/results/qwen3_3d_identical_b1_b64_repeat1/b8_in16_out32/summary.json
8,16,32,16,31,1,0,64,8,8,False,0.0703125,93.3447265625,completed,,Qwen/Qwen3-8B,identical,70b99e88695c1b9b08b9602d8e39622bf43b6faeedae88004139422bcc86b064,cec73259ef6b1952599c9ec97de94f12f18e6321,NVIDIA H100 NVL,590.48.01,2.6.0+cu124,12.4,4.57.1,0.7.0,prefill-only,MPK,NORMAL,one_prefill_phase_then_decode,114.34793853759766,827.2896747589111,941.6376132965088,,,26.686763701900357,15.682527542114258,15.83795166015625,253.82699737548805,299.77407861674595,271.8667950229693,,[114.34793853759766],[827.2896747589111],,30,1.0,1.0,0,0,30,20,True,"[[30, 30, 30, 30, 30, 30, 30, 30]]",0.5971342601764689,0.9292442191288242,,/data/home/hliu148/mirage/results/qwen3_3d_identical_b1_b64_repeat1/b8_in16_out32/summary.json
8,16,64,16,63,1,0,128,8,8,False,0.140625,93.3447265625,completed,,Qwen/Qwen3-8B,identical,70b99e88695c1b9b08b9602d8e39622bf43b6faeedae88004139422bcc86b064,cec73259ef6b1952599c9ec97de94f12f18e6321,NVIDIA H100 NVL,590.48.01,2.6.0+cu124,12.4,4.57.1,0.7.0,normal,NORMAL,NORMAL,one_prefill_phase_then_decode,381.23553466796875,997.096453666687,1378.3319883346558,,,15.82692783597916,15.706432342529297,15.90284767150879,18.435652351379403,505.46764873810184,371.46348218952284,,[381.23553466796875],[997.096453666687],,,,,0,0,30,20,True,,1.0,1.0,,/data/home/hliu148/mirage/results/qwen3_3d_identical_b1_b64_repeat1/b8_in16_out64/summary.json
8,16,64,16,63,1,0,128,8,8,False,0.140625,93.3447265625,correctness_failed,Batch match fraction: 0.633; passing-request fraction: 0.000; both require 0.667; invalid token IDs: 0; incomplete requests: 0,Qwen/Qwen3-8B,identical,70b99e88695c1b9b08b9602d8e39622bf43b6faeedae88004139422bcc86b064,cec73259ef6b1952599c9ec97de94f12f18e6321,NVIDIA H100 NVL,590.48.01,2.6.0+cu124,12.4,4.57.1,0.7.0,always,MPK,MPK,split_two_mpk_launches,115.76822662353516,395.2079772949219,510.97620391845703,,,6.273142496744792,,,,1275.2779016499776,1002.0036081400502,,[115.76822662353516],[395.2079772949219],,19,0.6333333333333333,0.0,0,0,30,20,True,"[[19, 19, 19, 19, 19, 19, 19, 19]]",2.5229664150291407,2.69744848735581,,/data/home/hliu148/mirage/results/qwen3_3d_identical_b1_b64_repeat1/b8_in16_out64/summary.json
8,16,64,16,63,1,0,128,8,8,False,0.140625,93.3447265625,correctness_failed,Batch match fraction: 0.633; passing-request fraction: 0.000; both require 0.667; invalid token IDs: 0; incomplete requests: 0,Qwen/Qwen3-8B,identical,70b99e88695c1b9b08b9602d8e39622bf43b6faeedae88004139422bcc86b064,cec73259ef6b1952599c9ec97de94f12f18e6321,NVIDIA H100 NVL,590.48.01,2.6.0+cu124,12.4,4.57.1,0.7.0,always-continuous,MPK,MPK,continuous_one_mpk_launch,,,,674.0892944335938,759.5432893355918,,,,,,,,,,[674.0892944335938],19,0.6333333333333333,0.0,0,0,30,20,True,"[[19, 19, 19, 19, 19, 19, 19, 19]]",,,2.044732055109709,/data/home/hliu148/mirage/results/qwen3_3d_identical_b1_b64_repeat1/b8_in16_out64/summary.json
8,16,64,16,63,1,0,128,8,8,False,0.140625,93.3447265625,correctness_failed,Batch match fraction: 0.633; passing-request fraction: 0.000; both require 0.667; invalid token IDs: 0; incomplete requests: 0,Qwen/Qwen3-8B,identical,70b99e88695c1b9b08b9602d8e39622bf43b6faeedae88004139422bcc86b064,cec73259ef6b1952599c9ec97de94f12f18e6321,NVIDIA H100 NVL,590.48.01,2.6.0+cu124,12.4,4.57.1,0.7.0,decode-only,NORMAL,MPK,one_prefill_phase_then_decode,347.29229736328125,396.1318359375,743.4241333007812,,,6.287806919642857,,,,1272.3036986088616,688.7051106704528,,[347.29229736328125],[396.1318359375],,19,0.6333333333333333,0.0,0,0,30,20,True,"[[19, 19, 19, 19, 19, 19, 19, 19]]",2.5170823529164785,1.8540318057942273,,/data/home/hliu148/mirage/results/qwen3_3d_identical_b1_b64_repeat1/b8_in16_out64/summary.json
8,16,64,16,63,1,0,128,8,8,False,0.140625,93.3447265625,completed,,Qwen/Qwen3-8B,identical,70b99e88695c1b9b08b9602d8e39622bf43b6faeedae88004139422bcc86b064,cec73259ef6b1952599c9ec97de94f12f18e6321,NVIDIA H100 NVL,590.48.01,2.6.0+cu124,12.4,4.57.1,0.7.0,prefill-only,MPK,NORMAL,one_prefill_phase_then_decode,115.16041564941406,1333.3211612701416,1448.4815769195557,,,21.163827956668914,15.822848320007324,16.02462692260742,143.44013301849452,378.00345081141745,353.4736017070067,,[115.16041564941406],[1333.3211612701416],,30,1.0,1.0,0,0,30,20,True,"[[30, 30, 30, 30, 30, 30, 30, 30]]",0.7478291672179253,0.9515702583293568,,/data/home/hliu148/mirage/results/qwen3_3d_identical_b1_b64_repeat1/b8_in16_out64/summary.json
8,16,128,16,127,1,0,256,8,8,False,0.28125,93.3447265625,completed,,Qwen/Qwen3-8B,identical,70b99e88695c1b9b08b9602d8e39622bf43b6faeedae88004139422bcc86b064,cec73259ef6b1952599c9ec97de94f12f18e6321,NVIDIA H100 NVL,590.48.01,2.6.0+cu124,12.4,4.57.1,0.7.0,normal,NORMAL,NORMAL,one_prefill_phase_then_decode,382.53009033203125,1995.1000957489014,2377.6301860809326,,,15.709449572825996,15.628928184509277,15.829708480834961,18.002000808715806,509.24763231923146,430.68093852217936,,[382.53009033203125],[1995.1000957489014],,,,,0,0,30,20,True,,1.0,1.0,,/data/home/hliu148/mirage/results/qwen3_3d_identical_b1_b64_repeat1/b8_in16_out128/summary.json
8,16,128,16,127,1,0,256,8,8,False,0.28125,93.3447265625,correctness_failed,Batch match fraction: 0.633; passing-request fraction: 0.000; both require 0.667; invalid token IDs: 0; incomplete requests: 0,Qwen/Qwen3-8B,identical,70b99e88695c1b9b08b9602d8e39622bf43b6faeedae88004139422bcc86b064,cec73259ef6b1952599c9ec97de94f12f18e6321,NVIDIA H100 NVL,590.48.01,2.6.0+cu124,12.4,4.57.1,0.7.0,always,MPK,MPK,split_two_mpk_launches,115.1144027709961,800.3546142578125,915.4690170288086,,,6.302004836675689,,,,1269.4372992928397,1118.552327771215,,[115.1144027709961],[800.3546142578125],,19,0.6333333333333333,0.0,0,0,30,20,True,"[[19, 19, 19, 19, 19, 19, 19, 19]]",2.4927701548881607,2.5971716593944674,,/data/home/hliu148/mirage/results/qwen3_3d_identical_b1_b64_repeat1/b8_in16_out128/summary.json
8,16,128,16,127,1,0,256,8,8,False,0.28125,93.3447265625,correctness_failed,Batch match fraction: 0.633; passing-request fraction: 0.000; both require 0.667; invalid token IDs: 0; incomplete requests: 0,Qwen/Qwen3-8B,identical,70b99e88695c1b9b08b9602d8e39622bf43b6faeedae88004139422bcc86b064,cec73259ef6b1952599c9ec97de94f12f18e6321,NVIDIA H100 NVL,590.48.01,2.6.0+cu124,12.4,4.57.1,0.7.0,always-continuous,MPK,MPK,continuous_one_mpk_launch,,,,1083.203857421875,945.3437531483819,,,,,,,,,,[1083.203857421875],19,0.6333333333333333,0.0,0,0,30,20,True,"[[19, 19, 19, 19, 19, 19, 19, 19]]",,,2.1949978942467134,/data/home/hliu148/mirage/results/qwen3_3d_identical_b1_b64_repeat1/b8_in16_out128/summary.json
8,16,128,16,127,1,0,256,8,8,False,0.28125,93.3447265625,correctness_failed,Batch match fraction: 0.633; passing-request fraction: 0.000; both require 0.667; invalid token IDs: 0; incomplete requests: 0,Qwen/Qwen3-8B,identical,70b99e88695c1b9b08b9602d8e39622bf43b6faeedae88004139422bcc86b064,cec73259ef6b1952599c9ec97de94f12f18e6321,NVIDIA H100 NVL,590.48.01,2.6.0+cu124,12.4,4.57.1,0.7.0,decode-only,NORMAL,MPK,one_prefill_phase_then_decode,349.786376953125,792.945068359375,1142.7314453125,,,6.24366195558563,,,,1281.2993491492819,896.0985577149049,,[349.786376953125],[792.945068359375],,19,0.6333333333333333,0.0,0,0,30,20,True,"[[19, 19, 19, 19, 19, 19, 19, 19]]",2.5160634391444265,2.0806552544204537,,/data/home/hliu148/mirage/results/qwen3_3d_identical_b1_b64_repeat1/b8_in16_out128/summary.json
8,16,128,16,127,1,0,256,8,8,False,0.28125,93.3447265625,completed,,Qwen/Qwen3-8B,identical,70b99e88695c1b9b08b9602d8e39622bf43b6faeedae88004139422bcc86b064,cec73259ef6b1952599c9ec97de94f12f18e6321,NVIDIA H100 NVL,590.48.01,2.6.0+cu124,12.4,4.57.1,0.7.0,prefill-only,MPK,NORMAL,one_prefill_phase_then_decode,114.2489242553711,2331.470443725586,2445.719367980957,,,18.358034989965244,15.548928260803223,15.737158584594727,20.023263931274393,435.7764872097101,418.69071873334127,,[114.2489242553711],[2331.470443725586],,30,1.0,1.0,0,0,30,20,True,"[[30, 30, 30, 30, 30, 30, 30, 30]]",0.8557260938555242,0.9721598549729624,,/data/home/hliu148/mirage/results/qwen3_3d_identical_b1_b64_repeat1/b8_in16_out128/summary.json
8,16,256,16,255,1,0,512,8,8,False,0.5625,93.3447265625,completed,,Qwen/Qwen3-8B,identical,70b99e88695c1b9b08b9602d8e39622bf43b6faeedae88004139422bcc86b064,cec73259ef6b1952599c9ec97de94f12f18e6321,NVIDIA H100 NVL,590.48.01,2.6.0+cu124,12.4,4.57.1,0.7.0,normal,NORMAL,NORMAL,one_prefill_phase_then_decode,379.5837097167969,4061.4459161758423,4441.029625892639,,,15.927238886964087,15.894975662231445,16.040179824829103,17.085301094055186,502.28417221441515,461.15432062409525,,[379.5837097167969],[4061.4459161758423],,,,,0,0,30,20,True,,1.0,1.0,,/data/home/hliu148/mirage/results/qwen3_3d_identical_b1_b64_repeat1/b8_in16_out256/summary.json
8,16,256,16,255,1,0,512,8,8,False,0.5625,93.3447265625,correctness_failed,Batch match fraction: 0.633; passing-request fraction: 0.000; both require 0.667; invalid token IDs: 0; incomplete requests: 0,Qwen/Qwen3-8B,identical,70b99e88695c1b9b08b9602d8e39622bf43b6faeedae88004139422bcc86b064,cec73259ef6b1952599c9ec97de94f12f18e6321,NVIDIA H100 NVL,590.48.01,2.6.0+cu124,12.4,4.57.1,0.7.0,always,MPK,MPK,split_two_mpk_launches,115.59337615966797,1621.2701416015625,1736.8635177612305,,,6.357922123927696,,,,1258.2727255957466,1179.1369782697814,,[115.59337615966797],[1621.2701416015625],,19,0.6333333333333333,0.0,0,0,30,20,True,"[[19, 19, 19, 19, 19, 19, 19, 19]]",2.505101285689358,2.5569249284578244,,/data/home/hliu148/mirage/results/qwen3_3d_identical_b1_b64_repeat1/b8_in16_out256/summary.json
8,16,256,16,255,1,0,512,8,8,False,0.5625,93.3447265625,correctness_failed,Batch match fraction: 0.633; passing-request fraction: 0.000; both require 0.667; invalid token IDs: 0; incomplete requests: 0,Qwen/Qwen3-8B,identical,70b99e88695c1b9b08b9602d8e39622bf43b6faeedae88004139422bcc86b064,cec73259ef6b1952599c9ec97de94f12f18e6321,NVIDIA H100 NVL,590.48.01,2.6.0+cu124,12.4,4.57.1,0.7.0,always-continuous,MPK,MPK,continuous_one_mpk_launch,,,,1908.0634765625,1073.3395535087777,,,,,,,,,,[1908.0634765625],19,0.6333333333333333,0.0,0,0,30,20,True,"[[19, 19, 19, 19, 19, 19, 19, 19]]",,,2.327506228405693,/data/home/hliu148/mirage/results/qwen3_3d_identical_b1_b64_repeat1/b8_in16_out256/summary.json
8,16,256,16,255,1,0,512,8,8,False,0.5625,93.3447265625,correctness_failed,Batch match fraction: 0.633; passing-request fraction: 0.000; both require 0.667; invalid token IDs: 0; incomplete requests: 0,Qwen/Qwen3-8B,identical,70b99e88695c1b9b08b9602d8e39622bf43b6faeedae88004139422bcc86b064,cec73259ef6b1952599c9ec97de94f12f18e6321,NVIDIA H100 NVL,590.48.01,2.6.0+cu124,12.4,4.57.1,0.7.0,decode-only,NORMAL,MPK,one_prefill_phase_then_decode,347.7948303222656,1620.8780517578125,1968.6728820800781,,,6.356384516697304,,,,1258.5771013356973,1040.2947176455775,,[347.7948303222656],[1620.8780517578125],,19,0.6333333333333333,0.0,0,0,30,20,True,"[[19, 19, 19, 19, 19, 19, 19, 19]]",2.5057072688295574,2.255849443712709,,/data/home/hliu148/mirage/results/qwen3_3d_identical_b1_b64_repeat1/b8_in16_out256/summary.json
8,16,256,16,255,1,0,512,8,8,False,0.5625,93.3447265625,completed,,Qwen/Qwen3-8B,identical,70b99e88695c1b9b08b9602d8e39622bf43b6faeedae88004139422bcc86b064,cec73259ef6b1952599c9ec97de94f12f18e6321,NVIDIA H100 NVL,590.48.01,2.6.0+cu124,12.4,4.57.1,0.7.0,prefill-only,MPK,NORMAL,one_prefill_phase_then_decode,114.91580963134766,4334.407645225525,4449.323454856873,,,16.997677040100097,15.671072006225586,15.870547103881837,16.90788486480713,470.65254747026825,460.29469890852897,,[114.91580963134766],[4334.407645225525],,30,1.0,1.0,0,0,30,20,True,"[[30, 30, 30, 30, 30, 30, 30, 30]]",0.937024444539646,0.9981359348115768,,/data/home/hliu148/mirage/results/qwen3_3d_identical_b1_b64_repeat1/b8_in16_out256/summary.json
8,16,512,16,511,1,0,1024,8,8,False,1.125,93.3447265625,completed,,Qwen/Qwen3-8B,identical,70b99e88695c1b9b08b9602d8e39622bf43b6faeedae88004139422bcc86b064,cec73259ef6b1952599c9ec97de94f12f18e6321,NVIDIA H100 NVL,590.48.01,2.6.0+cu124,12.4,4.57.1,0.7.0,normal,NORMAL,NORMAL,one_prefill_phase_then_decode,384.374267578125,8109.049033164978,8493.423300743103,,,15.868980495430485,15.853216171264648,15.987711906433105,16.507119941711416,504.12816389204215,482.2554881541857,,[384.374267578125],[8109.049033164978],,,,,0,0,30,20,True,,1.0,1.0,,/data/home/hliu148/mirage/results/qwen3_3d_identical_b1_b64_repeat1/b8_in16_out512/summary.json
8,16,512,16,511,1,0,1024,8,8,False,1.125,93.3447265625,correctness_failed,Batch match fraction: 0.633; passing-request fraction: 0.000; both require 0.667; invalid token IDs: 0; incomplete requests: 0,Qwen/Qwen3-8B,identical,70b99e88695c1b9b08b9602d8e39622bf43b6faeedae88004139422bcc86b064,cec73259ef6b1952599c9ec97de94f12f18e6321,NVIDIA H100 NVL,590.48.01,2.6.0+cu124,12.4,4.57.1,0.7.0,always,MPK,MPK,split_two_mpk_launches,114.18828582763672,3310.25,3424.4382858276367,,,6.4779843444227,,,,1234.9520428970623,1196.1085755149056,,[114.18828582763672],[3310.25],,19,0.6333333333333333,0.0,0,0,30,20,True,"[[19, 19, 19, 19, 19, 19, 19, 19]]",2.449678735190689,2.4802383900139016,,/data/home/hliu148/mirage/results/qwen3_3d_identical_b1_b64_repeat1/b8_in16_out512/summary.json
8,16,512,16,511,1,0,1024,8,8,False,1.125,93.3447265625,correctness_failed,Batch match fraction: 0.633; passing-request fraction: 0.000; both require 0.667; invalid token IDs: 0; incomplete requests: 0,Qwen/Qwen3-8B,identical,70b99e88695c1b9b08b9602d8e39622bf43b6faeedae88004139422bcc86b064,cec73259ef6b1952599c9ec97de94f12f18e6321,NVIDIA H100 NVL,590.48.01,2.6.0+cu124,12.4,4.57.1,0.7.0,always-continuous,MPK,MPK,continuous_one_mpk_launch,,,,3624.948486328125,1129.9470917858544,,,,,,,,,,[3624.948486328125],19,0.6333333333333333,0.0,0,0,30,20,True,"[[19, 19, 19, 19, 19, 19, 19, 19]]",,,2.343046620600801,/data/home/hliu148/mirage/results/qwen3_3d_identical_b1_b64_repeat1/b8_in16_out512/summary.json
8,16,512,16,511,1,0,1024,8,8,False,1.125,93.3447265625,correctness_failed,Batch match fraction: 0.633; passing-request fraction: 0.000; both require 0.667; invalid token IDs: 0; incomplete requests: 0,Qwen/Qwen3-8B,identical,70b99e88695c1b9b08b9602d8e39622bf43b6faeedae88004139422bcc86b064,cec73259ef6b1952599c9ec97de94f12f18e6321,NVIDIA H100 NVL,590.48.01,2.6.0+cu124,12.4,4.57.1,0.7.0,decode-only,NORMAL,MPK,one_prefill_phase_then_decode,347.1951904296875,3309.832275390625,3657.0274658203125,,,6.4771668794337085,,,,1235.1079027161688,1120.035339707579,,[347.1951904296875],[3309.832275390625],,19,0.6333333333333333,0.0,0,0,30,20,True,"[[19, 19, 19, 19, 19, 19, 19, 19]]",2.4499879022443674,2.3224937138496258,,/data/home/hliu148/mirage/results/qwen3_3d_identical_b1_b64_repeat1/b8_in16_out512/summary.json
8,16,512,16,511,1,0,1024,8,8,False,1.125,93.3447265625,completed,,Qwen/Qwen3-8B,identical,70b99e88695c1b9b08b9602d8e39622bf43b6faeedae88004139422bcc86b064,cec73259ef6b1952599c9ec97de94f12f18e6321,NVIDIA H100 NVL,590.48.01,2.6.0+cu124,12.4,4.57.1,0.7.0,prefill-only,MPK,NORMAL,one_prefill_phase_then_decode,115.14569854736328,8472.197630882263,8587.343329429626,,,16.57964311327253,15.942432403564453,16.065887451171875,16.6434398651123,482.51943334025964,476.9810455769977,,[115.14569854736328],[8472.197630882263],,30,1.0,1.0,0,0,30,20,True,"[[30, 30, 30, 30, 30, 30, 30, 30]]",0.9571364345428438,0.9890629703409376,,/data/home/hliu148/mirage/results/qwen3_3d_identical_b1_b64_repeat1/b8_in16_out512/summary.json
8,32,16,32,15,1,0,64,8,8,False,0.0703125,93.3447265625,completed,,Qwen/Qwen3-8B,identical,607bef233a563dd39788b1ed9f9935fcba76d0b6f485350a044ed2097b123b43,cec73259ef6b1952599c9ec97de94f12f18e6321,NVIDIA H100 NVL,590.48.01,2.6.0+cu124,12.4,4.57.1,0.7.0,normal,NORMAL,NORMAL,one_prefill_phase_then_decode,365.3090515136719,251.8341417312622,617.1431932449341,,,16.788942782084145,15.656991958618164,15.778099632263183,30.241788005828848,476.5040958110226,207.40729445135253,,[365.3090515136719],[251.8341417312622],,,,,0,0,16,11,True,,1.0,1.0,,/data/home/hliu148/mirage/results/qwen3_3d_identical_b1_b64_repeat1/b8_in32_out16/summary.json
8,32,16,32,15,1,0,64,8,8,False,0.0703125,93.3447265625,completed,,Qwen/Qwen3-8B,identical,607bef233a563dd39788b1ed9f9935fcba76d0b6f485350a044ed2097b123b43,cec73259ef6b1952599c9ec97de94f12f18e6321,NVIDIA H100 NVL,590.48.01,2.6.0+cu124,12.4,4.57.1,0.7.0,always,MPK,MPK,split_two_mpk_launches,229.89625549316406,93.85980987548828,323.75606536865234,,,6.257320658365885,,,,1278.5024832160702,395.35938841562654,,[229.89625549316406],[93.85980987548828],,16,1.0,1.0,0,0,16,11,True,"[[16, 16, 16, 16, 16, 16, 16, 16]]",2.6830881296833877,1.9061980894233121,,/data/home/hliu148/mirage/results/qwen3_3d_identical_b1_b64_repeat1/b8_in32_out16/summary.json
8,32,16,32,15,1,0,64,8,8,False,0.0703125,93.3447265625,completed,,Qwen/Qwen3-8B,identical,607bef233a563dd39788b1ed9f9935fcba76d0b6f485350a044ed2097b123b43,cec73259ef6b1952599c9ec97de94f12f18e6321,NVIDIA H100 NVL,590.48.01,2.6.0+cu124,12.4,4.57.1,0.7.0,always-continuous,MPK,MPK,continuous_one_mpk_launch,,,,388.37164306640625,329.5812201667714,,,,,,,,,,[388.37164306640625],16,1.0,1.0,0,0,16,11,True,"[[16, 16, 16, 16, 16, 16, 16, 16]]",,,1.5890531769318983,/data/home/hliu148/mirage/results/qwen3_3d_identical_b1_b64_repeat1/b8_in32_out16/summary.json
8,32,16,32,15,1,0,64,8,8,False,0.0703125,93.3447265625,completed,,Qwen/Qwen3-8B,identical,607bef233a563dd39788b1ed9f9935fcba76d0b6f485350a044ed2097b123b43,cec73259ef6b1952599c9ec97de94f12f18e6321,NVIDIA H100 NVL,590.48.01,2.6.0+cu124,12.4,4.57.1,0.7.0,decode-only,NORMAL,MPK,one_prefill_phase_then_decode,418.84844970703125,93.85177612304688,512.7002258300781,,,6.256785074869792,,,,1278.6119235790572,249.65855981975412,,[418.84844970703125],[93.85177612304688],,16,1.0,1.0,0,0,16,11,True,"[[16, 16, 16, 16, 16, 16, 16, 16]]",2.6833178031824176,1.203711568969488,,/data/home/hliu148/mirage/results/qwen3_3d_identical_b1_b64_repeat1/b8_in32_out16/summary.json
8,32,16,32,15,1,0,64,8,8,False,0.0703125,93.3447265625,completed,,Qwen/Qwen3-8B,identical,607bef233a563dd39788b1ed9f9935fcba76d0b6f485350a044ed2097b123b43,cec73259ef6b1952599c9ec97de94f12f18e6321,NVIDIA H100 NVL,590.48.01,2.6.0+cu124,12.4,4.57.1,0.7.0,prefill-only,MPK,NORMAL,one_prefill_phase_then_decode,230.40127563476562,586.8415460586548,817.2428216934204,,,39.12276973724365,15.927103996276855,16.532070541381835,314.6583341598509,204.4844997869425,156.6241961413248,,[230.40127563476562],[586.8415460586548],,16,1.0,1.0,0,0,16,11,True,"[[16, 16, 16, 16, 16, 16, 16, 16]]",0.42913482084325943,0.7551527855162349,,/data/home/hliu148/mirage/results/qwen3_3d_identical_b1_b64_repeat1/b8_in32_out16/summary.json
8,32,32,32,31,1,0,64,8,8,False,0.0703125,93.3447265625,completed,,Qwen/Qwen3-8B,identical,607bef233a563dd39788b1ed9f9935fcba76d0b6f485350a044ed2097b123b43,cec73259ef6b1952599c9ec97de94f12f18e6321,NVIDIA H100 NVL,590.48.01,2.6.0+cu124,12.4,4.57.1,0.7.0,normal,NORMAL,NORMAL,one_prefill_phase_then_decode,367.677490234375,504.3977575302124,872.0752477645874,,,16.2708954042004,15.729120254516602,15.825407981872559,27.760969257354724,491.6754610772537,293.55265002212974,,[367.677490234375],[504.3977575302124],,,,,0,0,30,20,True,,1.0,1.0,,/data/home/hliu148/mirage/results/qwen3_3d_identical_b1_b64_repeat1/b8_in32_out32/summary.json
8,32,32,32,31,1,0,64,8,8,False,0.0703125,93.3447265625,completed,,Qwen/Qwen3-8B,identical,607bef233a563dd39788b1ed9f9935fcba76d0b6f485350a044ed2097b123b43,cec73259ef6b1952599c9ec97de94f12f18e6321,NVIDIA H100 NVL,590.48.01,2.6.0+cu124,12.4,4.57.1,0.7.0,always,MPK,MPK,split_two_mpk_launches,228.8002166748047,193.92115783691406,422.72137451171875,,,6.2555212205456145,,,,1278.8702520462762,605.5998476436235,,[228.8002166748047],[193.92115783691406],,30,1.0,1.0,0,0,30,20,True,"[[30, 30, 30, 30, 30, 30, 30, 30]]",2.6010455133235455,2.0630024889844116,,/data/home/hliu148/mirage/results/qwen3_3d_identical_b1_b64_repeat1/b8_in32_out32/summary.json
8,32,32,32,31,1,0,64,8,8,False,0.0703125,93.3447265625,completed,,Qwen/Qwen3-8B,identical,607bef233a563dd39788b1ed9f9935fcba76d0b6f485350a044ed2097b123b43,cec73259ef6b1952599c9ec97de94f12f18e6321,NVIDIA H100 NVL,590.48.01,2.6.0+cu124,12.4,4.57.1,0.7.0,always-continuous,MPK,MPK,continuous_one_mpk_launch,,,,547.3526000976562,467.7058261061071,,,,,,,,,,[547.3526000976562],30,1.0,1.0,0,0,30,20,True,"[[30, 30, 30, 30, 30, 30, 30, 30]]",,,1.5932604460250952,/data/home/hliu148/mirage/results/qwen3_3d_identical_b1_b64_repeat1/b8_in32_out32/summary.json
8,32,32,32,31,1,0,64,8,8,False,0.0703125,93.3447265625,completed,,Qwen/Qwen3-8B,identical,607bef233a563dd39788b1ed9f9935fcba76d0b6f485350a044ed2097b123b43,cec73259ef6b1952599c9ec97de94f12f18e6321,NVIDIA H100 NVL,590.48.01,2.6.0+cu124,12.4,4.57.1,0.7.0,decode-only,NORMAL,MPK,one_prefill_phase_then_decode,338.1737060546875,194.6334686279297,532.8071746826172,,,6.2784989879977315,,,,1274.1899003715967,480.4740104194246,,[338.1737060546875],[194.6334686279297],,30,1.0,1.0,0,0,30,20,True,"[[30, 30, 30, 30, 30, 30, 30, 30]]",2.591526324254347,1.6367558268787683,,/data/home/hliu148/mirage/results/qwen3_3d_identical_b1_b64_repeat1/b8_in32_out32/summary.json
8,32,32,32,31,1,0,64,8,8,False,0.0703125,93.3447265625,completed,,Qwen/Qwen3-8B,identical,607bef233a563dd39788b1ed9f9935fcba76d0b6f485350a044ed2097b123b43,cec73259ef6b1952599c9ec97de94f12f18e6321,NVIDIA H100 NVL,590.48.01,2.6.0+cu124,12.4,4.57.1,0.7.0,prefill-only,MPK,NORMAL,one_prefill_phase_then_decode,228.67257690429688,833.3835048675537,1062.0560817718506,,,26.88333886669528,15.88156795501709,15.92627239227295,255.00683135986304,297.58208382035787,241.04188506967523,,[228.67257690429688],[833.3835048675537],,30,1.0,1.0,0,0,30,20,True,"[[30, 30, 30, 30, 30, 30, 30, 30]]",0.6052408700006299,0.8211197720460165,,/data/home/hliu148/mirage/results/qwen3_3d_identical_b1_b64_repeat1/b8_in32_out32/summary.json
8,32,64,32,63,1,0,128,8,8,False,0.140625,93.3447265625,completed,,Qwen/Qwen3-8B,identical,607bef233a563dd39788b1ed9f9935fcba76d0b6f485350a044ed2097b123b43,cec73259ef6b1952599c9ec97de94f12f18e6321,NVIDIA H100 NVL,590.48.01,2.6.0+cu124,12.4,4.57.1,0.7.0,normal,NORMAL,NORMAL,one_prefill_phase_then_decode,368.6784362792969,1009.0400953292847,1377.7185316085815,,,16.016509449671187,15.717087745666504,15.90683479309082,22.453655052185102,499.4846114965604,371.62888373302536,,[368.6784362792969],[1009.0400953292847],,,,,0,0,30,20,True,,1.0,1.0,,/data/home/hliu148/mirage/results/qwen3_3d_identical_b1_b64_repeat1/b8_in32_out64/summary.json
8,32,64,32,63,1,0,128,8,8,False,0.140625,93.3447265625,completed,,Qwen/Qwen3-8B,identical,607bef233a563dd39788b1ed9f9935fcba76d0b6f485350a044ed2097b123b43,cec73259ef6b1952599c9ec97de94f12f18e6321,NVIDIA H100 NVL,590.48.01,2.6.0+cu124,12.4,4.57.1,0.7.0,always,MPK,MPK,split_two_mpk_launches,231.47132873535156,396.4555969238281,627.9269256591797,,,6.292945982917907,,,,1271.264686160641,815.3815023340767,,[231.47132873535156],[396.4555969238281],,30,1.0,1.0,0,0,30,20,True,"[[30, 30, 30, 30, 30, 30, 30, 30]]",2.5451528573656477,2.194074621282233,,/data/home/hliu148/mirage/results/qwen3_3d_identical_b1_b64_repeat1/b8_in32_out64/summary.json
8,32,64,32,63,1,0,128,8,8,False,0.140625,93.3447265625,completed,,Qwen/Qwen3-8B,identical,607bef233a563dd39788b1ed9f9935fcba76d0b6f485350a044ed2097b123b43,cec73259ef6b1952599c9ec97de94f12f18e6321,NVIDIA H100 NVL,590.48.01,2.6.0+cu124,12.4,4.57.1,0.7.0,always-continuous,MPK,MPK,continuous_one_mpk_launch,,,,884.0599975585938,579.1462133949406,,,,,,,,,,[884.0599975585938],30,1.0,1.0,0,0,30,20,True,"[[30, 30, 30, 30, 30, 30, 30, 30]]",,,1.5583993568459917,/data/home/hliu148/mirage/results/qwen3_3d_identical_b1_b64_repeat1/b8_in32_out64/summary.json
8,32,64,32,63,1,0,128,8,8,False,0.140625,93.3447265625,completed,,Qwen/Qwen3-8B,identical,607bef233a563dd39788b1ed9f9935fcba76d0b6f485350a044ed2097b123b43,cec73259ef6b1952599c9ec97de94f12f18e6321,NVIDIA H100 NVL,590.48.01,2.6.0+cu124,12.4,4.57.1,0.7.0,decode-only,NORMAL,MPK,one_prefill_phase_then_decode,337.7210693359375,396.6169128417969,734.3379821777344,,,6.295506553044395,,,,1270.7476249280278,697.2266346371266,,[337.7210693359375],[396.6169128417969],,30,1.0,1.0,0,0,30,20,True,"[[30, 30, 30, 30, 30, 30, 30, 30]]",2.5441176678508715,1.876136826700498,,/data/home/hliu148/mirage/results/qwen3_3d_identical_b1_b64_repeat1/b8_in32_out64/summary.json
8,32,64,32,63,1,0,128,8,8,False,0.140625,93.3447265625,completed,,Qwen/Qwen3-8B,identical,607bef233a563dd39788b1ed9f9935fcba76d0b6f485350a044ed2097b123b43,cec73259ef6b1952599c9ec97de94f12f18e6321,NVIDIA H100 NVL,590.48.01,2.6.0+cu124,12.4,4.57.1,0.7.0,prefill-only,MPK,NORMAL,one_prefill_phase_then_decode,230.76614379882812,1337.6510000228882,1568.4171438217163,,,21.23255555591886,15.838303565979004,15.994765090942384,145.082286376954,376.77989250662256,326.44376658139845,,[230.76614379882812],[1337.6510000228882],,30,1.0,1.0,0,0,30,20,True,"[[30, 30, 30, 30, 30, 30, 30, 30]]",0.7543373385973017,0.878413333490818,,/data/home/hliu148/mirage/results/qwen3_3d_identical_b1_b64_repeat1/b8_in32_out64/summary.json
8,32,128,32,127,1,0,256,8,8,False,0.28125,93.3447265625,completed,,Qwen/Qwen3-8B,identical,607bef233a563dd39788b1ed9f9935fcba76d0b6f485350a044ed2097b123b43,cec73259ef6b1952599c9ec97de94f12f18e6321,NVIDIA H100 NVL,590.48.01,2.6.0+cu124,12.4,4.57.1,0.7.0,normal,NORMAL,NORMAL,one_prefill_phase_then_decode,368.9527282714844,2004.864860534668,2373.8175888061523,,,15.786337484524944,15.619775772094727,15.820070457458495,17.768872108459462,506.767323823037,431.3726567823576,,[368.9527282714844],[2004.864860534668],,,,,0,0,30,20,True,,1.0,1.0,,/data/home/hliu148/mirage/results/qwen3_3d_identical_b1_b64_repeat1/b8_in32_out128/summary.json
8,32,128,32,127,1,0,256,8,8,False,0.28125,93.3447265625,completed,,Qwen/Qwen3-8B,identical,607bef233a563dd39788b1ed9f9935fcba76d0b6f485350a044ed2097b123b43,cec73259ef6b1952599c9ec97de94f12f18e6321,NVIDIA H100 NVL,590.48.01,2.6.0+cu124,12.4,4.57.1,0.7.0,always,MPK,MPK,split_two_mpk_launches,230.00775146484375,801.97314453125,1031.9808959960938,,,6.314749169537402,,,,1266.8753398143374,992.2664304862054,,[230.00775146484375],[801.97314453125],,30,1.0,1.0,0,0,30,20,True,"[[30, 30, 30, 30, 30, 30, 30, 30]]",2.499915208141419,2.3002534233105973,,/data/home/hliu148/mirage/results/qwen3_3d_identical_b1_b64_repeat1/b8_in32_out128/summary.json
8,32,128,32,127,1,0,256,8,8,False,0.28125,93.3447265625,completed,,Qwen/Qwen3-8B,identical,607bef233a563dd39788b1ed9f9935fcba76d0b6f485350a044ed2097b123b43,cec73259ef6b1952599c9ec97de94f12f18e6321,NVIDIA H100 NVL,590.48.01,2.6.0+cu124,12.4,4.57.1,0.7.0,always-continuous,MPK,MPK,continuous_one_mpk_launch,,,,1354.0272216796875,756.2624913328665,,,,,,,,,,[1354.0272216796875],30,1.0,1.0,0,0,30,20,True,"[[30, 30, 30, 30, 30, 30, 30, 30]]",,,1.7531535192190615,/data/home/hliu148/mirage/results/qwen3_3d_identical_b1_b64_repeat1/b8_in32_out128/summary.json
8,32,128,32,127,1,0,256,8,8,False,0.28125,93.3447265625,completed,,Qwen/Qwen3-8B,identical,607bef233a563dd39788b1ed9f9935fcba76d0b6f485350a044ed2097b123b43,cec73259ef6b1952599c9ec97de94f12f18e6321,NVIDIA H100 NVL,590.48.01,2.6.0+cu124,12.4,4.57.1,0.7.0,decode-only,NORMAL,MPK,one_prefill_phase_then_decode,339.89593505859375,802.4404907226562,1142.33642578125,,,6.318429060808317,,,,1266.1375039599732,896.4084282786316,,[339.89593505859375],[802.4404907226562],,30,1.0,1.0,0,0,30,20,True,"[[30, 30, 30, 30, 30, 30, 30, 30]]",2.498459242415772,2.0780372009784123,,/data/home/hliu148/mirage/results/qwen3_3d_identical_b1_b64_repeat1/b8_in32_out128/summary.json
8,32,128,32,127,1,0,256,8,8,False,0.28125,93.3447265625,completed,,Qwen/Qwen3-8B,identical,607bef233a563dd39788b1ed9f9935fcba76d0b6f485350a044ed2097b123b43,cec73259ef6b1952599c9ec97de94f12f18e6321,NVIDIA H100 NVL,590.48.01,2.6.0+cu124,12.4,4.57.1,0.7.0,prefill-only,MPK,NORMAL,one_prefill_phase_then_decode,230.08677673339844,2356.5046062469482,2586.5913829803467,,,18.555154379897232,15.755935668945312,15.988761520385742,19.237840003967275,431.14704605569057,395.887810783672,,[230.08677673339844],[2356.5046062469482],,30,1.0,1.0,0,0,30,20,True,"[[30, 30, 30, 30, 30, 30, 30, 30]]",0.8507790968113939,0.9177396957346119,,/data/home/hliu148/mirage/results/qwen3_3d_identical_b1_b64_repeat1/b8_in32_out128/summary.json
8,32,256,32,255,1,0,512,8,8,False,0.5625,93.3447265625,completed,,Qwen/Qwen3-8B,identical,607bef233a563dd39788b1ed9f9935fcba76d0b6f485350a044ed2097b123b43,cec73259ef6b1952599c9ec97de94f12f18e6321,NVIDIA H100 NVL,590.48.01,2.6.0+cu124,12.4,4.57.1,0.7.0,normal,NORMAL,NORMAL,one_prefill_phase_then_decode,369.5270690917969,3997.7825241088867,4367.309593200684,,,15.677578525917204,15.621567726135254,15.742899131774902,16.433231163024903,510.2828849987831,468.93858937512965,,[369.5270690917969],[3997.7825241088867],,,,,0,0,30,20,True,,1.0,1.0,,/data/home/hliu148/mirage/results/qwen3_3d_identical_b1_b64_repeat1/b8_in32_out256/summary.json
8,32,256,32,255,1,0,512,8,8,False,0.5625,93.3447265625,completed,,Qwen/Qwen3-8B,identical,607bef233a563dd39788b1ed9f9935fcba76d0b6f485350a044ed2097b123b43,cec73259ef6b1952599c9ec97de94f12f18e6321,NVIDIA H100 NVL,590.48.01,2.6.0+cu124,12.4,4.57.1,0.7.0,always,MPK,MPK,split_two_mpk_launches,229.27676391601562,1625.01416015625,1854.2909240722656,,,6.372604549632353,,,,1255.3736761308269,1104.4653098459457,,[229.27676391601562],[1625.01416015625],,30,1.0,1.0,0,0,30,20,True,"[[30, 30, 30, 30, 30, 30, 30, 30]]",2.460152423363799,2.355245089378694,,/data/home/hliu148/mirage/results/qwen3_3d_identical_b1_b64_repeat1/b8_in32_out256/summary.json
8,32,256,32,255,1,0,512,8,8,False,0.5625,93.3447265625,completed,,Qwen/Qwen3-8B,identical,607bef233a563dd39788b1ed9f9935fcba76d0b6f485350a044ed2097b123b43,cec73259ef6b1952599c9ec97de94f12f18e6321,NVIDIA H100 NVL,590.48.01,2.6.0+cu124,12.4,4.57.1,0.7.0,always-continuous,MPK,MPK,continuous_one_mpk_launch,,,,2199.156494140625,931.2661492970772,,,,,,,,,,[2199.156494140625],30,1.0,1.0,0,0,30,20,True,"[[30, 30, 30, 30, 30, 30, 30, 30]]",,,1.9859021424063403,/data/home/hliu148/mirage/results/qwen3_3d_identical_b1_b64_repeat1/b8_in32_out256/summary.json
8,32,256,32,255,1,0,512,8,8,False,0.5625,93.3447265625,completed,,Qwen/Qwen3-8B,identical,607bef233a563dd39788b1ed9f9935fcba76d0b6f485350a044ed2097b123b43,cec73259ef6b1952599c9ec97de94f12f18e6321,NVIDIA H100 NVL,590.48.01,2.6.0+cu124,12.4,4.57.1,0.7.0,decode-only,NORMAL,MPK,one_prefill_phase_then_decode,346.30242919921875,1616.6771240234375,1962.9795532226562,,,6.33991029028799,,,,1261.847507882734,1043.3119370182762,,[346.30242919921875],[1616.6771240234375],,30,1.0,1.0,0,0,30,20,True,"[[30, 30, 30, 30, 30, 30, 30, 30]]",2.4728391740705606,2.2248370269730007,,/data/home/hliu148/mirage/results/qwen3_3d_identical_b1_b64_repeat1/b8_in32_out256/summary.json
8,32,256,32,255,1,0,512,8,8,False,0.5625,93.3447265625,completed,,Qwen/Qwen3-8B,identical,607bef233a563dd39788b1ed9f9935fcba76d0b6f485350a044ed2097b123b43,cec73259ef6b1952599c9ec97de94f12f18e6321,NVIDIA H100 NVL,590.48.01,2.6.0+cu124,12.4,4.57.1,0.7.0,prefill-only,MPK,NORMAL,one_prefill_phase_then_decode,230.82691955566406,4403.707945823669,4634.5348653793335,,,17.269442924798703,15.92198371887207,16.144326400756835,17.036163139343266,463.2459793194661,441.89979350438495,,[230.82691955566406],[4403.707945823669],,30,1.0,1.0,0,0,30,20,True,"[[30, 30, 30, 30, 30, 30, 30, 30]]",0.9078219021995433,0.9423404333032722,,/data/home/hliu148/mirage/results/qwen3_3d_identical_b1_b64_repeat1/b8_in32_out256/summary.json
8,32,512,32,511,1,0,1024,8,8,False,1.125,93.3447265625,completed,,Qwen/Qwen3-8B,identical,607bef233a563dd39788b1ed9f9935fcba76d0b6f485350a044ed2097b123b43,cec73259ef6b1952599c9ec97de94f12f18e6321,NVIDIA H100 NVL,590.48.01,2.6.0+cu124,12.4,4.57.1,0.7.0,normal,NORMAL,NORMAL,one_prefill_phase_then_decode,360.54595947265625,8099.67236328125,8460.218322753906,,,15.850630847908512,15.818047523498535,15.933152198791504,16.599001121520985,504.71177309990776,484.14826234256105,,[360.54595947265625],[8099.67236328125],,,,,0,0,30,20,True,,1.0,1.0,,/data/home/hliu148/mirage/results/qwen3_3d_identical_b1_b64_repeat1/b8_in32_out512/summary.json
8,32,512,32,511,1,0,1024,8,8,False,1.125,93.3447265625,completed,,Qwen/Qwen3-8B,identical,607bef233a563dd39788b1ed9f9935fcba76d0b6f485350a044ed2097b123b43,cec73259ef6b1952599c9ec97de94f12f18e6321,NVIDIA H100 NVL,590.48.01,2.6.0+cu124,12.4,4.57.1,0.7.0,always,MPK,MPK,split_two_mpk_launches,228.97520446777344,3318.3349609375,3547.3101654052734,,,6.493806185787672,,,,1231.943142606994,1154.6777160750587,,[228.97520446777344],[3318.3349609375],,30,1.0,1.0,0,0,30,20,True,"[[30, 30, 30, 30, 30, 30, 30, 30]]",2.4408844973844714,2.3849671802768175,,/data/home/hliu148/mirage/results/qwen3_3d_identical_b1_b64_repeat1/b8_in32_out512/summary.json
8,32,512,32,511,1,0,1024,8,8,False,1.125,93.3447265625,completed,,Qwen/Qwen3-8B,identical,607bef233a563dd39788b1ed9f9935fcba76d0b6f485350a044ed2097b123b43,cec73259ef6b1952599c9ec97de94f12f18e6321,NVIDIA H100 NVL,590.48.01,2.6.0+cu124,12.4,4.57.1,0.7.0,always-continuous,MPK,MPK,continuous_one_mpk_launch,,,,3924.75146484375,1043.632962925225,,,,,,,,,,[3924.75146484375],30,1.0,1.0,0,0,30,20,True,"[[30, 30, 30, 30, 30, 30, 30, 30]]",,,2.1556061316332853,/data/home/hliu148/mirage/results/qwen3_3d_identical_b1_b64_repeat1/b8_in32_out512/summary.json
8,32,512,32,511,1,0,1024,8,8,False,1.125,93.3447265625,completed,,Qwen/Qwen3-8B,identical,607bef233a563dd39788b1ed9f9935fcba76d0b6f485350a044ed2097b123b43,cec73259ef6b1952599c9ec97de94f12f18e6321,NVIDIA H100 NVL,590.48.01,2.6.0+cu124,12.4,4.57.1,0.7.0,decode-only,NORMAL,MPK,one_prefill_phase_then_decode,340.2919006347656,3300.335205078125,3640.6271057128906,,,6.458581614634295,,,,1238.662058844786,1125.0808943251936,,[340.2919006347656],[3300.335205078125],,30,1.0,1.0,0,0,30,20,True,"[[30, 30, 30, 30, 30, 30, 30, 30]]",2.45419688000738,2.3238354484253794,,/data/home/hliu148/mirage/results/qwen3_3d_identical_b1_b64_repeat1/b8_in32_out512/summary.json
8,32,512,32,511,1,0,1024,8,8,False,1.125,93.3447265625,completed,,Qwen/Qwen3-8B,identical,607bef233a563dd39788b1ed9f9935fcba76d0b6f485350a044ed2097b123b43,cec73259ef6b1952599c9ec97de94f12f18e6321,NVIDIA H100 NVL,590.48.01,2.6.0+cu124,12.4,4.57.1,0.7.0,prefill-only,MPK,NORMAL,one_prefill_phase_then_decode,228.8777618408203,8432.824710845947,8661.702472686768,,,16.502592389131014,15.852191925048828,16.013151168823242,16.665978050231928,484.77232009129574,472.88624989325734,,[228.8777618408203],[8432.824710845947],,30,1.0,1.0,0,0,30,20,True,"[[30, 30, 30, 30, 30, 30, 30, 30]]",0.960493386381409,0.9767385048645797,,/data/home/hliu148/mirage/results/qwen3_3d_identical_b1_b64_repeat1/b8_in32_out512/summary.json
8,64,16,64,15,1,0,128,8,8,False,0.140625,93.3447265625,completed,,Qwen/Qwen3-8B,identical,4f9275fc0622ec870338dcdf9560b608d9a212a356849934f1cf32bc44b45457,cec73259ef6b1952599c9ec97de94f12f18e6321,NVIDIA H100 NVL,590.48.01,2.6.0+cu124,12.4,4.57.1,0.7.0,normal,NORMAL,NORMAL,one_prefill_phase_then_decode,375.0113830566406,252.29494094848633,627.306324005127,,,16.81966272989909,15.649727821350098,15.932109069824218,30.5209280014038,475.63379411758257,204.0470422532419,,[375.0113830566406],[252.29494094848633],,,,,0,0,16,11,True,,1.0,1.0,,/data/home/hliu148/mirage/results/qwen3_3d_identical_b1_b64_repeat1/b8_in64_out16/summary.json
8,64,16,64,15,1,0,128,8,8,False,0.140625,93.3447265625,completed,,Qwen/Qwen3-8B,identical,4f9275fc0622ec870338dcdf9560b608d9a212a356849934f1cf32bc44b45457,cec73259ef6b1952599c9ec97de94f12f18e6321,NVIDIA H100 NVL,590.48.01,2.6.0+cu124,12.4,4.57.1,0.7.0,always,MPK,MPK,split_two_mpk_launches,461.9169616699219,94.75904083251953,556.6760025024414,,,6.317269388834635,,,,1266.3699309925712,229.93626350803336,,[461.9169616699219],[94.75904083251953],,16,1.0,1.0,0,0,16,11,True,"[[16, 16, 16, 16, 16, 16, 16, 16]]",2.662489391322579,1.1268786891929579,,/data/home/hliu148/mirage/results/qwen3_3d_identical_b1_b64_repeat1/b8_in64_out16/summary.json
8,64,16,64,15,1,0,128,8,8,False,0.140625,93.3447265625,completed,,Qwen/Qwen3-8B,identical,4f9275fc0622ec870338dcdf9560b608d9a212a356849934f1cf32bc44b45457,cec73259ef6b1952599c9ec97de94f12f18e6321,NVIDIA H100 NVL,590.48.01,2.6.0+cu124,12.4,4.57.1,0.7.0,always-continuous,MPK,MPK,continuous_one_mpk_launch,,,,626.8826293945312,204.18495264995238,,,,,,,,,,[626.8826293945312],16,1.0,1.0,0,0,16,11,True,"[[16, 16, 16, 16, 16, 16, 16, 16]]",,,1.0006758755000198,/data/home/hliu148/mirage/results/qwen3_3d_identical_b1_b64_repeat1/b8_in64_out16/summary.json
8,64,16,64,15,1,0,128,8,8,False,0.140625,93.3447265625,completed,,Qwen/Qwen3-8B,identical,4f9275fc0622ec870338dcdf9560b608d9a212a356849934f1cf32bc44b45457,cec73259ef6b1952599c9ec97de94f12f18e6321,NVIDIA H100 NVL,590.48.01,2.6.0+cu124,12.4,4.57.1,0.7.0,decode-only,NORMAL,MPK,one_prefill_phase_then_decode,346.4799499511719,95.10479736328125,441.5847473144531,,,6.34031982421875,,,,1261.7660026299627,289.8650842866432,,[346.4799499511719],[95.10479736328125],,16,1.0,1.0,0,0,16,11,True,"[[16, 16, 16, 16, 16, 16, 16, 16]]",2.6528098260361173,1.4205796912600817,,/data/home/hliu148/mirage/results/qwen3_3d_identical_b1_b64_repeat1/b8_in64_out16/summary.json
8,64,16,64,15,1,0,128,8,8,False,0.140625,93.3447265625,completed,,Qwen/Qwen3-8B,identical,4f9275fc0622ec870338dcdf9560b608d9a212a356849934f1cf32bc44b45457,cec73259ef6b1952599c9ec97de94f12f18e6321,NVIDIA H100 NVL,590.48.01,2.6.0+cu124,12.4,4.57.1,0.7.0,prefill-only,MPK,NORMAL,one_prefill_phase_then_decode,463.1460876464844,578.8249082565308,1041.9709959030151,,,38.58832721710205,15.733951568603516,16.361293029785156,309.85706634521466,207.31657931143647,122.8441103478796,,[463.1460876464844],[578.8249082565308],,16,1.0,1.0,0,0,16,11,True,"[[16, 16, 16, 16, 16, 16, 16, 16]]",0.4358743677918421,0.6020381819375666,,/data/home/hliu148/mirage/results/qwen3_3d_identical_b1_b64_repeat1/b8_in64_out16/summary.json
8,64,32,64,31,1,0,128,8,8,False,0.140625,93.3447265625,completed,,Qwen/Qwen3-8B,identical,4f9275fc0622ec870338dcdf9560b608d9a212a356849934f1cf32bc44b45457,cec73259ef6b1952599c9ec97de94f12f18e6321,NVIDIA H100 NVL,590.48.01,2.6.0+cu124,12.4,4.57.1,0.7.0,normal,NORMAL,NORMAL,one_prefill_phase_then_decode,373.5916442871094,505.44243335723877,879.0340776443481,,,16.304594624427057,15.767647743225098,15.893376350402832,27.931098747253408,490.6592395749992,291.2287549602554,,[373.5916442871094],[505.44243335723877],,,,,0,0,30,20,True,,1.0,1.0,,/data/home/hliu148/mirage/results/qwen3_3d_identical_b1_b64_repeat1/b8_in64_out32/summary.json
8,64,32,64,31,1,0,128,8,8,False,0.140625,93.3447265625,completed,,Qwen/Qwen3-8B,identical,4f9275fc0622ec870338dcdf9560b608d9a212a356849934f1cf32bc44b45457,cec73259ef6b1952599c9ec97de94f12f18e6321,NVIDIA H100 NVL,590.48.01,2.6.0+cu124,12.4,4.57.1,0.7.0,always,MPK,MPK,split_two_mpk_launches,462.0691833496094,195.93186950683594,658.0010528564453,,,6.3203828873172885,,,,1265.7461015618362,389.0571282350987,,[462.0691833496094],[195.93186950683594],,30,1.0,1.0,0,0,30,20,True,"[[30, 30, 30, 30, 30, 30, 30, 30]]",2.5796846354268275,1.3359159135511673,,/data/home/hliu148/mirage/results/qwen3_3d_identical_b1_b64_repeat1/b8_in64_out32/summary.json
8,64,32,64,31,1,0,128,8,8,False,0.140625,93.3447265625,completed,,Qwen/Qwen3-8B,identical,4f9275fc0622ec870338dcdf9560b608d9a212a356849934f1cf32bc44b45457,cec73259ef6b1952599c9ec97de94f12f18e6321,NVIDIA H100 NVL,590.48.01,2.6.0+cu124,12.4,4.57.1,0.7.0,always-continuous,MPK,MPK,continuous_one_mpk_launch,,,,794.8446044921875,322.075533447892,,,,,,,,,,[794.8446044921875],30,1.0,1.0,0,0,30,20,True,"[[30, 30, 30, 30, 30, 30, 30, 30]]",,,1.1059194120163247,/data/home/hliu148/mirage/results/qwen3_3d_identical_b1_b64_repeat1/b8_in64_out32/summary.json
8,64,32,64,31,1,0,128,8,8,False,0.140625,93.3447265625,completed,,Qwen/Qwen3-8B,identical,4f9275fc0622ec870338dcdf9560b608d9a212a356849934f1cf32bc44b45457,cec73259ef6b1952599c9ec97de94f12f18e6321,NVIDIA H100 NVL,590.48.01,2.6.0+cu124,12.4,4.57.1,0.7.0,decode-only,NORMAL,MPK,one_prefill_phase_then_decode,345.12017822265625,196.4405059814453,541.5606842041016,,,6.3367905155304936,,,,1262.468749817946,472.7078746054608,,[345.12017822265625],[196.4405059814453],,30,1.0,1.0,0,0,30,20,True,"[[30, 30, 30, 30, 30, 30, 30, 30]]",2.5730051489736034,1.623149728707154,,/data/home/hliu148/mirage/results/qwen3_3d_identical_b1_b64_repeat1/b8_in64_out32/summary.json
8,64,32,64,31,1,0,128,8,8,False,0.140625,93.3447265625,completed,,Qwen/Qwen3-8B,identical,4f9275fc0622ec870338dcdf9560b608d9a212a356849934f1cf32bc44b45457,cec73259ef6b1952599c9ec97de94f12f18e6321,NVIDIA H100 NVL,590.48.01,2.6.0+cu124,12.4,4.57.1,0.7.0,prefill-only,MPK,NORMAL,one_prefill_phase_then_decode,462.32733154296875,836.7590227127075,1299.0863542556763,,,26.992226539119596,15.952320098876953,16.082368850708008,255.13101692199683,296.38162633251727,197.06157266710542,,[462.32733154296875],[836.7590227127075],,30,1.0,1.0,0,0,30,20,True,"[[30, 30, 30, 30, 30, 30, 30, 30]]",0.6040477839350137,0.676655616283491,,/data/home/hliu148/mirage/results/qwen3_3d_identical_b1_b64_repeat1/b8_in64_out32/summary.json
8,64,64,64,63,1,0,128,8,8,False,0.140625,93.3447265625,completed,,Qwen/Qwen3-8B,identical,4f9275fc0622ec870338dcdf9560b608d9a212a356849934f1cf32bc44b45457,cec73259ef6b1952599c9ec97de94f12f18e6321,NVIDIA H100 NVL,590.48.01,2.6.0+cu124,12.4,4.57.1,0.7.0,normal,NORMAL,NORMAL,one_prefill_phase_then_decode,374.7650451660156,1000.7404174804688,1375.5054626464844,,,15.884768531436013,15.547231674194336,15.7801025390625,23.53236244201664,503.62710568731126,372.22680236755116,,[374.7650451660156],[1000.7404174804688],,,,,0,0,30,20,True,,1.0,1.0,,/data/home/hliu148/mirage/results/qwen3_3d_identical_b1_b64_repeat1/b8_in64_out64/summary.json
8,64,64,64,63,1,0,128,8,8,False,0.140625,93.3447265625,completed,,Qwen/Qwen3-8B,identical,4f9275fc0622ec870338dcdf9560b608d9a212a356849934f1cf32bc44b45457,cec73259ef6b1952599c9ec97de94f12f18e6321,NVIDIA H100 NVL,590.48.01,2.6.0+cu124,12.4,4.57.1,0.7.0,always,MPK,MPK,split_two_mpk_launches,460.6376647949219,397.9400939941406,858.5777587890625,,,6.3165094284784224,,,,1266.5222921905954,596.3350375184706,,[460.6376647949219],[397.9400939941406],,30,1.0,1.0,0,0,30,20,True,"[[30, 30, 30, 30, 30, 30, 30, 30]]",2.514801681418922,1.6020744173323291,,/data/home/hliu148/mirage/results/qwen3_3d_identical_b1_b64_repeat1/b8_in64_out64/summary.json
8,64,64,64,63,1,0,128,8,8,False,0.140625,93.3447265625,completed,,Qwen/Qwen3-8B,identical,4f9275fc0622ec870338dcdf9560b608d9a212a356849934f1cf32bc44b45457,cec73259ef6b1952599c9ec97de94f12f18e6321,NVIDIA H100 NVL,590.48.01,2.6.0+cu124,12.4,4.57.1,0.7.0,always-continuous,MPK,MPK,continuous_one_mpk_launch,,,,1117.365234375,458.2208075288722,,,,,,,,,,[1117.365234375],30,1.0,1.0,0,0,30,20,True,"[[30, 30, 30, 30, 30, 30, 30, 30]]",,,1.231025827840326,/data/home/hliu148/mirage/results/qwen3_3d_identical_b1_b64_repeat1/b8_in64_out64/summary.json
8,64,64,64,63,1,0,128,8,8,False,0.140625,93.3447265625,completed,,Qwen/Qwen3-8B,identical,4f9275fc0622ec870338dcdf9560b608d9a212a356849934f1cf32bc44b45457,cec73259ef6b1952599c9ec97de94f12f18e6321,NVIDIA H100 NVL,590.48.01,2.6.0+cu124,12.4,4.57.1,0.7.0,decode-only,NORMAL,MPK,one_prefill_phase_then_decode,343.6632995605469,396.016357421875,739.6796569824219,,,6.285973927331349,,,,1272.6747028357981,692.1915388193073,,[343.6632995605469],[396.016357421875],,30,1.0,1.0,0,0,30,20,True,"[[30, 30, 30, 30, 30, 30, 30, 30]]",2.5270178837950956,1.8595961774289713,,/data/home/hliu148/mirage/results/qwen3_3d_identical_b1_b64_repeat1/b8_in64_out64/summary.json
8,64,64,64,63,1,0,128,8,8,False,0.140625,93.3447265625,completed,,Qwen/Qwen3-8B,identical,4f9275fc0622ec870338dcdf9560b608d9a212a356849934f1cf32bc44b45457,cec73259ef6b1952599c9ec97de94f12f18e6321,NVIDIA H100 NVL,590.48.01,2.6.0+cu124,12.4,4.57.1,0.7.0,prefill-only,MPK,NORMAL,one_prefill_phase_then_decode,463.2645568847656,1337.2628269195557,1800.5273838043213,,,21.226394078088184,15.667776107788086,15.894131278991699,148.82182292938322,376.889262046554,284.3611291921586,,[463.2645568847656],[1337.2628269195557],,30,1.0,1.0,0,0,30,20,True,"[[30, 30, 30, 30, 30, 30, 30, 30]]",0.7483498361991552,0.7639458722033924,,/data/home/hliu148/mirage/results/qwen3_3d_identical_b1_b64_repeat1/b8_in64_out64/summary.json
8,64,128,64,127,1,0,256,8,8,False,0.28125,93.3447265625,completed,,Qwen/Qwen3-8B,identical,4f9275fc0622ec870338dcdf9560b608d9a212a356849934f1cf32bc44b45457,cec73259ef6b1952599c9ec97de94f12f18e6321,NVIDIA H100 NVL,590.48.01,2.6.0+cu124,12.4,4.57.1,0.7.0,normal,NORMAL,NORMAL,one_prefill_phase_then_decode,370.3034362792969,2019.0929861068726,2389.3964223861694,,,15.898369969345453,15.752991676330566,15.905433845520019,18.25577903747558,503.1962405847425,428.5601126737199,,[370.3034362792969],[2019.0929861068726],,,,,0,0,30,20,True,,1.0,1.0,,/data/home/hliu148/mirage/results/qwen3_3d_identical_b1_b64_repeat1/b8_in64_out128/summary.json
8,64,128,64,127,1,0,256,8,8,False,0.28125,93.3447265625,completed,,Qwen/Qwen3-8B,identical,4f9275fc0622ec870338dcdf9560b608d9a212a356849934f1cf32bc44b45457,cec73259ef6b1952599c9ec97de94f12f18e6321,NVIDIA H100 NVL,590.48.01,2.6.0+cu124,12.4,4.57.1,0.7.0,always,MPK,MPK,split_two_mpk_launches,460.83880615234375,805.6795043945312,1266.518310546875,,,6.34393310546875,,,,1261.0473450774011,808.5157486257289,,[460.83880615234375],[805.6795043945312],,30,1.0,1.0,0,0,30,20,True,"[[30, 30, 30, 30, 30, 30, 30, 30]]",2.506074655112671,1.8865865597746017,,/data/home/hliu148/mirage/results/qwen3_3d_identical_b1_b64_repeat1/b8_in64_out128/summary.json
8,64,128,64,127,1,0,256,8,8,False,0.28125,93.3447265625,completed,,Qwen/Qwen3-8B,identical,4f9275fc0622ec870338dcdf9560b608d9a212a356849934f1cf32bc44b45457,cec73259ef6b1952599c9ec97de94f12f18e6321,NVIDIA H100 NVL,590.48.01,2.6.0+cu124,12.4,4.57.1,0.7.0,always-continuous,MPK,MPK,continuous_one_mpk_launch,,,,1788.7476806640625,572.4675487041559,,,,,,,,,,[1788.7476806640625],30,1.0,1.0,0,0,30,20,True,"[[30, 30, 30, 30, 30, 30, 30, 30]]",,,1.335792883599502,/data/home/hliu148/mirage/results/qwen3_3d_identical_b1_b64_repeat1/b8_in64_out128/summary.json
8,64,128,64,127,1,0,256,8,8,False,0.28125,93.3447265625,completed,,Qwen/Qwen3-8B,identical,4f9275fc0622ec870338dcdf9560b608d9a212a356849934f1cf32bc44b45457,cec73259ef6b1952599c9ec97de94f12f18e6321,NVIDIA H100 NVL,590.48.01,2.6.0+cu124,12.4,4.57.1,0.7.0,decode-only,NORMAL,MPK,one_prefill_phase_then_decode,346.3270568847656,809.1976318359375,1155.5246887207031,,,6.371634896345965,,,,1255.5647224212232,886.1775174476662,,[346.3270568847656],[809.1976318359375],,30,1.0,1.0,0,0,30,20,True,"[[30, 30, 30, 30, 30, 30, 30, 30]]",2.495179059688892,2.0678021384653427,,/data/home/hliu148/mirage/results/qwen3_3d_identical_b1_b64_repeat1/b8_in64_out128/summary.json
8,64,128,64,127,1,0,256,8,8,False,0.28125,93.3447265625,completed,,Qwen/Qwen3-8B,identical,4f9275fc0622ec870338dcdf9560b608d9a212a356849934f1cf32bc44b45457,cec73259ef6b1952599c9ec97de94f12f18e6321,NVIDIA H100 NVL,590.48.01,2.6.0+cu124,12.4,4.57.1,0.7.0,prefill-only,MPK,NORMAL,one_prefill_phase_then_decode,460.333984375,2359.6562356948853,2819.9902200698853,,,18.579970359802246,15.806912422180176,16.022687911987305,19.696065483093243,430.57119279953184,363.12182670428666,,[460.333984375],[2359.6562356948853],,30,1.0,1.0,0,0,30,20,True,"[[30, 30, 30, 30, 30, 30, 30, 30]]",0.855672515158666,0.8473066343921417,,/data/home/hliu148/mirage/results/qwen3_3d_identical_b1_b64_repeat1/b8_in64_out128/summary.json
8,64,256,64,255,1,0,512,8,8,False,0.5625,93.3447265625,completed,,Qwen/Qwen3-8B,identical,4f9275fc0622ec870338dcdf9560b608d9a212a356849934f1cf32bc44b45457,cec73259ef6b1952599c9ec97de94f12f18e6321,NVIDIA H100 NVL,590.48.01,2.6.0+cu124,12.4,4.57.1,0.7.0,normal,NORMAL,NORMAL,one_prefill_phase_then_decode,373.58563232421875,4053.689916610718,4427.2755489349365,,,15.896823202394971,15.831839561462402,15.956928062438966,17.012059059143073,503.2452017705489,462.5869741703076,,[373.58563232421875],[4053.689916610718],,,,,0,0,30,20,True,,1.0,1.0,,/data/home/hliu148/mirage/results/qwen3_3d_identical_b1_b64_repeat1/b8_in64_out256/summary.json
8,64,256,64,255,1,0,512,8,8,False,0.5625,93.3447265625,completed,,Qwen/Qwen3-8B,identical,4f9275fc0622ec870338dcdf9560b608d9a212a356849934f1cf32bc44b45457,cec73259ef6b1952599c9ec97de94f12f18e6321,NVIDIA H100 NVL,590.48.01,2.6.0+cu124,12.4,4.57.1,0.7.0,always,MPK,MPK,split_two_mpk_launches,459.255615234375,1631.0958251953125,2090.3514404296875,,,6.396454216452206,,,,1250.6929197465906,979.7395597646577,,[459.255615234375],[1631.0958251953125],,30,1.0,1.0,0,0,30,20,True,"[[30, 30, 30, 30, 30, 30, 30, 30]]",2.485255528212339,2.117957518198412,,/data/home/hliu148/mirage/results/qwen3_3d_identical_b1_b64_repeat1/b8_in64_out256/summary.json
8,64,256,64,255,1,0,512,8,8,False,0.5625,93.3447265625,completed,,Qwen/Qwen3-8B,identical,4f9275fc0622ec870338dcdf9560b608d9a212a356849934f1cf32bc44b45457,cec73259ef6b1952599c9ec97de94f12f18e6321,NVIDIA H100 NVL,590.48.01,2.6.0+cu124,12.4,4.57.1,0.7.0,always-continuous,MPK,MPK,continuous_one_mpk_launch,,,,2748.717529296875,745.0747405550546,,,,,,,,,,[2748.717529296875],30,1.0,1.0,0,0,30,20,True,"[[30, 30, 30, 30, 30, 30, 30, 30]]",,,1.6106695219670093,/data/home/hliu148/mirage/results/qwen3_3d_identical_b1_b64_repeat1/b8_in64_out256/summary.json
8,64,256,64,255,1,0,512,8,8,False,0.5625,93.3447265625,completed,,Qwen/Qwen3-8B,identical,4f9275fc0622ec870338dcdf9560b608d9a212a356849934f1cf32bc44b45457,cec73259ef6b1952599c9ec97de94f12f18e6321,NVIDIA H100 NVL,590.48.01,2.6.0+cu124,12.4,4.57.1,0.7.0,decode-only,NORMAL,MPK,one_prefill_phase_then_decode,345.2602233886719,1633.6046142578125,1978.8648376464844,,,6.406292604932598,,,,1248.7721828129281,1034.9367784187523,,[345.2602233886719],[1633.6046142578125],,30,1.0,1.0,0,0,30,20,True,"[[30, 30, 30, 30, 30, 30, 30, 30]]",2.4814388262807463,2.2372804168881038,,/data/home/hliu148/mirage/results/qwen3_3d_identical_b1_b64_repeat1/b8_in64_out256/summary.json
8,64,256,64,255,1,0,512,8,8,False,0.5625,93.3447265625,completed,,Qwen/Qwen3-8B,identical,4f9275fc0622ec870338dcdf9560b608d9a212a356849934f1cf32bc44b45457,cec73259ef6b1952599c9ec97de94f12f18e6321,NVIDIA H100 NVL,590.48.01,2.6.0+cu124,12.4,4.57.1,0.7.0,prefill-only,MPK,NORMAL,one_prefill_phase_then_decode,461.9636535644531,4476.76457118988,4938.7282247543335,,,17.555939494862276,16.127391815185547,16.306617736816406,17.15883899688721,455.68623669164447,414.68165624802594,,[461.9636535644531],[4476.76457118988],,30,1.0,1.0,0,0,30,20,True,"[[30, 30, 30, 30, 30, 30, 30, 30]]",0.9054954425564725,0.8964404088372694,,/data/home/hliu148/mirage/results/qwen3_3d_identical_b1_b64_repeat1/b8_in64_out256/summary.json
8,64,512,64,511,1,0,1024,8,8,False,1.125,93.3447265625,completed,,Qwen/Qwen3-8B,identical,4f9275fc0622ec870338dcdf9560b608d9a212a356849934f1cf32bc44b45457,cec73259ef6b1952599c9ec97de94f12f18e6321,NVIDIA H100 NVL,590.48.01,2.6.0+cu124,12.4,4.57.1,0.7.0,normal,NORMAL,NORMAL,one_prefill_phase_then_decode,381.45086669921875,8261.724685668945,8643.175552368164,,,16.167758680369754,16.124351501464844,16.21673583984375,16.926034545898435,494.81193764434886,473.89989653487106,,[381.45086669921875],[8261.724685668945],,,,,0,0,30,20,True,,1.0,1.0,,/data/home/hliu148/mirage/results/qwen3_3d_identical_b1_b64_repeat1/b8_in64_out512/summary.json
8,64,512,64,511,1,0,1024,8,8,False,1.125,93.3447265625,completed,,Qwen/Qwen3-8B,identical,4f9275fc0622ec870338dcdf9560b608d9a212a356849934f1cf32bc44b45457,cec73259ef6b1952599c9ec97de94f12f18e6321,NVIDIA H100 NVL,590.48.01,2.6.0+cu124,12.4,4.57.1,0.7.0,always,MPK,MPK,split_two_mpk_launches,461.9758605957031,3333.26318359375,3795.239044189453,,,6.523019928754892,,,,1226.4258100353577,1079.2469070613654,,[461.9758605957031],[3333.26318359375],,30,1.0,1.0,0,0,30,20,True,"[[30, 30, 30, 30, 30, 30, 30, 30]]",2.478569567003583,2.2773731645707396,,/data/home/hliu148/mirage/results/qwen3_3d_identical_b1_b64_repeat1/b8_in64_out512/summary.json
8,64,512,64,511,1,0,1024,8,8,False,1.125,93.3447265625,completed,,Qwen/Qwen3-8B,identical,4f9275fc0622ec870338dcdf9560b608d9a212a356849934f1cf32bc44b45457,cec73259ef6b1952599c9ec97de94f12f18e6321,NVIDIA H100 NVL,590.48.01,2.6.0+cu124,12.4,4.57.1,0.7.0,always-continuous,MPK,MPK,continuous_one_mpk_launch,,,,4497.27197265625,910.7743594125475,,,,,,,,,,[4497.27197265625],30,1.0,1.0,0,0,30,20,True,"[[30, 30, 30, 30, 30, 30, 30, 30]]",,,1.9218707707515397,/data/home/hliu148/mirage/results/qwen3_3d_identical_b1_b64_repeat1/b8_in64_out512/summary.json
8,64,512,64,511,1,0,1024,8,8,False,1.125,93.3447265625,completed,,Qwen/Qwen3-8B,identical,4f9275fc0622ec870338dcdf9560b608d9a212a356849934f1cf32bc44b45457,cec73259ef6b1952599c9ec97de94f12f18e6321,NVIDIA H100 NVL,590.48.01,2.6.0+cu124,12.4,4.57.1,0.7.0,decode-only,NORMAL,MPK,one_prefill_phase_then_decode,342.6997985839844,3320.375244140625,3663.0750427246094,,,6.497798912212573,,,,1231.1861459676827,1118.186210281234,,[342.6997985839844],[3320.375244140625],,30,1.0,1.0,0,0,30,20,True,"[[30, 30, 30, 30, 30, 30, 30, 30]]",2.4881900623274986,2.3595409462153243,,/data/home/hliu148/mirage/results/qwen3_3d_identical_b1_b64_repeat1/b8_in64_out512/summary.json
8,64,512,64,511,1,0,1024,8,8,False,1.125,93.3447265625,completed,,Qwen/Qwen3-8B,identical,4f9275fc0622ec870338dcdf9560b608d9a212a356849934f1cf32bc44b45457,cec73259ef6b1952599c9ec97de94f12f18e6321,NVIDIA H100 NVL,590.48.01,2.6.0+cu124,12.4,4.57.1,0.7.0,prefill-only,MPK,NORMAL,one_prefill_phase_then_decode,458.9566650390625,8477.358765602112,8936.315430641174,,,16.58974318121744,15.903103828430176,16.061119079589844,16.816282463073723,482.225668752813,458.3544562399265,,[458.9566650390625],[8477.358765602112],,30,1.0,1.0,0,0,30,20,True,"[[30, 30, 30, 30, 30, 30, 30, 30]]",0.9745635302344254,0.9671967847880704,,/data/home/hliu148/mirage/results/qwen3_3d_identical_b1_b64_repeat1/b8_in64_out512/summary.json
8,128,16,128,15,1,0,256,8,8,False,0.28125,93.3447265625,completed,,Qwen/Qwen3-8B,identical,104945a9e49140f8a4544a6003d93fd5824b05157916d746cf9ed6eac6d70067,cec73259ef6b1952599c9ec97de94f12f18e6321,NVIDIA H100 NVL,590.48.01,2.6.0+cu124,12.4,4.57.1,0.7.0,normal,NORMAL,NORMAL,one_prefill_phase_then_decode,391.54998779296875,260.9791040420532,652.529091835022,,,17.398606936136883,16.10256004333496,16.431641387939454,32.94939178466796,459.80692761004974,196.1598365523327,,[391.54998779296875],[260.9791040420532],,,,,0,0,16,11,True,,1.0,1.0,,/data/home/hliu148/mirage/results/qwen3_3d_identical_b1_b64_repeat1/b8_in128_out16/summary.json
8,128,16,128,15,1,0,256,8,8,False,0.28125,93.3447265625,completed,,Qwen/Qwen3-8B,identical,104945a9e49140f8a4544a6003d93fd5824b05157916d746cf9ed6eac6d70067,cec73259ef6b1952599c9ec97de94f12f18e6321,NVIDIA H100 NVL,590.48.01,2.6.0+cu124,12.4,4.57.1,0.7.0,always,MPK,MPK,split_two_mpk_launches,929.1609497070312,95.52690887451172,1024.687858581543,,,6.368460591634115,,,,1256.1905479181494,124.91608925393935,,[929.1609497070312],[95.52690887451172],,16,1.0,1.0,0,0,16,11,True,"[[16, 16, 16, 16, 16, 16, 16, 16]]",2.7319956975147877,0.6368076740348093,,/data/home/hliu148/mirage/results/qwen3_3d_identical_b1_b64_repeat1/b8_in128_out16/summary.json
8,128,16,128,15,1,0,256,8,8,False,0.28125,93.3447265625,completed,,Qwen/Qwen3-8B,identical,104945a9e49140f8a4544a6003d93fd5824b05157916d746cf9ed6eac6d70067,cec73259ef6b1952599c9ec97de94f12f18e6321,NVIDIA H100 NVL,590.48.01,2.6.0+cu124,12.4,4.57.1,0.7.0,always-continuous,MPK,MPK,continuous_one_mpk_launch,,,,1091.135009765625,117.30903953626628,,,,,,,,,,[1091.135009765625],16,1.0,1.0,0,0,16,11,True,"[[16, 16, 16, 16, 16, 16, 16, 16]]",,,0.5980278205674885,/data/home/hliu148/mirage/results/qwen3_3d_identical_b1_b64_repeat1/b8_in128_out16/summary.json
8,128,16,128,15,1,0,256,8,8,False,0.28125,93.3447265625,completed,,Qwen/Qwen3-8B,identical,104945a9e49140f8a4544a6003d93fd5824b05157916d746cf9ed6eac6d70067,cec73259ef6b1952599c9ec97de94f12f18e6321,NVIDIA H100 NVL,590.48.01,2.6.0+cu124,12.4,4.57.1,0.7.0,decode-only,NORMAL,MPK,one_prefill_phase_then_decode,372.70892333984375,99.12944030761719,471.83836364746094,,,6.608629353841146,,,,1210.5384598926169,271.2793402607605,,[372.70892333984375],[99.12944030761719],,16,1.0,1.0,0,0,16,11,True,"[[16, 16, 16, 16, 16, 16, 16, 16]]",2.6327103555935176,1.3829504807340465,,/data/home/hliu148/mirage/results/qwen3_3d_identical_b1_b64_repeat1/b8_in128_out16/summary.json
8,128,16,128,15,1,0,256,8,8,False,0.28125,93.3447265625,completed,,Qwen/Qwen3-8B,identical,104945a9e49140f8a4544a6003d93fd5824b05157916d746cf9ed6eac6d70067,cec73259ef6b1952599c9ec97de94f12f18e6321,NVIDIA H100 NVL,590.48.01,2.6.0+cu124,12.4,4.57.1,0.7.0,prefill-only,MPK,NORMAL,one_prefill_phase_then_decode,920.3567504882812,593.2047538757324,1513.5615043640137,,,39.546983591715495,16.17465591430664,16.77906608581543,317.55886959075906,202.2910288833225,84.56874704525771,,[920.3567504882812],[593.2047538757324],,16,1.0,1.0,0,0,16,11,True,"[[16, 16, 16, 16, 16, 16, 16, 16]]",0.4399477622809551,0.43112162271146653,,/data/home/hliu148/mirage/results/qwen3_3d_identical_b1_b64_repeat1/b8_in128_out16/summary.json
8,128,32,128,31,1,0,256,8,8,False,0.28125,93.3447265625,completed,,Qwen/Qwen3-8B,identical,104945a9e49140f8a4544a6003d93fd5824b05157916d746cf9ed6eac6d70067,cec73259ef6b1952599c9ec97de94f12f18e6321,NVIDIA H100 NVL,590.48.01,2.6.0+cu124,12.4,4.57.1,0.7.0,normal,NORMAL,NORMAL,one_prefill_phase_then_decode,388.42205810546875,512.9354524612427,901.3575105667114,,,16.546304918104603,15.904607772827148,16.068191528320312,29.91069412231444,483.49163390834025,284.0160502341017,,[388.42205810546875],[512.9354524612427],,,,,0,0,30,20,True,,1.0,1.0,,/data/home/hliu148/mirage/results/qwen3_3d_identical_b1_b64_repeat1/b8_in128_out32/summary.json
8,128,32,128,31,1,0,256,8,8,False,0.28125,93.3447265625,completed,,Qwen/Qwen3-8B,identical,104945a9e49140f8a4544a6003d93fd5824b05157916d746cf9ed6eac6d70067,cec73259ef6b1952599c9ec97de94f12f18e6321,NVIDIA H100 NVL,590.48.01,2.6.0+cu124,12.4,4.57.1,0.7.0,always,MPK,MPK,split_two_mpk_launches,928.808349609375,197.35519409179688,1126.1635437011719,,,6.366296583606351,,,,1256.6175475708353,227.32044686746647,,[928.808349609375],[197.35519409179688],,27,0.9,1.0,0,0,30,20,True,"[[27, 27, 27, 27, 27, 27, 27, 27]]",2.599047138443482,0.8003788753491092,,/data/home/hliu148/mirage/results/qwen3_3d_identical_b1_b64_repeat1/b8_in128_out32/summary.json
8,128,32,128,31,1,0,256,8,8,False,0.28125,93.3447265625,completed,,Qwen/Qwen3-8B,identical,104945a9e49140f8a4544a6003d93fd5824b05157916d746cf9ed6eac6d70067,cec73259ef6b1952599c9ec97de94f12f18e6321,NVIDIA H100 NVL,590.48.01,2.6.0+cu124,12.4,4.57.1,0.7.0,always-continuous,MPK,MPK,continuous_one_mpk_launch,,,,1271.49072265625,201.33847258059004,,,,,,,,,,[1271.49072265625],27,0.95,1.0,0,0,30,20,True,"[[27, 27, 27, 27, 30, 30, 30, 30]]",,,0.7088982204161903,/data/home/hliu148/mirage/results/qwen3_3d_identical_b1_b64_repeat1/b8_in128_out32/summary.json
8,128,32,128,31,1,0,256,8,8,False,0.28125,93.3447265625,completed,,Qwen/Qwen3-8B,identical,104945a9e49140f8a4544a6003d93fd5824b05157916d746cf9ed6eac6d70067,cec73259ef6b1952599c9ec97de94f12f18e6321,NVIDIA H100 NVL,590.48.01,2.6.0+cu124,12.4,4.57.1,0.7.0,decode-only,NORMAL,MPK,one_prefill_phase_then_decode,373.4201965332031,198.41798400878906,571.8381805419922,,,6.4005801293157765,,,,1249.886703762773,447.6790964838364,,[373.4201965332031],[198.41798400878906],,27,0.9,1.0,0,0,30,20,True,"[[27, 27, 27, 27, 27, 27, 27, 27]]",2.5851258141929403,1.5762457653883806,,/data/home/hliu148/mirage/results/qwen3_3d_identical_b1_b64_repeat1/b8_in128_out32/summary.json
8,128,32,128,31,1,0,256,8,8,False,0.28125,93.3447265625,completed,,Qwen/Qwen3-8B,identical,104945a9e49140f8a4544a6003d93fd5824b05157916d746cf9ed6eac6d70067,cec73259ef6b1952599c9ec97de94f12f18e6321,NVIDIA H100 NVL,590.48.01,2.6.0+cu124,12.4,4.57.1,0.7.0,prefill-only,MPK,NORMAL,one_prefill_phase_then_decode,928.939453125,859.0204429626465,1787.9598960876465,,,27.71033686976279,16.26038360595703,16.351360321044922,264.84706687927223,288.7009291009201,143.17994523264787,,[928.939453125],[859.0204429626465],,30,1.0,1.0,0,0,30,20,True,"[[30, 30, 30, 30, 30, 30, 30, 30]]",0.5971167003804904,0.5041262460858499,,/data/home/hliu148/mirage/results/qwen3_3d_identical_b1_b64_repeat1/b8_in128_out32/summary.json
8,128,64,128,63,1,0,256,8,8,False,0.28125,93.3447265625,completed,,Qwen/Qwen3-8B,identical,104945a9e49140f8a4544a6003d93fd5824b05157916d746cf9ed6eac6d70067,cec73259ef6b1952599c9ec97de94f12f18e6321,NVIDIA H100 NVL,590.48.01,2.6.0+cu124,12.4,4.57.1,0.7.0,normal,NORMAL,NORMAL,one_prefill_phase_then_decode,386.99261474609375,1021.6825580596924,1408.6751728057861,,,16.21718346126496,15.892191886901855,16.094963455200194,23.86465290069585,493.3039093445633,363.4620740707761,,[386.99261474609375],[1021.6825580596924],,,,,0,0,30,20,True,,1.0,1.0,,/data/home/hliu148/mirage/results/qwen3_3d_identical_b1_b64_repeat1/b8_in128_out64/summary.json
8,128,64,128,63,1,0,256,8,8,False,0.28125,93.3447265625,completed,,Qwen/Qwen3-8B,identical,104945a9e49140f8a4544a6003d93fd5824b05157916d746cf9ed6eac6d70067,cec73259ef6b1952599c9ec97de94f12f18e6321,NVIDIA H100 NVL,590.48.01,2.6.0+cu124,12.4,4.57.1,0.7.0,always,MPK,MPK,split_two_mpk_launches,925.9853515625,401.5807189941406,1327.5660705566406,,,6.374297126891121,,,,1255.0403347610763,385.66818733573194,,[925.9853515625],[401.5807189941406],,27,0.9,1.0,0,0,30,20,True,"[[27, 27, 27, 27, 27, 27, 27, 27]]",2.5441524200134706,1.061096094611048,,/data/home/hliu148/mirage/results/qwen3_3d_identical_b1_b64_repeat1/b8_in128_out64/summary.json
8,128,64,128,63,1,0,256,8,8,False,0.28125,93.3447265625,completed,,Qwen/Qwen3-8B,identical,104945a9e49140f8a4544a6003d93fd5824b05157916d746cf9ed6eac6d70067,cec73259ef6b1952599c9ec97de94f12f18e6321,NVIDIA H100 NVL,590.48.01,2.6.0+cu124,12.4,4.57.1,0.7.0,always-continuous,MPK,MPK,continuous_one_mpk_launch,,,,1609.5999755859375,318.0914561169885,,,,,,,,,,[1609.5999755859375],27,0.925,1.0,0,0,30,20,True,"[[27, 27, 27, 27, 30, 30, 27, 27]]",,,0.8751709705344588,/data/home/hliu148/mirage/results/qwen3_3d_identical_b1_b64_repeat1/b8_in128_out64/summary.json
8,128,64,128,63,1,0,256,8,8,False,0.28125,93.3447265625,completed,,Qwen/Qwen3-8B,identical,104945a9e49140f8a4544a6003d93fd5824b05157916d746cf9ed6eac6d70067,cec73259ef6b1952599c9ec97de94f12f18e6321,NVIDIA H100 NVL,590.48.01,2.6.0+cu124,12.4,4.57.1,0.7.0,decode-only,NORMAL,MPK,one_prefill_phase_then_decode,360.6087341308594,407.1585388183594,767.7672729492188,,,6.462833949497768,,,,1237.8470594346134,666.8687479127082,,[360.6087341308594],[407.1585388183594],,27,0.9,1.0,0,0,30,20,True,"[[27, 27, 27, 27, 27, 27, 27, 27]]",2.509299107479809,1.8347684545013916,,/data/home/hliu148/mirage/results/qwen3_3d_identical_b1_b64_repeat1/b8_in128_out64/summary.json
8,128,64,128,63,1,0,256,8,8,False,0.28125,93.3447265625,completed,,Qwen/Qwen3-8B,identical,104945a9e49140f8a4544a6003d93fd5824b05157916d746cf9ed6eac6d70067,cec73259ef6b1952599c9ec97de94f12f18e6321,NVIDIA H100 NVL,590.48.01,2.6.0+cu124,12.4,4.57.1,0.7.0,prefill-only,MPK,NORMAL,one_prefill_phase_then_decode,925.53759765625,1365.4343719482422,2290.971969604492,,,21.673561459495907,16.160192489624023,16.308422470092772,148.73216217041104,369.1133095476994,223.48592946267712,,[925.53759765625],[1365.4343719482422],,30,1.0,1.0,0,0,30,20,True,"[[30, 30, 30, 30, 30, 30, 30, 30]]",0.7482472823662154,0.6148810162216766,,/data/home/hliu148/mirage/results/qwen3_3d_identical_b1_b64_repeat1/b8_in128_out64/summary.json
8,128,128,128,127,1,0,256,8,8,False,0.28125,93.3447265625,completed,,Qwen/Qwen3-8B,identical,104945a9e49140f8a4544a6003d93fd5824b05157916d746cf9ed6eac6d70067,cec73259ef6b1952599c9ec97de94f12f18e6321,NVIDIA H100 NVL,590.48.01,2.6.0+cu124,12.4,4.57.1,0.7.0,normal,NORMAL,NORMAL,one_prefill_phase_then_decode,379.24761962890625,1988.6355819702148,2367.883201599121,,,15.65854788952925,15.513248443603516,15.647808456420899,16.040360794067382,510.9030579616861,432.4537626300377,,[379.24761962890625],[1988.6355819702148],,,,,0,0,30,20,True,,1.0,1.0,,/data/home/hliu148/mirage/results/qwen3_3d_identical_b1_b64_repeat1/b8_in128_out128/summary.json
8,128,128,128,127,1,0,256,8,8,False,0.28125,93.3447265625,completed,,Qwen/Qwen3-8B,identical,104945a9e49140f8a4544a6003d93fd5824b05157916d746cf9ed6eac6d70067,cec73259ef6b1952599c9ec97de94f12f18e6321,NVIDIA H100 NVL,590.48.01,2.6.0+cu124,12.4,4.57.1,0.7.0,always,MPK,MPK,split_two_mpk_launches,925.8873901367188,812.7250366210938,1738.6124267578125,,,6.399409737173967,,,,1250.115296341826,588.9754290492268,,[925.8873901367188],[812.7250366210938],,27,0.9,1.0,0,0,30,20,True,"[[27, 27, 27, 27, 27, 27, 27, 27]]",2.4468737794001916,1.3619385005862297,,/data/home/hliu148/mirage/results/qwen3_3d_identical_b1_b64_repeat1/b8_in128_out128/summary.json
8,128,128,128,127,1,0,256,8,8,False,0.28125,93.3447265625,completed,,Qwen/Qwen3-8B,identical,104945a9e49140f8a4544a6003d93fd5824b05157916d746cf9ed6eac6d70067,cec73259ef6b1952599c9ec97de94f12f18e6321,NVIDIA H100 NVL,590.48.01,2.6.0+cu124,12.4,4.57.1,0.7.0,always-continuous,MPK,MPK,continuous_one_mpk_launch,,,,2258.215087890625,453.45547706729195,,,,,,,,,,[2258.215087890625],27,0.9125,1.0,0,0,30,20,True,"[[27, 27, 27, 27, 27, 27, 30, 27]]",,,1.0485640691608946,/data/home/hliu148/mirage/results/qwen3_3d_identical_b1_b64_repeat1/b8_in128_out128/summary.json
8,128,128,128,127,1,0,256,8,8,False,0.28125,93.3447265625,completed,,Qwen/Qwen3-8B,identical,104945a9e49140f8a4544a6003d93fd5824b05157916d746cf9ed6eac6d70067,cec73259ef6b1952599c9ec97de94f12f18e6321,NVIDIA H100 NVL,590.48.01,2.6.0+cu124,12.4,4.57.1,0.7.0,decode-only,NORMAL,MPK,one_prefill_phase_then_decode,360.2916259765625,812.821044921875,1173.1126708984375,,,6.40016570804626,,,,1249.96763598518,872.891432683752,,[360.2916259765625],[812.821044921875],,27,0.9,1.0,0,0,30,20,True,"[[27, 27, 27, 27, 27, 27, 27, 27]]",2.446584761054451,2.0184618752652796,,/data/home/hliu148/mirage/results/qwen3_3d_identical_b1_b64_repeat1/b8_in128_out128/summary.json
8,128,128,128,127,1,0,256,8,8,False,0.28125,93.3447265625,completed,,Qwen/Qwen3-8B,identical,104945a9e49140f8a4544a6003d93fd5824b05157916d746cf9ed6eac6d70067,cec73259ef6b1952599c9ec97de94f12f18e6321,NVIDIA H100 NVL,590.48.01,2.6.0+cu124,12.4,4.57.1,0.7.0,prefill-only,MPK,NORMAL,one_prefill_phase_then_decode,927.5374755859375,2377.64351272583,3305.1809883117676,,,18.72160246240811,15.951231956481934,16.22380142211914,17.244471015930174,427.31384859087433,309.8166193080526,,[927.5374755859375],[2377.64351272583],,30,1.0,1.0,0,0,30,20,True,"[[30, 30, 30, 30, 30, 30, 30, 30]]",0.8363892952524071,0.7164155941755544,,/data/home/hliu148/mirage/results/qwen3_3d_identical_b1_b64_repeat1/b8_in128_out128/summary.json
8,128,256,128,255,1,0,512,8,8,False,0.5625,93.3447265625,completed,,Qwen/Qwen3-8B,identical,104945a9e49140f8a4544a6003d93fd5824b05157916d746cf9ed6eac6d70067,cec73259ef6b1952599c9ec97de94f12f18e6321,NVIDIA H100 NVL,590.48.01,2.6.0+cu124,12.4,4.57.1,0.7.0,normal,NORMAL,NORMAL,one_prefill_phase_then_decode,387.6610412597656,4054.7861757278442,4442.44721698761,,,15.901122257756253,15.803359985351562,15.921401405334473,16.42641654968262,503.1091435132988,461.0071656380272,,[387.6610412597656],[4054.7861757278442],,,,,0,0,30,20,True,,1.0,1.0,,/data/home/hliu148/mirage/results/qwen3_3d_identical_b1_b64_repeat1/b8_in128_out256/summary.json
8,128,256,128,255,1,0,512,8,8,False,0.5625,93.3447265625,completed,,Qwen/Qwen3-8B,identical,104945a9e49140f8a4544a6003d93fd5824b05157916d746cf9ed6eac6d70067,cec73259ef6b1952599c9ec97de94f12f18e6321,NVIDIA H100 NVL,590.48.01,2.6.0+cu124,12.4,4.57.1,0.7.0,always,MPK,MPK,split_two_mpk_launches,928.8807983398438,1648.255615234375,2577.1364135742188,,,6.4637475107230395,,,,1237.6721068897562,794.6804791600605,,[928.8807983398438],[1648.255615234375],,27,0.9,1.0,0,0,30,20,True,"[[27, 27, 27, 27, 27, 27, 27, 27]]",2.460046935833597,1.7237920327338823,,/data/home/hliu148/mirage/results/qwen3_3d_identical_b1_b64_repeat1/b8_in128_out256/summary.json
8,128,256,128,255,1,0,512,8,8,False,0.5625,93.3447265625,completed,,Qwen/Qwen3-8B,identical,104945a9e49140f8a4544a6003d93fd5824b05157916d746cf9ed6eac6d70067,cec73259ef6b1952599c9ec97de94f12f18e6321,NVIDIA H100 NVL,590.48.01,2.6.0+cu124,12.4,4.57.1,0.7.0,always-continuous,MPK,MPK,continuous_one_mpk_launch,,,,3650.498291015625,561.0193011294945,,,,,,,,,,[3650.498291015625],27,0.9,1.0,0,0,30,20,True,"[[27, 27, 27, 27, 27, 27, 27, 27]]",,,1.2169426918843051,/data/home/hliu148/mirage/results/qwen3_3d_identical_b1_b64_repeat1/b8_in128_out256/summary.json
8,128,256,128,255,1,0,512,8,8,False,0.5625,93.3447265625,completed,,Qwen/Qwen3-8B,identical,104945a9e49140f8a4544a6003d93fd5824b05157916d746cf9ed6eac6d70067,cec73259ef6b1952599c9ec97de94f12f18e6321,NVIDIA H100 NVL,590.48.01,2.6.0+cu124,12.4,4.57.1,0.7.0,decode-only,NORMAL,MPK,one_prefill_phase_then_decode,370.14825439453125,1656.50830078125,2026.6565551757812,,,6.496110983455883,,,,1231.506053448622,1010.5313575552359,,[370.14825439453125],[1656.50830078125],,27,0.9,1.0,0,0,30,20,True,"[[27, 27, 27, 27, 27, 27, 27, 27]]",2.44779103963168,2.1920079184814303,,/data/home/hliu148/mirage/results/qwen3_3d_identical_b1_b64_repeat1/b8_in128_out256/summary.json
8,128,256,128,255,1,0,512,8,8,False,0.5625,93.3447265625,completed,,Qwen/Qwen3-8B,identical,104945a9e49140f8a4544a6003d93fd5824b05157916d746cf9ed6eac6d70067,cec73259ef6b1952599c9ec97de94f12f18e6321,NVIDIA H100 NVL,590.48.01,2.6.0+cu124,12.4,4.57.1,0.7.0,prefill-only,MPK,NORMAL,one_prefill_phase_then_decode,928.1907958984375,4508.603004455566,5436.793800354004,,,17.68079609590418,16.246496200561523,16.412300872802735,17.311384658813477,452.4683140174456,376.6926014127388,,[928.1907958984375],[4508.603004455566],,30,1.0,1.0,0,0,30,20,True,"[[30, 30, 30, 30, 30, 30, 30, 30]]",0.8993442473690312,0.8171079095731661,,/data/home/hliu148/mirage/results/qwen3_3d_identical_b1_b64_repeat1/b8_in128_out256/summary.json
8,128,512,128,511,1,0,1024,8,8,False,1.125,93.3447265625,completed,,Qwen/Qwen3-8B,identical,104945a9e49140f8a4544a6003d93fd5824b05157916d746cf9ed6eac6d70067,cec73259ef6b1952599c9ec97de94f12f18e6321,NVIDIA H100 NVL,590.48.01,2.6.0+cu124,12.4,4.57.1,0.7.0,normal,NORMAL,NORMAL,one_prefill_phase_then_decode,377.82135009765625,7991.783655166626,8369.605005264282,,,15.639498346705725,15.593855857849121,15.707967758178711,15.98030433654785,511.52535859215106,489.3898812935274,,[377.82135009765625],[7991.783655166626],,,,,0,0,30,20,True,,1.0,1.0,,/data/home/hliu148/mirage/results/qwen3_3d_identical_b1_b64_repeat1/b8_in128_out512/summary.json
8,128,512,128,511,1,0,1024,8,8,False,1.125,93.3447265625,completed,,Qwen/Qwen3-8B,identical,104945a9e49140f8a4544a6003d93fd5824b05157916d746cf9ed6eac6d70067,cec73259ef6b1952599c9ec97de94f12f18e6321,NVIDIA H100 NVL,590.48.01,2.6.0+cu124,12.4,4.57.1,0.7.0,always,MPK,MPK,split_two_mpk_launches,927.8118286132812,3366.731201171875,4294.543029785156,,,6.588515070786448,,,,1214.234150495017,953.7685317371034,,[927.8118286132812],[3366.731201171875],,27,0.9,1.0,0,0,30,20,True,"[[27, 27, 27, 27, 27, 27, 27, 27]]",2.373751623647556,1.9488930363990298,,/data/home/hliu148/mirage/results/qwen3_3d_identical_b1_b64_repeat1/b8_in128_out512/summary.json
8,128,512,128,511,1,0,1024,8,8,False,1.125,93.3447265625,completed,,Qwen/Qwen3-8B,identical,104945a9e49140f8a4544a6003d93fd5824b05157916d746cf9ed6eac6d70067,cec73259ef6b1952599c9ec97de94f12f18e6321,NVIDIA H100 NVL,590.48.01,2.6.0+cu124,12.4,4.57.1,0.7.0,always-continuous,MPK,MPK,continuous_one_mpk_launch,,,,5716.94970703125,716.4659844676172,,,,,,,,,,[5716.94970703125],27,0.9,1.0,0,0,30,20,True,"[[27, 27, 27, 27, 27, 27, 27, 27]]",,,1.463998361743596,/data/home/hliu148/mirage/results/qwen3_3d_identical_b1_b64_repeat1/b8_in128_out512/summary.json
8,128,512,128,511,1,0,1024,8,8,False,1.125,93.3447265625,completed,,Qwen/Qwen3-8B,identical,104945a9e49140f8a4544a6003d93fd5824b05157916d746cf9ed6eac6d70067,cec73259ef6b1952599c9ec97de94f12f18e6321,NVIDIA H100 NVL,590.48.01,2.6.0+cu124,12.4,4.57.1,0.7.0,decode-only,NORMAL,MPK,one_prefill_phase_then_decode,364.57525634765625,3354.14794921875,3718.7232055664062,,,6.563890311582681,,,,1218.7894099758419,1101.453314371143,,[364.57525634765625],[3354.14794921875],,27,0.9,1.0,0,0,30,20,True,"[[27, 27, 27, 27, 27, 27, 27, 27]]",2.382656870287453,2.250666302008216,,/data/home/hliu148/mirage/results/qwen3_3d_identical_b1_b64_repeat1/b8_in128_out512/summary.json
8,128,512,128,511,1,0,1024,8,8,False,1.125,93.3447265625,completed,,Qwen/Qwen3-8B,identical,104945a9e49140f8a4544a6003d93fd5824b05157916d746cf9ed6eac6d70067,cec73259ef6b1952599c9ec97de94f12f18e6321,NVIDIA H100 NVL,590.48.01,2.6.0+cu124,12.4,4.57.1,0.7.0,prefill-only,MPK,NORMAL,one_prefill_phase_then_decode,923.6063842773438,8513.599946975708,9437.206331253052,,,16.660665258269486,15.9716796875,16.116416931152344,16.83857021331787,480.17290282146547,434.0267507382285,,[923.6063842773438],[8513.599946975708],,30,1.0,1.0,0,0,30,20,True,"[[30, 30, 30, 30, 30, 30, 30, 30]]",0.9387079149761498,0.8868731604973804,,/data/home/hliu148/mirage/results/qwen3_3d_identical_b1_b64_repeat1/b8_in128_out512/summary.json
8,256,16,256,15,1,0,512,8,8,False,0.5625,93.3447265625,completed,,Qwen/Qwen3-8B,identical,e9db77061d5d588f983f50eae7e14a3f9247d20ca04a17a752bcfe804082507d,cec73259ef6b1952599c9ec97de94f12f18e6321,NVIDIA H100 NVL,590.48.01,2.6.0+cu124,12.4,4.57.1,0.7.0,normal,NORMAL,NORMAL,one_prefill_phase_then_decode,425.9326171875,261.3318119049072,687.2644290924072,,,17.422120793660483,16.096864700317383,16.281690216064455,32.966312484741195,459.186346756993,186.24563498657307,,[425.9326171875],[261.3318119049072],,,,,0,0,16,11,True,,1.0,1.0,,/data/home/hliu148/mirage/results/qwen3_3d_identical_b1_b64_repeat1/b8_in256_out16/summary.json
8,256,16,256,15,1,0,512,8,8,False,0.5625,93.3447265625,completed,,Qwen/Qwen3-8B,identical,e9db77061d5d588f983f50eae7e14a3f9247d20ca04a17a752bcfe804082507d,cec73259ef6b1952599c9ec97de94f12f18e6321,NVIDIA H100 NVL,590.48.01,2.6.0+cu124,12.4,4.57.1,0.7.0,always,MPK,MPK,split_two_mpk_launches,1876.8436279296875,97.50179290771484,1974.3454208374023,,,6.500119527180989,,,,1230.746598819774,64.83161388533009,,[1876.8436279296875],[97.50179290771484],,16,1.0,1.0,0,0,16,11,True,"[[16, 16, 16, 16, 16, 16, 16, 16]]",2.6802769888781124,0.34809736018781845,,/data/home/hliu148/mirage/results/qwen3_3d_identical_b1_b64_repeat1/b8_in256_out16/summary.json
8,256,16,256,15,1,0,512,8,8,False,0.5625,93.3447265625,completed,,Qwen/Qwen3-8B,identical,e9db77061d5d588f983f50eae7e14a3f9247d20ca04a17a752bcfe804082507d,cec73259ef6b1952599c9ec97de94f12f18e6321,NVIDIA H100 NVL,590.48.01,2.6.0+cu124,12.4,4.57.1,0.7.0,always-continuous,MPK,MPK,continuous_one_mpk_launch,,,,2050.52392578125,62.4230707043479,,,,,,,,,,[2050.52392578125],16,1.0,1.0,0,0,16,11,True,"[[16, 16, 16, 16, 16, 16, 16, 16]]",,,0.33516528163920806,/data/home/hliu148/mirage/results/qwen3_3d_identical_b1_b64_repeat1/b8_in256_out16/summary.json
8,256,16,256,15,1,0,512,8,8,False,0.5625,93.3447265625,completed,,Qwen/Qwen3-8B,identical,e9db77061d5d588f983f50eae7e14a3f9247d20ca04a17a752bcfe804082507d,cec73259ef6b1952599c9ec97de94f12f18e6321,NVIDIA H100 NVL,590.48.01,2.6.0+cu124,12.4,4.57.1,0.7.0,decode-only,NORMAL,MPK,one_prefill_phase_then_decode,398.88433837890625,104.51615905761719,503.40049743652344,,,6.967743937174479,,,,1148.147818308621,254.27070623055997,,[398.88433837890625],[104.51615905761719],,16,1.0,1.0,0,0,16,11,True,"[[16, 16, 16, 16, 16, 16, 16, 16]]",2.500396247443818,1.3652438418161639,,/data/home/hliu148/mirage/results/qwen3_3d_identical_b1_b64_repeat1/b8_in256_out16/summary.json
8,256,16,256,15,1,0,512,8,8,False,0.5625,93.3447265625,completed,,Qwen/Qwen3-8B,identical,e9db77061d5d588f983f50eae7e14a3f9247d20ca04a17a752bcfe804082507d,cec73259ef6b1952599c9ec97de94f12f18e6321,NVIDIA H100 NVL,590.48.01,2.6.0+cu124,12.4,4.57.1,0.7.0,prefill-only,MPK,NORMAL,one_prefill_phase_then_decode,1876.248779296875,588.7457752227783,2464.9945545196533,,,39.24971834818522,16.119775772094727,16.791674041748045,313.9625016784666,203.82311865353535,51.92709240079559,,[1876.248779296875],[588.7457752227783],,16,1.0,1.0,0,0,16,11,True,"[[16, 16, 16, 16, 16, 16, 16, 16]]",0.44387887421531075,0.2788097149473551,,/data/home/hliu148/mirage/results/qwen3_3d_identical_b1_b64_repeat1/b8_in256_out16/summary.json
8,256,32,256,31,1,0,512,8,8,False,0.5625,93.3447265625,completed,,Qwen/Qwen3-8B,identical,e9db77061d5d588f983f50eae7e14a3f9247d20ca04a17a752bcfe804082507d,cec73259ef6b1952599c9ec97de94f12f18e6321,NVIDIA H100 NVL,590.48.01,2.6.0+cu124,12.4,4.57.1,0.7.0,normal,NORMAL,NORMAL,one_prefill_phase_then_decode,425.45574951171875,524.438268661499,949.8940181732178,,,16.917363505209646,16.24188804626465,16.343040466308594,30.63439693450926,472.88692458115156,269.50374999973644,,[425.45574951171875],[524.438268661499],,,,,0,0,30,20,True,,1.0,1.0,,/data/home/hliu148/mirage/results/qwen3_3d_identical_b1_b64_repeat1/b8_in256_out32/summary.json
8,256,32,256,31,1,0,512,8,8,False,0.5625,93.3447265625,completed,,Qwen/Qwen3-8B,identical,e9db77061d5d588f983f50eae7e14a3f9247d20ca04a17a752bcfe804082507d,cec73259ef6b1952599c9ec97de94f12f18e6321,NVIDIA H100 NVL,590.48.01,2.6.0+cu124,12.4,4.57.1,0.7.0,always,MPK,MPK,split_two_mpk_launches,1866.0223388671875,201.29136657714844,2067.313705444336,,,6.4932698895854335,,,,1232.0448920244658,123.83219795129105,,[1866.0223388671875],[201.29136657714844],,30,1.0,1.0,0,0,30,20,True,"[[30, 30, 30, 30, 30, 30, 30, 30]]",2.605368911639332,0.4594822816061451,,/data/home/hliu148/mirage/results/qwen3_3d_identical_b1_b64_repeat1/b8_in256_out32/summary.json
8,256,32,256,31,1,0,512,8,8,False,0.5625,93.3447265625,completed,,Qwen/Qwen3-8B,identical,e9db77061d5d588f983f50eae7e14a3f9247d20ca04a17a752bcfe804082507d,cec73259ef6b1952599c9ec97de94f12f18e6321,NVIDIA H100 NVL,590.48.01,2.6.0+cu124,12.4,4.57.1,0.7.0,always-continuous,MPK,MPK,continuous_one_mpk_launch,,,,2225.022216796875,115.05503094190927,,,,,,,,,,[2225.022216796875],30,1.0,1.0,0,0,30,20,True,"[[30, 30, 30, 30, 30, 30, 30, 30]]",,,0.4269143970798988,/data/home/hliu148/mirage/results/qwen3_3d_identical_b1_b64_repeat1/b8_in256_out32/summary.json
8,256,32,256,31,1,0,512,8,8,False,0.5625,93.3447265625,completed,,Qwen/Qwen3-8B,identical,e9db77061d5d588f983f50eae7e14a3f9247d20ca04a17a752bcfe804082507d,cec73259ef6b1952599c9ec97de94f12f18e6321,NVIDIA H100 NVL,590.48.01,2.6.0+cu124,12.4,4.57.1,0.7.0,decode-only,NORMAL,MPK,one_prefill_phase_then_decode,396.5126037597656,208.97109985351562,605.4837036132812,,,6.741003221081149,,,,1186.7669748297387,422.80246102792825,,[396.5126037597656],[208.97109985351562],,30,1.0,1.0,0,0,30,20,True,"[[30, 30, 30, 30, 30, 30, 30, 30]]",2.5096210386465847,1.5688184710911877,,/data/home/hliu148/mirage/results/qwen3_3d_identical_b1_b64_repeat1/b8_in256_out32/summary.json
8,256,32,256,31,1,0,512,8,8,False,0.5625,93.3447265625,completed,,Qwen/Qwen3-8B,identical,e9db77061d5d588f983f50eae7e14a3f9247d20ca04a17a752bcfe804082507d,cec73259ef6b1952599c9ec97de94f12f18e6321,NVIDIA H100 NVL,590.48.01,2.6.0+cu124,12.4,4.57.1,0.7.0,prefill-only,MPK,NORMAL,one_prefill_phase_then_decode,1872.3385009765625,849.0701217651367,2721.408622741699,,,27.389358766617313,16.09382438659668,16.183168411254883,260.88332252502414,292.0842385602162,94.06893101635406,,[1872.3385009765625],[849.0701217651367],,30,1.0,1.0,0,0,30,20,True,"[[30, 30, 30, 30, 30, 30, 30, 30]]",0.6176619047331937,0.3490449799546242,,/data/home/hliu148/mirage/results/qwen3_3d_identical_b1_b64_repeat1/b8_in256_out32/summary.json
8,256,64,256,63,1,0,512,8,8,False,0.5625,93.3447265625,completed,,Qwen/Qwen3-8B,identical,e9db77061d5d588f983f50eae7e14a3f9247d20ca04a17a752bcfe804082507d,cec73259ef6b1952599c9ec97de94f12f18e6321,NVIDIA H100 NVL,590.48.01,2.6.0+cu124,12.4,4.57.1,0.7.0,normal,NORMAL,NORMAL,one_prefill_phase_then_decode,427.0215148925781,1021.322268486023,1448.343783378601,,,16.21146457914322,15.8602876663208,16.02930603027344,24.61720996856694,493.47793106196957,353.5072307250424,,[427.0215148925781],[1021.322268486023],,,,,0,0,30,20,True,,1.0,1.0,,/data/home/hliu148/mirage/results/qwen3_3d_identical_b1_b64_repeat1/b8_in256_out64/summary.json
8,256,64,256,63,1,0,512,8,8,False,0.5625,93.3447265625,completed,,Qwen/Qwen3-8B,identical,e9db77061d5d588f983f50eae7e14a3f9247d20ca04a17a752bcfe804082507d,cec73259ef6b1952599c9ec97de94f12f18e6321,NVIDIA H100 NVL,590.48.01,2.6.0+cu124,12.4,4.57.1,0.7.0,always,MPK,MPK,split_two_mpk_launches,1871.5616455078125,409.2637023925781,2280.8253479003906,,,6.496249244326637,,,,1231.4798430781627,224.48014288832795,,[1871.5616455078125],[409.2637023925781],,30,1.0,1.0,0,0,30,20,True,"[[30, 30, 30, 30, 30, 30, 30, 30]]",2.495511481998811,0.6350086317270506,,/data/home/hliu148/mirage/results/qwen3_3d_identical_b1_b64_repeat1/b8_in256_out64/summary.json
8,256,64,256,63,1,0,512,8,8,False,0.5625,93.3447265625,completed,,Qwen/Qwen3-8B,identical,e9db77061d5d588f983f50eae7e14a3f9247d20ca04a17a752bcfe804082507d,cec73259ef6b1952599c9ec97de94f12f18e6321,NVIDIA H100 NVL,590.48.01,2.6.0+cu124,12.4,4.57.1,0.7.0,always-continuous,MPK,MPK,continuous_one_mpk_launch,,,,2585.103271484375,198.05785155577473,,,,,,,,,,[2585.103271484375],30,1.0,1.0,0,0,30,20,True,"[[30, 30, 30, 30, 30, 30, 30, 30]]",,,0.5602653477541565,/data/home/hliu148/mirage/results/qwen3_3d_identical_b1_b64_repeat1/b8_in256_out64/summary.json
8,256,64,256,63,1,0,512,8,8,False,0.5625,93.3447265625,completed,,Qwen/Qwen3-8B,identical,e9db77061d5d588f983f50eae7e14a3f9247d20ca04a17a752bcfe804082507d,cec73259ef6b1952599c9ec97de94f12f18e6321,NVIDIA H100 NVL,590.48.01,2.6.0+cu124,12.4,4.57.1,0.7.0,decode-only,NORMAL,MPK,one_prefill_phase_then_decode,401.9712219238281,417.65838623046875,819.6296081542969,,,6.629498194134425,,,,1206.7278345558873,624.672406787451,,[401.9712219238281],[417.65838623046875],,30,1.0,1.0,0,0,30,20,True,"[[30, 30, 30, 30, 30, 30, 30, 30]]",2.445353193321121,1.7670710879272524,,/data/home/hliu148/mirage/results/qwen3_3d_identical_b1_b64_repeat1/b8_in256_out64/summary.json
8,256,64,256,63,1,0,512,8,8,False,0.5625,93.3447265625,completed,,Qwen/Qwen3-8B,identical,e9db77061d5d588f983f50eae7e14a3f9247d20ca04a17a752bcfe804082507d,cec73259ef6b1952599c9ec97de94f12f18e6321,NVIDIA H100 NVL,590.48.01,2.6.0+cu124,12.4,4.57.1,0.7.0,prefill-only,MPK,NORMAL,one_prefill_phase_then_decode,1872.0274658203125,1373.2595767974854,3245.287042617798,,,21.797771060277544,16.024864196777344,16.149606704711914,154.50239257812592,367.0100019803648,157.76724624857752,,[1872.0274658203125],[1373.2595767974854],,30,1.0,1.0,0,0,30,20,True,"[[30, 30, 30, 30, 30, 30, 30, 30]]",0.7437212059119959,0.4462914264157972,,/data/home/hliu148/mirage/results/qwen3_3d_identical_b1_b64_repeat1/b8_in256_out64/summary.json
8,256,128,256,127,1,0,512,8,8,False,0.5625,93.3447265625,completed,,Qwen/Qwen3-8B,identical,e9db77061d5d588f983f50eae7e14a3f9247d20ca04a17a752bcfe804082507d,cec73259ef6b1952599c9ec97de94f12f18e6321,NVIDIA H100 NVL,590.48.01,2.6.0+cu124,12.4,4.57.1,0.7.0,normal,NORMAL,NORMAL,one_prefill_phase_then_decode,423.3119812011719,2024.7831010818481,2448.09508228302,,,15.94317402426652,15.750335693359375,15.893638038635254,17.51181652069091,501.7821412363368,418.2844070929828,,[423.3119812011719],[2024.7831010818481],,,,,0,0,30,20,True,,1.0,1.0,,/data/home/hliu148/mirage/results/qwen3_3d_identical_b1_b64_repeat1/b8_in256_out128/summary.json
8,256,128,256,127,1,0,512,8,8,False,0.5625,93.3447265625,completed,,Qwen/Qwen3-8B,identical,e9db77061d5d588f983f50eae7e14a3f9247d20ca04a17a752bcfe804082507d,cec73259ef6b1952599c9ec97de94f12f18e6321,NVIDIA H100 NVL,590.48.01,2.6.0+cu124,12.4,4.57.1,0.7.0,always,MPK,MPK,split_two_mpk_launches,1869.013427734375,820.6290893554688,2689.6425170898438,,,6.4616463728777065,,,,1238.0745615512822,380.7197400745858,,[1869.013427734375],[820.6290893554688],,30,1.0,1.0,0,0,30,20,True,"[[30, 30, 30, 30, 30, 30, 30, 30]]",2.4673547737286956,0.9101934798873663,,/data/home/hliu148/mirage/results/qwen3_3d_identical_b1_b64_repeat1/b8_in256_out128/summary.json
8,256,128,256,127,1,0,512,8,8,False,0.5625,93.3447265625,completed,,Qwen/Qwen3-8B,identical,e9db77061d5d588f983f50eae7e14a3f9247d20ca04a17a752bcfe804082507d,cec73259ef6b1952599c9ec97de94f12f18e6321,NVIDIA H100 NVL,590.48.01,2.6.0+cu124,12.4,4.57.1,0.7.0,always-continuous,MPK,MPK,continuous_one_mpk_launch,,,,3281.5625,312.04647176459383,,,,,,,,,,[3281.5625],30,1.0,1.0,0,0,30,20,True,"[[30, 30, 30, 30, 30, 30, 30, 30]]",,,0.7460150712604194,/data/home/hliu148/mirage/results/qwen3_3d_identical_b1_b64_repeat1/b8_in256_out128/summary.json
8,256,128,256,127,1,0,512,8,8,False,0.5625,93.3447265625,completed,,Qwen/Qwen3-8B,identical,e9db77061d5d588f983f50eae7e14a3f9247d20ca04a17a752bcfe804082507d,cec73259ef6b1952599c9ec97de94f12f18e6321,NVIDIA H100 NVL,590.48.01,2.6.0+cu124,12.4,4.57.1,0.7.0,decode-only,NORMAL,MPK,one_prefill_phase_then_decode,401.0896301269531,832.6392211914062,1233.7288513183594,,,6.556214340089813,,,,1220.2163603898296,830.0040960424622,,[401.0896301269531],[832.6392211914062],,30,1.0,1.0,0,0,30,20,True,"[[30, 30, 30, 30, 30, 30, 30, 30]]",2.431765222619021,1.9843056111292139,,/data/home/hliu148/mirage/results/qwen3_3d_identical_b1_b64_repeat1/b8_in256_out128/summary.json
8,256,128,256,127,1,0,512,8,8,False,0.5625,93.3447265625,completed,,Qwen/Qwen3-8B,identical,e9db77061d5d588f983f50eae7e14a3f9247d20ca04a17a752bcfe804082507d,cec73259ef6b1952599c9ec97de94f12f18e6321,NVIDIA H100 NVL,590.48.01,2.6.0+cu124,12.4,4.57.1,0.7.0,prefill-only,MPK,NORMAL,one_prefill_phase_then_decode,1873.1925048828125,2363.7830448150635,4236.975549697876,,,18.61246491980365,15.867136001586914,16.033267211914062,16.979923553466794,429.8194803573817,241.68182893408905,,[1873.1925048828125],[2363.7830448150635],,30,1.0,1.0,0,0,30,20,True,"[[30, 30, 30, 30, 30, 30, 30, 30]]",0.8565858467946926,0.5777930633698335,,/data/home/hliu148/mirage/results/qwen3_3d_identical_b1_b64_repeat1/b8_in256_out128/summary.json
8,256,256,256,255,1,0,512,8,8,False,0.5625,93.3447265625,completed,,Qwen/Qwen3-8B,identical,e9db77061d5d588f983f50eae7e14a3f9247d20ca04a17a752bcfe804082507d,cec73259ef6b1952599c9ec97de94f12f18e6321,NVIDIA H100 NVL,590.48.01,2.6.0+cu124,12.4,4.57.1,0.7.0,normal,NORMAL,NORMAL,one_prefill_phase_then_decode,456.8916015625,4042.815552711487,4499.707154273987,,,15.854178638084262,15.76364803314209,15.891327857971191,16.369161643981936,504.59883054318095,455.14073022612916,,[456.8916015625],[4042.815552711487],,,,,0,0,30,20,True,,1.0,1.0,,/data/home/hliu148/mirage/results/qwen3_3d_identical_b1_b64_repeat1/b8_in256_out256/summary.json
8,256,256,256,255,1,0,512,8,8,False,0.5625,93.3447265625,completed,,Qwen/Qwen3-8B,identical,e9db77061d5d588f983f50eae7e14a3f9247d20ca04a17a752bcfe804082507d,cec73259ef6b1952599c9ec97de94f12f18e6321,NVIDIA H100 NVL,590.48.01,2.6.0+cu124,12.4,4.57.1,0.7.0,always,MPK,MPK,split_two_mpk_launches,1862.385498046875,1680.42138671875,3542.806884765625,,,6.589887791053922,,,,1213.981216927604,578.0727165250177,,[1862.385498046875],[1680.42138671875],,30,1.0,1.0,0,0,30,20,True,"[[30, 30, 30, 30, 30, 30, 30, 30]]",2.4058343845561443,1.270096649530381,,/data/home/hliu148/mirage/results/qwen3_3d_identical_b1_b64_repeat1/b8_in256_out256/summary.json
8,256,256,256,255,1,0,512,8,8,False,0.5625,93.3447265625,completed,,Qwen/Qwen3-8B,identical,e9db77061d5d588f983f50eae7e14a3f9247d20ca04a17a752bcfe804082507d,cec73259ef6b1952599c9ec97de94f12f18e6321,NVIDIA H100 NVL,590.48.01,2.6.0+cu124,12.4,4.57.1,0.7.0,always-continuous,MPK,MPK,continuous_one_mpk_launch,,,,4617.0986328125,443.5686050640992,,,,,,,,,,[4617.0986328125],30,1.0,1.0,0,0,30,20,True,"[[30, 30, 30, 30, 30, 30, 30, 30]]",,,0.9745746218839159,/data/home/hliu148/mirage/results/qwen3_3d_identical_b1_b64_repeat1/b8_in256_out256/summary.json
8,256,256,256,255,1,0,512,8,8,False,0.5625,93.3447265625,completed,,Qwen/Qwen3-8B,identical,e9db77061d5d588f983f50eae7e14a3f9247d20ca04a17a752bcfe804082507d,cec73259ef6b1952599c9ec97de94f12f18e6321,NVIDIA H100 NVL,590.48.01,2.6.0+cu124,12.4,4.57.1,0.7.0,decode-only,NORMAL,MPK,one_prefill_phase_then_decode,402.3024597167969,1692.037353515625,2094.339813232422,,,6.635440602022059,,,,1205.6471423407982,977.8737848845548,,[402.3024597167969],[1692.037353515625],,30,1.0,1.0,0,0,30,20,True,"[[30, 30, 30, 30, 30, 30, 30, 30]]",2.389318146145852,2.148508625889655,,/data/home/hliu148/mirage/results/qwen3_3d_identical_b1_b64_repeat1/b8_in256_out256/summary.json
8,256,256,256,255,1,0,512,8,8,False,0.5625,93.3447265625,completed,,Qwen/Qwen3-8B,identical,e9db77061d5d588f983f50eae7e14a3f9247d20ca04a17a752bcfe804082507d,cec73259ef6b1952599c9ec97de94f12f18e6321,NVIDIA H100 NVL,590.48.01,2.6.0+cu124,12.4,4.57.1,0.7.0,prefill-only,MPK,NORMAL,one_prefill_phase_then_decode,1871.327392578125,4377.983908653259,6249.311301231384,,,17.16856434765984,15.798463821411133,15.960678482055664,16.586931304931642,465.96790727527775,327.71611162920556,,[1871.327392578125],[4377.983908653259],,30,1.0,1.0,0,0,30,20,True,"[[30, 30, 30, 30, 30, 30, 30, 30]]",0.923442305194567,0.7200324863617132,,/data/home/hliu148/mirage/results/qwen3_3d_identical_b1_b64_repeat1/b8_in256_out256/summary.json
8,256,512,256,511,1,0,1024,8,8,False,1.125,93.3447265625,completed,,Qwen/Qwen3-8B,identical,e9db77061d5d588f983f50eae7e14a3f9247d20ca04a17a752bcfe804082507d,cec73259ef6b1952599c9ec97de94f12f18e6321,NVIDIA H100 NVL,590.48.01,2.6.0+cu124,12.4,4.57.1,0.7.0,normal,NORMAL,NORMAL,one_prefill_phase_then_decode,431.2628479003906,8121.246227264404,8552.509075164795,,,15.892849759812924,15.845855712890625,15.961631774902344,16.445117568969724,503.3710203584136,478.92378295092027,,[431.2628479003906],[8121.246227264404],,,,,0,0,30,20,True,,1.0,1.0,,/data/home/hliu148/mirage/results/qwen3_3d_identical_b1_b64_repeat1/b8_in256_out512/summary.json
8,256,512,256,511,1,0,1024,8,8,False,1.125,93.3447265625,completed,,Qwen/Qwen3-8B,identical,e9db77061d5d588f983f50eae7e14a3f9247d20ca04a17a752bcfe804082507d,cec73259ef6b1952599c9ec97de94f12f18e6321,NVIDIA H100 NVL,590.48.01,2.6.0+cu124,12.4,4.57.1,0.7.0,always,MPK,MPK,split_two_mpk_launches,1873.06396484375,3434.712646484375,5307.776611328125,,,6.721551167288405,,,,1190.201458099938,771.6978878233326,,[1873.06396484375],[3434.712646484375],,30,1.0,1.0,0,0,30,20,True,"[[30, 30, 30, 30, 30, 30, 30, 30]]",2.364461619686574,1.61131669650746,,/data/home/hliu148/mirage/results/qwen3_3d_identical_b1_b64_repeat1/b8_in256_out512/summary.json
8,256,512,256,511,1,0,1024,8,8,False,1.125,93.3447265625,completed,,Qwen/Qwen3-8B,identical,e9db77061d5d588f983f50eae7e14a3f9247d20ca04a17a752bcfe804082507d,cec73259ef6b1952599c9ec97de94f12f18e6321,NVIDIA H100 NVL,590.48.01,2.6.0+cu124,12.4,4.57.1,0.7.0,always-continuous,MPK,MPK,continuous_one_mpk_launch,,,,7636.41650390625,536.3772389712866,,,,,,,,,,[7636.41650390625],30,1.0,1.0,0,0,30,20,True,"[[30, 30, 30, 30, 30, 30, 30, 30]]",,,1.1199636728549232,/data/home/hliu148/mirage/results/qwen3_3d_identical_b1_b64_repeat1/b8_in256_out512/summary.json
8,256,512,256,511,1,0,1024,8,8,False,1.125,93.3447265625,completed,,Qwen/Qwen3-8B,identical,e9db77061d5d588f983f50eae7e14a3f9247d20ca04a17a752bcfe804082507d,cec73259ef6b1952599c9ec97de94f12f18e6321,NVIDIA H100 NVL,590.48.01,2.6.0+cu124,12.4,4.57.1,0.7.0,decode-only,NORMAL,MPK,one_prefill_phase_then_decode,400.74334716796875,3448.218994140625,3848.9623413085938,,,6.747982376009051,,,,1185.5395515616963,1064.1829243274478,,[400.74334716796875],[3448.218994140625],,30,1.0,1.0,0,0,30,20,True,"[[30, 30, 30, 30, 30, 30, 30, 30]]",2.355200247160753,2.2220298139516377,,/data/home/hliu148/mirage/results/qwen3_3d_identical_b1_b64_repeat1/b8_in256_out512/summary.json
8,256,512,256,511,1,0,1024,8,8,False,1.125,93.3447265625,completed,,Qwen/Qwen3-8B,identical,e9db77061d5d588f983f50eae7e14a3f9247d20ca04a17a752bcfe804082507d,cec73259ef6b1952599c9ec97de94f12f18e6321,NVIDIA H100 NVL,590.48.01,2.6.0+cu124,12.4,4.57.1,0.7.0,prefill-only,MPK,NORMAL,one_prefill_phase_then_decode,1860.87890625,8429.735502243042,10290.614408493042,,,16.49654697112141,15.807007789611816,15.923583984375,16.505433464050288,484.9499725005888,398.03259916332036,,[1860.87890625],[8429.735502243042],,30,1.0,1.0,0,0,30,20,True,"[[30, 30, 30, 30, 30, 30, 30, 30]]",0.9634046317471583,0.8310980020888009,,/data/home/hliu148/mirage/results/qwen3_3d_identical_b1_b64_repeat1/b8_in256_out512/summary.json
8,512,16,512,15,1,0,1024,8,8,False,1.125,93.3447265625,completed,,Qwen/Qwen3-8B,identical,a62815b29985b5a2e5531c7be84e9089e899f81e0351e0cabfd3642f4f46a583,cec73259ef6b1952599c9ec97de94f12f18e6321,NVIDIA H100 NVL,590.48.01,2.6.0+cu124,12.4,4.57.1,0.7.0,normal,NORMAL,NORMAL,one_prefill_phase_then_decode,503.4668273925781,260.34630489349365,763.8131322860718,,,17.35642032623291,16.00809669494629,16.307461547851563,33.17288185119628,460.9245368360092,167.58025567968372,,[503.4668273925781],[260.34630489349365],,,,,0,0,16,11,True,,1.0,1.0,,/data/home/hliu148/mirage/results/qwen3_3d_identical_b1_b64_repeat1/b8_in512_out16/summary.json
8,512,16,512,15,1,0,1024,8,8,False,1.125,93.3447265625,completed,,Qwen/Qwen3-8B,identical,a62815b29985b5a2e5531c7be84e9089e899f81e0351e0cabfd3642f4f46a583,cec73259ef6b1952599c9ec97de94f12f18e6321,NVIDIA H100 NVL,590.48.01,2.6.0+cu124,12.4,4.57.1,0.7.0,always,MPK,MPK,split_two_mpk_launches,3816.07763671875,101.32575988769531,3917.4033966064453,,,6.7550506591796875,,,,1184.2990383985507,32.674704910626104,,[3816.07763671875],[101.32575988769531],,16,1.0,1.0,0,0,16,11,True,"[[16, 16, 16, 16, 16, 16, 16, 16]]",2.569398987799837,0.1949794430024095,,/data/home/hliu148/mirage/results/qwen3_3d_identical_b1_b64_repeat1/b8_in512_out16/summary.json
8,512,16,512,15,1,0,1024,8,8,False,1.125,93.3447265625,completed,,Qwen/Qwen3-8B,identical,a62815b29985b5a2e5531c7be84e9089e899f81e0351e0cabfd3642f4f46a583,cec73259ef6b1952599c9ec97de94f12f18e6321,NVIDIA H100 NVL,590.48.01,2.6.0+cu124,12.4,4.57.1,0.7.0,always-continuous,MPK,MPK,continuous_one_mpk_launch,,,,3990.42529296875,32.07678144621323,,,,,,,,,,[3990.42529296875],16,1.0,1.0,0,0,16,11,True,"[[16, 16, 16, 16, 16, 16, 16, 16]]",,,0.19141146023506156,/data/home/hliu148/mirage/results/qwen3_3d_identical_b1_b64_repeat1/b8_in512_out16/summary.json
8,512,16,512,15,1,0,1024,8,8,False,1.125,93.3447265625,completed,,Qwen/Qwen3-8B,identical,a62815b29985b5a2e5531c7be84e9089e899f81e0351e0cabfd3642f4f46a583,cec73259ef6b1952599c9ec97de94f12f18e6321,NVIDIA H100 NVL,590.48.01,2.6.0+cu124,12.4,4.57.1,0.7.0,decode-only,NORMAL,MPK,one_prefill_phase_then_decode,479.56689453125,109.5348129272461,589.1017074584961,,,7.302320861816407,,,,1095.5421093356408,217.27996775330678,,[479.56689453125],[109.5348129272461],,16,1.0,1.0,0,0,16,11,True,"[[16, 16, 16, 16, 16, 16, 16, 16]]",2.376836166839649,1.2965725996302337,,/data/home/hliu148/mirage/results/qwen3_3d_identical_b1_b64_repeat1/b8_in512_out16/summary.json
8,512,16,512,15,1,0,1024,8,8,False,1.125,93.3447265625,completed,,Qwen/Qwen3-8B,identical,a62815b29985b5a2e5531c7be84e9089e899f81e0351e0cabfd3642f4f46a583,cec73259ef6b1952599c9ec97de94f12f18e6321,NVIDIA H100 NVL,590.48.01,2.6.0+cu124,12.4,4.57.1,0.7.0,prefill-only,MPK,NORMAL,one_prefill_phase_then_decode,3793.72509765625,588.6882247924805,4382.4133224487305,,,39.24588165283203,16.110496520996094,16.73741455078125,313.8070397949217,203.8430444949046,29.207651260168753,,[3793.72509765625],[588.6882247924805],,16,1.0,1.0,0,0,16,11,True,"[[16, 16, 16, 16, 16, 16, 16, 16]]",0.4422481951040702,0.17429052809178694,,/data/home/hliu148/mirage/results/qwen3_3d_identical_b1_b64_repeat1/b8_in512_out16/summary.json
8,512,32,512,31,1,0,1024,8,8,False,1.125,93.3447265625,completed,,Qwen/Qwen3-8B,identical,a62815b29985b5a2e5531c7be84e9089e899f81e0351e0cabfd3642f4f46a583,cec73259ef6b1952599c9ec97de94f12f18e6321,NVIDIA H100 NVL,590.48.01,2.6.0+cu124,12.4,4.57.1,0.7.0,normal,NORMAL,NORMAL,one_prefill_phase_then_decode,503.0340270996094,521.2228517532349,1024.2568788528442,,,16.813640379136608,16.169151306152344,16.253536224365234,30.50035820007323,475.8041577912472,249.9373011648377,,[503.0340270996094],[521.2228517532349],,,,,0,0,30,20,True,,1.0,1.0,,/data/home/hliu148/mirage/results/qwen3_3d_identical_b1_b64_repeat1/b8_in512_out32/summary.json
8,512,32,512,31,1,0,1024,8,8,False,1.125,93.3447265625,completed,,Qwen/Qwen3-8B,identical,a62815b29985b5a2e5531c7be84e9089e899f81e0351e0cabfd3642f4f46a583,cec73259ef6b1952599c9ec97de94f12f18e6321,NVIDIA H100 NVL,590.48.01,2.6.0+cu124,12.4,4.57.1,0.7.0,always,MPK,MPK,split_two_mpk_launches,3779.737548828125,209.378173828125,3989.11572265625,,,6.754134639616935,,,,1184.4596572113528,64.17462360042444,,[3779.737548828125],[209.378173828125],,30,1.0,1.0,0,0,30,20,True,"[[30, 30, 30, 30, 30, 30, 30, 30]]",2.4893848399933884,0.2567628893379954,,/data/home/hliu148/mirage/results/qwen3_3d_identical_b1_b64_repeat1/b8_in512_out32/summary.json
8,512,32,512,31,1,0,1024,8,8,False,1.125,93.3447265625,completed,,Qwen/Qwen3-8B,identical,a62815b29985b5a2e5531c7be84e9089e899f81e0351e0cabfd3642f4f46a583,cec73259ef6b1952599c9ec97de94f12f18e6321,NVIDIA H100 NVL,590.48.01,2.6.0+cu124,12.4,4.57.1,0.7.0,always-continuous,MPK,MPK,continuous_one_mpk_launch,,,,4186.11328125,61.154580108151485,,,,,,,,,,[4186.11328125],30,1.0,1.0,0,0,30,20,True,"[[30, 30, 30, 30, 30, 30, 30, 30]]",,,0.24467968495754483,/data/home/hliu148/mirage/results/qwen3_3d_identical_b1_b64_repeat1/b8_in512_out32/summary.json
8,512,32,512,31,1,0,1024,8,8,False,1.125,93.3447265625,completed,,Qwen/Qwen3-8B,identical,a62815b29985b5a2e5531c7be84e9089e899f81e0351e0cabfd3642f4f46a583,cec73259ef6b1952599c9ec97de94f12f18e6321,NVIDIA H100 NVL,590.48.01,2.6.0+cu124,12.4,4.57.1,0.7.0,decode-only,NORMAL,MPK,one_prefill_phase_then_decode,477.0204772949219,217.642822265625,694.6632995605469,,,7.020736202116935,,,,1139.4816397727336,368.5238592019313,,[477.0204772949219],[217.642822265625],,30,1.0,1.0,0,0,30,20,True,"[[30, 30, 30, 30, 30, 30, 30, 30]]",2.3948543137209537,1.4744652258163093,,/data/home/hliu148/mirage/results/qwen3_3d_identical_b1_b64_repeat1/b8_in512_out32/summary.json
8,512,32,512,31,1,0,1024,8,8,False,1.125,93.3447265625,completed,,Qwen/Qwen3-8B,identical,a62815b29985b5a2e5531c7be84e9089e899f81e0351e0cabfd3642f4f46a583,cec73259ef6b1952599c9ec97de94f12f18e6321,NVIDIA H100 NVL,590.48.01,2.6.0+cu124,12.4,4.57.1,0.7.0,prefill-only,MPK,NORMAL,one_prefill_phase_then_decode,3794.761962890625,853.0574340820312,4647.819396972656,,,27.517981744581654,16.200511932373047,16.359840393066406,261.45889873504615,290.7189951012747,55.07959284449496,,[3794.761962890625],[853.0574340820312],,30,1.0,1.0,0,0,30,20,True,"[[30, 30, 30, 30, 30, 30, 30, 30]]",0.6110055793771012,0.22037364006010884,,/data/home/hliu148/mirage/results/qwen3_3d_identical_b1_b64_repeat1/b8_in512_out32/summary.json
8,512,64,512,63,1,0,1024,8,8,False,1.125,93.3447265625,completed,,Qwen/Qwen3-8B,identical,a62815b29985b5a2e5531c7be84e9089e899f81e0351e0cabfd3642f4f46a583,cec73259ef6b1952599c9ec97de94f12f18e6321,NVIDIA H100 NVL,590.48.01,2.6.0+cu124,12.4,4.57.1,0.7.0,normal,NORMAL,NORMAL,one_prefill_phase_then_decode,502.5758972167969,1025.506688117981,1528.0825853347778,,,16.27788393838065,15.918911933898926,16.095181274414063,24.7977538299561,491.46437155368073,335.06042468760234,,[502.5758972167969],[1025.506688117981],,,,,0,0,30,20,True,,1.0,1.0,,/data/home/hliu148/mirage/results/qwen3_3d_identical_b1_b64_repeat1/b8_in512_out64/summary.json
8,512,64,512,63,1,0,1024,8,8,False,1.125,93.3447265625,completed,,Qwen/Qwen3-8B,identical,a62815b29985b5a2e5531c7be84e9089e899f81e0351e0cabfd3642f4f46a583,cec73259ef6b1952599c9ec97de94f12f18e6321,NVIDIA H100 NVL,590.48.01,2.6.0+cu124,12.4,4.57.1,0.7.0,always,MPK,MPK,split_two_mpk_launches,3789.385498046875,425.6935729980469,4215.079071044922,,,6.757040841238839,,,,1183.9502214009522,121.46865844513677,,[3789.385498046875],[425.6935729980469],,30,1.0,1.0,0,0,30,20,True,"[[30, 30, 30, 30, 30, 30, 30, 30]]",2.409025536598097,0.36252762037889,,/data/home/hliu148/mirage/results/qwen3_3d_identical_b1_b64_repeat1/b8_in512_out64/summary.json
8,512,64,512,63,1,0,1024,8,8,False,1.125,93.3447265625,completed,,Qwen/Qwen3-8B,identical,a62815b29985b5a2e5531c7be84e9089e899f81e0351e0cabfd3642f4f46a583,cec73259ef6b1952599c9ec97de94f12f18e6321,NVIDIA H100 NVL,590.48.01,2.6.0+cu124,12.4,4.57.1,0.7.0,always-continuous,MPK,MPK,continuous_one_mpk_launch,,,,4567.65576171875,112.09251018674424,,,,,,,,,,[4567.65576171875],6,0.9,0.875,0,0,30,20,True,"[[30, 6, 30, 30, 30, 30, 30, 30]]",,,0.3345441655523927,/data/home/hliu148/mirage/results/qwen3_3d_identical_b1_b64_repeat1/b8_in512_out64/summary.json
8,512,64,512,63,1,0,1024,8,8,False,1.125,93.3447265625,completed,,Qwen/Qwen3-8B,identical,a62815b29985b5a2e5531c7be84e9089e899f81e0351e0cabfd3642f4f46a583,cec73259ef6b1952599c9ec97de94f12f18e6321,NVIDIA H100 NVL,590.48.01,2.6.0+cu124,12.4,4.57.1,0.7.0,decode-only,NORMAL,MPK,one_prefill_phase_then_decode,477.14239501953125,434.0819396972656,911.2243347167969,,,6.890189519004216,,,,1161.0711110245595,561.881394617415,,[477.14239501953125],[434.0819396972656],,30,1.0,1.0,0,0,30,20,True,"[[30, 30, 30, 30, 30, 30, 30, 30]]",2.3624725986830564,1.6769554182392383,,/data/home/hliu148/mirage/results/qwen3_3d_identical_b1_b64_repeat1/b8_in512_out64/summary.json
8,512,64,512,63,1,0,1024,8,8,False,1.125,93.3447265625,completed,,Qwen/Qwen3-8B,identical,a62815b29985b5a2e5531c7be84e9089e899f81e0351e0cabfd3642f4f46a583,cec73259ef6b1952599c9ec97de94f12f18e6321,NVIDIA H100 NVL,590.48.01,2.6.0+cu124,12.4,4.57.1,0.7.0,prefill-only,MPK,NORMAL,one_prefill_phase_then_decode,3815.632568359375,1351.8066205978394,5167.439188957214,,,21.45724794599745,15.899519920349121,16.065523529052733,148.93715362548917,372.83439237566756,99.08195941505046,,[3815.632568359375],[1351.8066205978394],,30,1.0,1.0,0,0,30,20,True,"[[30, 30, 30, 30, 30, 30, 30, 30]]",0.7586193709159735,0.2957137044980192,,/data/home/hliu148/mirage/results/qwen3_3d_identical_b1_b64_repeat1/b8_in512_out64/summary.json
8,512,128,512,127,1,0,1024,8,8,False,1.125,93.3447265625,completed,,Qwen/Qwen3-8B,identical,a62815b29985b5a2e5531c7be84e9089e899f81e0351e0cabfd3642f4f46a583,cec73259ef6b1952599c9ec97de94f12f18e6321,NVIDIA H100 NVL,590.48.01,2.6.0+cu124,12.4,4.57.1,0.7.0,normal,NORMAL,NORMAL,one_prefill_phase_then_decode,506.65277099609375,2038.2500801086426,2544.9028511047363,,,16.04921322920191,15.887840270996094,15.978783798217773,16.271720314025877,498.46680243763086,402.37292341257114,,[506.65277099609375],[2038.2500801086426],,,,,0,0,30,20,True,,1.0,1.0,,/data/home/hliu148/mirage/results/qwen3_3d_identical_b1_b64_repeat1/b8_in512_out128/summary.json
8,512,128,512,127,1,0,1024,8,8,False,1.125,93.3447265625,completed,,Qwen/Qwen3-8B,identical,a62815b29985b5a2e5531c7be84e9089e899f81e0351e0cabfd3642f4f46a583,cec73259ef6b1952599c9ec97de94f12f18e6321,NVIDIA H100 NVL,590.48.01,2.6.0+cu124,12.4,4.57.1,0.7.0,always,MPK,MPK,split_two_mpk_launches,3789.845703125,862.6953125,4652.541015625,,,6.792876476377953,,,,1177.704324201947,220.0947818753277,,[3789.845703125],[862.6953125],,30,1.0,1.0,0,0,30,20,True,"[[30, 30, 30, 30, 30, 30, 30, 30]]",2.362653477508773,0.5469920292068325,,/data/home/hliu148/mirage/results/qwen3_3d_identical_b1_b64_repeat1/b8_in512_out128/summary.json
8,512,128,512,127,1,0,1024,8,8,False,1.125,93.3447265625,completed,,Qwen/Qwen3-8B,identical,a62815b29985b5a2e5531c7be84e9089e899f81e0351e0cabfd3642f4f46a583,cec73259ef6b1952599c9ec97de94f12f18e6321,NVIDIA H100 NVL,590.48.01,2.6.0+cu124,12.4,4.57.1,0.7.0,always-continuous,MPK,MPK,continuous_one_mpk_launch,,,,5304.87744140625,193.0299071581476,,,,,,,,,,[5304.87744140625],30,1.0,1.0,0,0,30,20,True,"[[30, 30, 30, 30, 30, 30, 30, 30]]",,,0.4797288682375511,/data/home/hliu148/mirage/results/qwen3_3d_identical_b1_b64_repeat1/b8_in512_out128/summary.json
8,512,128,512,127,1,0,1024,8,8,False,1.125,93.3447265625,completed,,Qwen/Qwen3-8B,identical,a62815b29985b5a2e5531c7be84e9089e899f81e0351e0cabfd3642f4f46a583,cec73259ef6b1952599c9ec97de94f12f18e6321,NVIDIA H100 NVL,590.48.01,2.6.0+cu124,12.4,4.57.1,0.7.0,decode-only,NORMAL,MPK,one_prefill_phase_then_decode,476.95977783203125,869.5072631835938,1346.467041015625,,,6.846513883335384,,,,1168.4778759409567,760.5087750440651,,[476.95977783203125],[869.5072631835938],,30,1.0,1.0,0,0,30,20,True,"[[30, 30, 30, 30, 30, 30, 30, 30]]",2.3441438230726686,1.8900595213865352,,/data/home/hliu148/mirage/results/qwen3_3d_identical_b1_b64_repeat1/b8_in512_out128/summary.json
8,512,128,512,127,1,0,1024,8,8,False,1.125,93.3447265625,completed,,Qwen/Qwen3-8B,identical,a62815b29985b5a2e5531c7be84e9089e899f81e0351e0cabfd3642f4f46a583,cec73259ef6b1952599c9ec97de94f12f18e6321,NVIDIA H100 NVL,590.48.01,2.6.0+cu124,12.4,4.57.1,0.7.0,prefill-only,MPK,NORMAL,one_prefill_phase_then_decode,3814.48486328125,2370.66565990448,6185.15052318573,,,18.666658739405353,15.931903839111328,16.11012496948242,16.87907428741455,428.5716105749544,165.55781401946828,,[3814.48486328125],[2370.66565990448],,30,1.0,1.0,0,0,30,20,True,"[[30, 30, 30, 30, 30, 30, 30, 30]]",0.8597796452624908,0.41145366496173097,,/data/home/hliu148/mirage/results/qwen3_3d_identical_b1_b64_repeat1/b8_in512_out128/summary.json
8,512,256,512,255,1,0,1024,8,8,False,1.125,93.3447265625,completed,,Qwen/Qwen3-8B,identical,a62815b29985b5a2e5531c7be84e9089e899f81e0351e0cabfd3642f4f46a583,cec73259ef6b1952599c9ec97de94f12f18e6321,NVIDIA H100 NVL,590.48.01,2.6.0+cu124,12.4,4.57.1,0.7.0,normal,NORMAL,NORMAL,one_prefill_phase_then_decode,508.1061096191406,4029.3166131973267,4537.422722816467,,,15.801241620381672,15.70479965209961,15.864441680908204,16.178606414794924,506.2893279019907,451.3575492319936,,[508.1061096191406],[4029.3166131973267],,,,,0,0,30,20,True,,1.0,1.0,,/data/home/hliu148/mirage/results/qwen3_3d_identical_b1_b64_repeat1/b8_in512_out256/summary.json
8,512,256,512,255,1,0,1024,8,8,False,1.125,93.3447265625,completed,,Qwen/Qwen3-8B,identical,a62815b29985b5a2e5531c7be84e9089e899f81e0351e0cabfd3642f4f46a583,cec73259ef6b1952599c9ec97de94f12f18e6321,NVIDIA H100 NVL,590.48.01,2.6.0+cu124,12.4,4.57.1,0.7.0,always,MPK,MPK,split_two_mpk_launches,3789.175537109375,1747.1597900390625,5536.3353271484375,,,6.85160701976103,,,,1167.6092888758562,369.91978971310783,,[3789.175537109375],[1747.1597900390625],,30,1.0,1.0,0,0,30,20,True,"[[30, 30, 30, 30, 30, 30, 30, 30]]",2.3062095614661784,0.8195715134100315,,/data/home/hliu148/mirage/results/qwen3_3d_identical_b1_b64_repeat1/b8_in512_out256/summary.json
8,512,256,512,255,1,0,1024,8,8,False,1.125,93.3447265625,completed,,Qwen/Qwen3-8B,identical,a62815b29985b5a2e5531c7be84e9089e899f81e0351e0cabfd3642f4f46a583,cec73259ef6b1952599c9ec97de94f12f18e6321,NVIDIA H100 NVL,590.48.01,2.6.0+cu124,12.4,4.57.1,0.7.0,always-continuous,MPK,MPK,continuous_one_mpk_launch,,,,6788.85400390625,301.6709445838131,,,,,,,,,,[6788.85400390625],30,1.0,1.0,0,0,30,20,True,"[[30, 30, 30, 30, 30, 30, 30, 30]]",,,0.6683635736172368,/data/home/hliu148/mirage/results/qwen3_3d_identical_b1_b64_repeat1/b8_in512_out256/summary.json
8,512,256,512,255,1,0,1024,8,8,False,1.125,93.3447265625,completed,,Qwen/Qwen3-8B,identical,a62815b29985b5a2e5531c7be84e9089e899f81e0351e0cabfd3642f4f46a583,cec73259ef6b1952599c9ec97de94f12f18e6321,NVIDIA H100 NVL,590.48.01,2.6.0+cu124,12.4,4.57.1,0.7.0,decode-only,NORMAL,MPK,one_prefill_phase_then_decode,477.2659912109375,1759.0135498046875,2236.279541015625,,,6.8980923521752455,,,,1159.740924239334,915.8067953659692,,[477.2659912109375],[1759.0135498046875],,30,1.0,1.0,0,0,30,20,True,"[[30, 30, 30, 30, 30, 30, 30, 30]]",2.290668320118809,2.029005157716445,,/data/home/hliu148/mirage/results/qwen3_3d_identical_b1_b64_repeat1/b8_in512_out256/summary.json
8,512,256,512,255,1,0,1024,8,8,False,1.125,93.3447265625,completed,,Qwen/Qwen3-8B,identical,a62815b29985b5a2e5531c7be84e9089e899f81e0351e0cabfd3642f4f46a583,cec73259ef6b1952599c9ec97de94f12f18e6321,NVIDIA H100 NVL,590.48.01,2.6.0+cu124,12.4,4.57.1,0.7.0,prefill-only,MPK,NORMAL,one_prefill_phase_then_decode,3814.013427734375,4402.051377296448,8216.064805030823,,,17.26294657763313,15.858528137207031,16.01384391784668,16.87641300201416,463.42030684177996,249.26775148438193,,[3814.013427734375],[4402.051377296448],,30,1.0,1.0,0,0,30,20,True,"[[30, 30, 30, 30, 30, 30, 30, 30]]",0.9153270300247974,0.5522622849856459,,/data/home/hliu148/mirage/results/qwen3_3d_identical_b1_b64_repeat1/b8_in512_out256/summary.json
8,512,512,512,511,1,0,1024,8,8,False,1.125,93.3447265625,completed,,Qwen/Qwen3-8B,identical,a62815b29985b5a2e5531c7be84e9089e899f81e0351e0cabfd3642f4f46a583,cec73259ef6b1952599c9ec97de94f12f18e6321,NVIDIA H100 NVL,590.48.01,2.6.0+cu124,12.4,4.57.1,0.7.0,normal,NORMAL,NORMAL,one_prefill_phase_then_decode,507.9515075683594,8167.801114082336,8675.752621650696,,,15.983955213468368,15.934080123901367,16.04355239868164,16.591462135314938,500.50190288690595,472.1204232792743,,[507.9515075683594],[8167.801114082336],,,,,0,0,30,20,True,,1.0,1.0,,/data/home/hliu148/mirage/results/qwen3_3d_identical_b1_b64_repeat1/b8_in512_out512/summary.json
8,512,512,512,511,1,0,1024,8,8,False,1.125,93.3447265625,completed,,Qwen/Qwen3-8B,identical,a62815b29985b5a2e5531c7be84e9089e899f81e0351e0cabfd3642f4f46a583,cec73259ef6b1952599c9ec97de94f12f18e6321,NVIDIA H100 NVL,590.48.01,2.6.0+cu124,12.4,4.57.1,0.7.0,always,MPK,MPK,split_two_mpk_launches,3797.62451171875,3572.600341796875,7370.224853515625,,,6.991390101363748,,,,1144.2645717107835,555.7496659068946,,[3797.62451171875],[3572.600341796875],,30,1.0,1.0,0,0,30,20,True,"[[30, 30, 30, 30, 30, 30, 30, 30]]",2.286234208322966,1.1771354055110448,,/data/home/hliu148/mirage/results/qwen3_3d_identical_b1_b64_repeat1/b8_in512_out512/summary.json
8,512,512,512,511,1,0,1024,8,8,False,1.125,93.3447265625,completed,,Qwen/Qwen3-8B,identical,a62815b29985b5a2e5531c7be84e9089e899f81e0351e0cabfd3642f4f46a583,cec73259ef6b1952599c9ec97de94f12f18e6321,NVIDIA H100 NVL,590.48.01,2.6.0+cu124,12.4,4.57.1,0.7.0,always-continuous,MPK,MPK,continuous_one_mpk_launch,,,,9851.380859375,415.77927586690237,,,,,,,,,,[9851.380859375],30,1.0,1.0,0,0,30,20,True,"[[30, 30, 30, 30, 30, 30, 30, 30]]",,,0.8806636090406021,/data/home/hliu148/mirage/results/qwen3_3d_identical_b1_b64_repeat1/b8_in512_out512/summary.json
8,512,512,512,511,1,0,1024,8,8,False,1.125,93.3447265625,completed,,Qwen/Qwen3-8B,identical,a62815b29985b5a2e5531c7be84e9089e899f81e0351e0cabfd3642f4f46a583,cec73259ef6b1952599c9ec97de94f12f18e6321,NVIDIA H100 NVL,590.48.01,2.6.0+cu124,12.4,4.57.1,0.7.0,decode-only,NORMAL,MPK,one_prefill_phase_then_decode,477.3274230957031,3551.127197265625,4028.454620361328,,,6.949368292104941,,,,1151.1837714931103,1016.7670697585303,,[477.3274230957031],[3551.127197265625],,30,1.0,1.0,0,0,30,20,True,"[[30, 30, 30, 30, 30, 30, 30, 30]]",2.3000587307521845,2.1536180593422034,,/data/home/hliu148/mirage/results/qwen3_3d_identical_b1_b64_repeat1/b8_in512_out512/summary.json
8,512,512,512,511,1,0,1024,8,8,False,1.125,93.3447265625,completed,,Qwen/Qwen3-8B,identical,a62815b29985b5a2e5531c7be84e9089e899f81e0351e0cabfd3642f4f46a583,cec73259ef6b1952599c9ec97de94f12f18e6321,NVIDIA H100 NVL,590.48.01,2.6.0+cu124,12.4,4.57.1,0.7.0,prefill-only,MPK,NORMAL,one_prefill_phase_then_decode,3817.09912109375,8462.421152114868,12279.520273208618,,,16.560511060890153,15.866111755371094,16.01728057861328,16.51927623748779,483.07687912440474,333.5635194916065,,[3817.09912109375],[8462.421152114868],,30,1.0,1.0,0,0,30,20,True,"[[30, 30, 30, 30, 30, 30, 30, 30]]",0.9651849000733197,0.7065221139444184,,/data/home/hliu148/mirage/results/qwen3_3d_identical_b1_b64_repeat1/b8_in512_out512/summary.json
16,16,16,16,15,1,0,64,16,16,False,0.140625,93.3447265625,completed,,Qwen/Qwen3-8B,identical,13dfc348a810b89afea44ad34daf00a44e574c345905c9dcb920cc52f41da833,cec73259ef6b1952599c9ec97de94f12f18e6321,NVIDIA H100 NVL,590.48.01,2.6.0+cu124,12.4,4.57.1,0.7.0,normal,NORMAL,NORMAL,one_prefill_phase_then_decode,370.37811279296875,261.3314552307129,631.7095680236816,,,17.42209701538086,16.391807556152344,16.54738540649414,30.183021087646473,918.3739469407511,405.2495212331548,,[370.37811279296875],[261.3314552307129],,,,,0,0,16,11,True,,1.0,1.0,,/data/home/hliu148/mirage/results/qwen3_3d_identical_b1_b64_repeat1/b16_in16_out16/summary.json
16,16,16,16,15,1,0,64,16,16,False,0.140625,93.3447265625,completed,,Qwen/Qwen3-8B,identical,13dfc348a810b89afea44ad34daf00a44e574c345905c9dcb920cc52f41da833,cec73259ef6b1952599c9ec97de94f12f18e6321,NVIDIA H100 NVL,590.48.01,2.6.0+cu124,12.4,4.57.1,0.7.0,always,MPK,MPK,split_two_mpk_launches,138.57484436035156,97.26598358154297,235.84082794189453,,,6.484398905436198,,,,2467.460782924134,1085.4778718088294,,[138.57484436035156],[97.26598358154297],,16,1.0,1.0,0,0,16,11,True,"[[16, 16, 16, 16, 16, 16, 16, 16, 16, 16, 16, 16, 16, 16, 16, 16]]",2.686771321359492,2.6785420214828943,,/data/home/hliu148/mirage/results/qwen3_3d_identical_b1_b64_repeat1/b16_in16_out16/summary.json
16,16,16,16,15,1,0,64,16,16,False,0.140625,93.3447265625,completed,,Qwen/Qwen3-8B,identical,13dfc348a810b89afea44ad34daf00a44e574c345905c9dcb920cc52f41da833,cec73259ef6b1952599c9ec97de94f12f18e6321,NVIDIA H100 NVL,590.48.01,2.6.0+cu124,12.4,4.57.1,0.7.0,always-continuous,MPK,MPK,continuous_one_mpk_launch,,,,300.05718994140625,853.1706907272926,,,,,,,,,,[300.05718994140625],16,1.0,1.0,0,0,16,11,True,"[[16, 16, 16, 16, 16, 16, 16, 16, 16, 16, 16, 16, 16, 16, 16, 16]]",,,2.105297220663297,/data/home/hliu148/mirage/results/qwen3_3d_identical_b1_b64_repeat1/b16_in16_out16/summary.json
16,16,16,16,15,1,0,64,16,16,False,0.140625,93.3447265625,completed,,Qwen/Qwen3-8B,identical,13dfc348a810b89afea44ad34daf00a44e574c345905c9dcb920cc52f41da833,cec73259ef6b1952599c9ec97de94f12f18e6321,NVIDIA H100 NVL,590.48.01,2.6.0+cu124,12.4,4.57.1,0.7.0,decode-only,NORMAL,MPK,one_prefill_phase_then_decode,351.0343322753906,97.26956939697266,448.3039016723633,,,6.484637959798177,,,,2467.369820673531,571.0412045155343,,[351.0343322753906],[97.26956939697266],,16,1.0,1.0,0,0,16,11,True,"[[16, 16, 16, 16, 16, 16, 16, 16, 16, 16, 16, 16, 16, 16, 16, 16]]",2.6866722742873206,1.4091101274540274,,/data/home/hliu148/mirage/results/qwen3_3d_identical_b1_b64_repeat1/b16_in16_out16/summary.json
16,16,16,16,15,1,0,64,16,16,False,0.140625,93.3447265625,completed,,Qwen/Qwen3-8B,identical,13dfc348a810b89afea44ad34daf00a44e574c345905c9dcb920cc52f41da833,cec73259ef6b1952599c9ec97de94f12f18e6321,NVIDIA H100 NVL,590.48.01,2.6.0+cu124,12.4,4.57.1,0.7.0,prefill-only,MPK,NORMAL,one_prefill_phase_then_decode,136.004638671875,585.0209579467773,721.0255966186523,,,39.001397196451826,16.076671600341797,16.768134689331056,311.1478622817991,410.24171312138554,355.04980849576884,,[136.004638671875],[585.0209579467773],,16,1.0,1.0,0,0,16,11,True,"[[16, 16, 16, 16, 16, 16, 16, 16, 16, 16, 16, 16, 16, 16, 16, 16]]",0.4467044328598014,0.8761264107490353,,/data/home/hliu148/mirage/results/qwen3_3d_identical_b1_b64_repeat1/b16_in16_out16/summary.json
16,16,32,16,31,1,0,64,16,16,False,0.140625,93.3447265625,completed,,Qwen/Qwen3-8B,identical,13dfc348a810b89afea44ad34daf00a44e574c345905c9dcb920cc52f41da833,cec73259ef6b1952599c9ec97de94f12f18e6321,NVIDIA H100 NVL,590.48.01,2.6.0+cu124,12.4,4.57.1,0.7.0,normal,NORMAL,NORMAL,one_prefill_phase_then_decode,366.1308288574219,511.94578742980957,878.0766162872314,,,16.514380239671276,16.0064640045166,16.156543731689453,27.165068626403798,968.8525859156604,583.0926259770906,,[366.1308288574219],[511.94578742980957],,,,,0,0,30,20,True,,1.0,1.0,,/data/home/hliu148/mirage/results/qwen3_3d_identical_b1_b64_repeat1/b16_in16_out32/summary.json
16,16,32,16,31,1,0,64,16,16,False,0.140625,93.3447265625,completed,,Qwen/Qwen3-8B,identical,13dfc348a810b89afea44ad34daf00a44e574c345905c9dcb920cc52f41da833,cec73259ef6b1952599c9ec97de94f12f18e6321,NVIDIA H100 NVL,590.48.01,2.6.0+cu124,12.4,4.57.1,0.7.0,always,MPK,MPK,split_two_mpk_launches,138.6815948486328,201.47267150878906,340.1542663574219,,,6.4991184357673895,,,,2461.872353632649,1505.19940697145,,[138.6815948486328],[201.47267150878906],,30,1.0,1.0,0,0,30,20,True,"[[30, 30, 30, 30, 30, 30, 30, 30, 30, 30, 30, 30, 30, 30, 30, 30]]",2.541018509339002,2.5814070353731213,,/data/home/hliu148/mirage/results/qwen3_3d_identical_b1_b64_repeat1/b16_in16_out32/summary.json
16,16,32,16,31,1,0,64,16,16,False,0.140625,93.3447265625,completed,,Qwen/Qwen3-8B,identical,13dfc348a810b89afea44ad34daf00a44e574c345905c9dcb920cc52f41da833,cec73259ef6b1952599c9ec97de94f12f18e6321,NVIDIA H100 NVL,590.48.01,2.6.0+cu124,12.4,4.57.1,0.7.0,always-continuous,MPK,MPK,continuous_one_mpk_launch,,,,481.9569091796875,1062.3356367511096,,,,,,,,,,[481.9569091796875],30,1.0,1.0,0,0,30,20,True,"[[30, 30, 30, 30, 30, 30, 30, 30, 30, 30, 30, 30, 30, 30, 30, 30]]",,,1.8218985962495229,/data/home/hliu148/mirage/results/qwen3_3d_identical_b1_b64_repeat1/b16_in16_out32/summary.json
16,16,32,16,31,1,0,64,16,16,False,0.140625,93.3447265625,completed,,Qwen/Qwen3-8B,identical,13dfc348a810b89afea44ad34daf00a44e574c345905c9dcb920cc52f41da833,cec73259ef6b1952599c9ec97de94f12f18e6321,NVIDIA H100 NVL,590.48.01,2.6.0+cu124,12.4,4.57.1,0.7.0,decode-only,NORMAL,MPK,one_prefill_phase_then_decode,349.0367126464844,205.81951904296875,554.8562316894531,,,6.639339323966734,,,,2409.8783356716062,922.7615565225565,,[349.0367126464844],[205.81951904296875],,30,1.0,1.0,0,0,30,20,True,"[[30, 30, 30, 30, 30, 30, 30, 30, 30, 30, 30, 30, 30, 30, 30, 30]]",2.4873529479141925,1.58252997107669,,/data/home/hliu148/mirage/results/qwen3_3d_identical_b1_b64_repeat1/b16_in16_out32/summary.json
16,16,32,16,31,1,0,64,16,16,False,0.140625,93.3447265625,completed,,Qwen/Qwen3-8B,identical,13dfc348a810b89afea44ad34daf00a44e574c345905c9dcb920cc52f41da833,cec73259ef6b1952599c9ec97de94f12f18e6321,NVIDIA H100 NVL,590.48.01,2.6.0+cu124,12.4,4.57.1,0.7.0,prefill-only,MPK,NORMAL,one_prefill_phase_then_decode,136.1631317138672,839.8641510009766,976.0272827148438,,,27.092391967773438,16.27779197692871,16.397695541381836,250.9586942672727,590.571700683797,524.5755001600564,,[136.1631317138672],[839.8641510009766],,30,1.0,1.0,0,0,30,20,True,"[[30, 30, 30, 30, 30, 30, 30, 30, 30, 30, 30, 30, 30, 30, 30, 30]]",0.6095578514925973,0.8996435159525867,,/data/home/hliu148/mirage/results/qwen3_3d_identical_b1_b64_repeat1/b16_in16_out32/summary.json
16,16,64,16,63,1,0,128,16,16,False,0.28125,93.3447265625,completed,,Qwen/Qwen3-8B,identical,13dfc348a810b89afea44ad34daf00a44e574c345905c9dcb920cc52f41da833,cec73259ef6b1952599c9ec97de94f12f18e6321,NVIDIA H100 NVL,590.48.01,2.6.0+cu124,12.4,4.57.1,0.7.0,normal,NORMAL,NORMAL,one_prefill_phase_then_decode,365.5950622558594,1025.7520294189453,1391.3470916748047,,,16.281778244745162,15.986592292785645,16.13434181213379,23.159733352661167,982.6936443606148,735.9773891986805,,[365.5950622558594],[1025.7520294189453],,,,,0,0,30,20,True,,1.0,1.0,,/data/home/hliu148/mirage/results/qwen3_3d_identical_b1_b64_repeat1/b16_in16_out64/summary.json
16,16,64,16,63,1,0,128,16,16,False,0.28125,93.3447265625,completed,,Qwen/Qwen3-8B,identical,13dfc348a810b89afea44ad34daf00a44e574c345905c9dcb920cc52f41da833,cec73259ef6b1952599c9ec97de94f12f18e6321,NVIDIA H100 NVL,590.48.01,2.6.0+cu124,12.4,4.57.1,0.7.0,always,MPK,MPK,split_two_mpk_launches,136.7353973388672,409.9189758300781,546.6543731689453,,,6.50665041000124,,,,2459.0225372192617,1873.2128567158275,,[136.7353973388672],[409.9189758300781],,30,1.0,1.0,0,0,30,20,True,"[[30, 30, 30, 30, 30, 30, 30, 30, 30, 30, 30, 30, 30, 30, 30, 30]]",2.5023287281146644,2.54520435574162,,/data/home/hliu148/mirage/results/qwen3_3d_identical_b1_b64_repeat1/b16_in16_out64/summary.json
16,16,64,16,63,1,0,128,16,16,False,0.28125,93.3447265625,completed,,Qwen/Qwen3-8B,identical,13dfc348a810b89afea44ad34daf00a44e574c345905c9dcb920cc52f41da833,cec73259ef6b1952599c9ec97de94f12f18e6321,NVIDIA H100 NVL,590.48.01,2.6.0+cu124,12.4,4.57.1,0.7.0,always-continuous,MPK,MPK,continuous_one_mpk_launch,,,,768.7400512695312,1332.0497589645827,,,,,,,,,,[768.7400512695312],30,1.0,1.0,0,0,30,20,True,"[[30, 30, 30, 30, 30, 30, 30, 30, 30, 30, 30, 30, 30, 30, 30, 30]]",,,1.8099058184584929,/data/home/hliu148/mirage/results/qwen3_3d_identical_b1_b64_repeat1/b16_in16_out64/summary.json
16,16,64,16,63,1,0,128,16,16,False,0.28125,93.3447265625,completed,,Qwen/Qwen3-8B,identical,13dfc348a810b89afea44ad34daf00a44e574c345905c9dcb920cc52f41da833,cec73259ef6b1952599c9ec97de94f12f18e6321,NVIDIA H100 NVL,590.48.01,2.6.0+cu124,12.4,4.57.1,0.7.0,decode-only,NORMAL,MPK,one_prefill_phase_then_decode,340.26043701171875,409.6994934082031,749.9599304199219,,,6.50316656203497,,,,2460.339874024891,1365.4062816751236,,[340.26043701171875],[409.6994934082031],,30,1.0,1.0,0,0,30,20,True,"[[30, 30, 30, 30, 30, 30, 30, 30, 30, 30, 30, 30, 30, 30, 30, 30]]",2.503669264723595,1.8552285732062426,,/data/home/hliu148/mirage/results/qwen3_3d_identical_b1_b64_repeat1/b16_in16_out64/summary.json
16,16,64,16,63,1,0,128,16,16,False,0.28125,93.3447265625,completed,,Qwen/Qwen3-8B,identical,13dfc348a810b89afea44ad34daf00a44e574c345905c9dcb920cc52f41da833,cec73259ef6b1952599c9ec97de94f12f18e6321,NVIDIA H100 NVL,590.48.01,2.6.0+cu124,12.4,4.57.1,0.7.0,prefill-only,MPK,NORMAL,one_prefill_phase_then_decode,136.25112915039062,1347.9497699737549,1484.2008991241455,,,21.396028094821506,16.000768661499023,16.165882110595703,145.51133834838953,747.8023457948483,689.9335532031287,,[136.25112915039062],[1347.9497699737549],,30,1.0,1.0,0,0,30,20,True,"[[30, 30, 30, 30, 30, 30, 30, 30, 30, 30, 30, 30, 30, 30, 30, 30]]",0.7609719978207475,0.937438518259802,,/data/home/hliu148/mirage/results/qwen3_3d_identical_b1_b64_repeat1/b16_in16_out64/summary.json
16,16,128,16,127,1,0,256,16,16,False,0.5625,93.3447265625,completed,,Qwen/Qwen3-8B,identical,13dfc348a810b89afea44ad34daf00a44e574c345905c9dcb920cc52f41da833,cec73259ef6b1952599c9ec97de94f12f18e6321,NVIDIA H100 NVL,590.48.01,2.6.0+cu124,12.4,4.57.1,0.7.0,normal,NORMAL,NORMAL,one_prefill_phase_then_decode,365.172607421875,2035.4732151031494,2400.6458225250244,,,16.0273481504185,15.867615699768066,16.060857009887695,18.52510219573974,998.2936571813482,853.1037693206623,,[365.172607421875],[2035.4732151031494],,,,,0,0,30,20,True,,1.0,1.0,,/data/home/hliu148/mirage/results/qwen3_3d_identical_b1_b64_repeat1/b16_in16_out128/summary.json
16,16,128,16,127,1,0,256,16,16,False,0.5625,93.3447265625,completed,,Qwen/Qwen3-8B,identical,13dfc348a810b89afea44ad34daf00a44e574c345905c9dcb920cc52f41da833,cec73259ef6b1952599c9ec97de94f12f18e6321,NVIDIA H100 NVL,590.48.01,2.6.0+cu124,12.4,4.57.1,0.7.0,always,MPK,MPK,split_two_mpk_launches,136.03526306152344,831.01806640625,967.0533294677734,,,6.543449341781496,,,,2445.1935308547672,2117.7735886883665,,[136.03526306152344],[831.01806640625],,30,1.0,1.0,0,0,30,20,True,"[[30, 30, 30, 30, 30, 30, 30, 30, 30, 30, 30, 30, 30, 30, 30, 30]]",2.449373000885027,2.482433749384061,,/data/home/hliu148/mirage/results/qwen3_3d_identical_b1_b64_repeat1/b16_in16_out128/summary.json
16,16,128,16,127,1,0,256,16,16,False,0.5625,93.3447265625,completed,,Qwen/Qwen3-8B,identical,13dfc348a810b89afea44ad34daf00a44e574c345905c9dcb920cc52f41da833,cec73259ef6b1952599c9ec97de94f12f18e6321,NVIDIA H100 NVL,590.48.01,2.6.0+cu124,12.4,4.57.1,0.7.0,always-continuous,MPK,MPK,continuous_one_mpk_launch,,,,1196.6466064453125,1711.4493025502888,,,,,,,,,,[1196.6466064453125],30,1.0,1.0,0,0,30,20,True,"[[30, 30, 30, 30, 30, 30, 30, 30, 30, 30, 30, 30, 30, 30, 30, 30]]",,,2.00614434503453,/data/home/hliu148/mirage/results/qwen3_3d_identical_b1_b64_repeat1/b16_in16_out128/summary.json
16,16,128,16,127,1,0,256,16,16,False,0.5625,93.3447265625,completed,,Qwen/Qwen3-8B,identical,13dfc348a810b89afea44ad34daf00a44e574c345905c9dcb920cc52f41da833,cec73259ef6b1952599c9ec97de94f12f18e6321,NVIDIA H100 NVL,590.48.01,2.6.0+cu124,12.4,4.57.1,0.7.0,decode-only,NORMAL,MPK,one_prefill_phase_then_decode,344.4916076660156,850.92138671875,1195.4129943847656,,,6.700168399360236,,,,2387.99968095246,1713.2154407055186,,[344.4916076660156],[850.92138671875],,30,1.0,1.0,0,0,30,20,True,"[[30, 30, 30, 30, 30, 30, 30, 30, 30, 30, 30, 30, 30, 30, 30, 30]]",2.392081391857086,2.008214595124547,,/data/home/hliu148/mirage/results/qwen3_3d_identical_b1_b64_repeat1/b16_in16_out128/summary.json
16,16,128,16,127,1,0,256,16,16,False,0.5625,93.3447265625,completed,,Qwen/Qwen3-8B,identical,13dfc348a810b89afea44ad34daf00a44e574c345905c9dcb920cc52f41da833,cec73259ef6b1952599c9ec97de94f12f18e6321,NVIDIA H100 NVL,590.48.01,2.6.0+cu124,12.4,4.57.1,0.7.0,prefill-only,MPK,NORMAL,one_prefill_phase_then_decode,135.9594268798828,2373.9369955062866,2509.8964223861694,,,18.692417287451075,15.94217586517334,16.147903823852538,19.108210411071763,855.9620595855948,815.969926780069,,[135.9594268798828],[2373.9369955062866],,30,1.0,1.0,0,0,30,20,True,"[[30, 30, 30, 30, 30, 30, 30, 30, 30, 30, 30, 30, 30, 30, 30, 30]]",0.8574251207829745,0.9564720683743275,,/data/home/hliu148/mirage/results/qwen3_3d_identical_b1_b64_repeat1/b16_in16_out128/summary.json
16,16,256,16,255,1,0,512,16,16,False,1.125,93.3447265625,completed,,Qwen/Qwen3-8B,identical,13dfc348a810b89afea44ad34daf00a44e574c345905c9dcb920cc52f41da833,cec73259ef6b1952599c9ec97de94f12f18e6321,NVIDIA H100 NVL,590.48.01,2.6.0+cu124,12.4,4.57.1,0.7.0,normal,NORMAL,NORMAL,one_prefill_phase_then_decode,373.3984375,4072.1463947296143,4445.544832229614,,,15.96920154795927,15.92630386352539,16.078368377685546,16.545064468383792,1001.9286156510852,921.3718800684541,,[373.3984375],[4072.1463947296143],,,,,0,0,30,20,True,,1.0,1.0,,/data/home/hliu148/mirage/results/qwen3_3d_identical_b1_b64_repeat1/b16_in16_out256/summary.json
16,16,256,16,255,1,0,512,16,16,False,1.125,93.3447265625,completed,,Qwen/Qwen3-8B,identical,13dfc348a810b89afea44ad34daf00a44e574c345905c9dcb920cc52f41da833,cec73259ef6b1952599c9ec97de94f12f18e6321,NVIDIA H100 NVL,590.48.01,2.6.0+cu124,12.4,4.57.1,0.7.0,always,MPK,MPK,split_two_mpk_launches,136.005859375,1683.308349609375,1819.314208984375,,,6.601209214154411,,,,2423.7983498072686,2251.397795813718,,[136.005859375],[1683.308349609375],,30,1.0,1.0,0,0,30,20,True,"[[30, 30, 30, 30, 30, 30, 30, 30, 30, 30, 30, 30, 30, 30, 30, 30]]",2.4191327724802103,2.4435277921076217,,/data/home/hliu148/mirage/results/qwen3_3d_identical_b1_b64_repeat1/b16_in16_out256/summary.json
16,16,256,16,255,1,0,512,16,16,False,1.125,93.3447265625,completed,,Qwen/Qwen3-8B,identical,13dfc348a810b89afea44ad34daf00a44e574c345905c9dcb920cc52f41da833,cec73259ef6b1952599c9ec97de94f12f18e6321,NVIDIA H100 NVL,590.48.01,2.6.0+cu124,12.4,4.57.1,0.7.0,always-continuous,MPK,MPK,continuous_one_mpk_launch,,,,2044.3514404296875,2003.5694054340731,,,,,,,,,,[2044.3514404296875],30,1.0,1.0,0,0,30,20,True,"[[30, 30, 30, 30, 30, 30, 30, 30, 30, 30, 30, 30, 30, 30, 30, 30]]",,,2.1745501993019545,/data/home/hliu148/mirage/results/qwen3_3d_identical_b1_b64_repeat1/b16_in16_out256/summary.json
16,16,256,16,255,1,0,512,16,16,False,1.125,93.3447265625,completed,,Qwen/Qwen3-8B,identical,13dfc348a810b89afea44ad34daf00a44e574c345905c9dcb920cc52f41da833,cec73259ef6b1952599c9ec97de94f12f18e6321,NVIDIA H100 NVL,590.48.01,2.6.0+cu124,12.4,4.57.1,0.7.0,decode-only,NORMAL,MPK,one_prefill_phase_then_decode,337.0413513183594,1668.4595947265625,2005.5009460449219,,,6.542978802849265,,,,2445.3693771761104,2042.382482081488,,[337.0413513183594],[1668.4595947265625],,30,1.0,1.0,0,0,30,20,True,"[[30, 30, 30, 30, 30, 30, 30, 30, 30, 30, 30, 30, 30, 30, 30, 30]]",2.440662277708309,2.216675509925208,,/data/home/hliu148/mirage/results/qwen3_3d_identical_b1_b64_repeat1/b16_in16_out256/summary.json
16,16,256,16,255,1,0,512,16,16,False,1.125,93.3447265625,completed,,Qwen/Qwen3-8B,identical,13dfc348a810b89afea44ad34daf00a44e574c345905c9dcb920cc52f41da833,cec73259ef6b1952599c9ec97de94f12f18e6321,NVIDIA H100 NVL,590.48.01,2.6.0+cu124,12.4,4.57.1,0.7.0,prefill-only,MPK,NORMAL,one_prefill_phase_then_decode,136.71926879882812,4443.006543159485,4579.725811958313,,,17.423555071213666,16.067455291748047,16.305574035644533,17.103036994934087,918.2970946287768,894.3766872035796,,[136.71926879882812],[4443.006543159485],,30,1.0,1.0,0,0,30,20,True,"[[30, 30, 30, 30, 30, 30, 30, 30, 30, 30, 30, 30, 30, 30, 30, 30]]",0.9165294615645228,0.9707010888341103,,/data/home/hliu148/mirage/results/qwen3_3d_identical_b1_b64_repeat1/b16_in16_out256/summary.json
16,16,512,16,511,1,0,1024,16,16,False,2.25,93.3447265625,completed,,Qwen/Qwen3-8B,identical,13dfc348a810b89afea44ad34daf00a44e574c345905c9dcb920cc52f41da833,cec73259ef6b1952599c9ec97de94f12f18e6321,NVIDIA H100 NVL,590.48.01,2.6.0+cu124,12.4,4.57.1,0.7.0,normal,NORMAL,NORMAL,one_prefill_phase_then_decode,366.3235778808594,8289.202966690063,8655.526544570923,,,16.221532224442395,16.202688217163086,16.332223892211914,16.65564861297607,986.3433230981354,946.4473314033489,,[366.3235778808594],[8289.202966690063],,,,,0,0,30,20,True,,1.0,1.0,,/data/home/hliu148/mirage/results/qwen3_3d_identical_b1_b64_repeat1/b16_in16_out512/summary.json
16,16,512,16,511,1,0,1024,16,16,False,2.25,93.3447265625,completed,,Qwen/Qwen3-8B,identical,13dfc348a810b89afea44ad34daf00a44e574c345905c9dcb920cc52f41da833,cec73259ef6b1952599c9ec97de94f12f18e6321,NVIDIA H100 NVL,590.48.01,2.6.0+cu124,12.4,4.57.1,0.7.0,always,MPK,MPK,split_two_mpk_launches,135.8369598388672,3448.21044921875,3584.047409057617,,,6.747965654048435,,,,2371.084978833705,2285.6840507458546,,[135.8369598388672],[3448.21044921875],,30,1.0,1.0,0,0,30,20,True,"[[30, 30, 30, 30, 30, 30, 30, 30, 30, 30, 30, 30, 30, 30, 30, 30]]",2.403914461940141,2.4150145231607834,,/data/home/hliu148/mirage/results/qwen3_3d_identical_b1_b64_repeat1/b16_in16_out512/summary.json
16,16,512,16,511,1,0,1024,16,16,False,2.25,93.3447265625,completed,,Qwen/Qwen3-8B,identical,13dfc348a810b89afea44ad34daf00a44e574c345905c9dcb920cc52f41da833,cec73259ef6b1952599c9ec97de94f12f18e6321,NVIDIA H100 NVL,590.48.01,2.6.0+cu124,12.4,4.57.1,0.7.0,always-continuous,MPK,MPK,continuous_one_mpk_launch,,,,3844.98095703125,2130.569719732794,,,,,,,,,,[3844.98095703125],30,1.0,1.0,0,0,30,20,True,"[[30, 30, 30, 30, 30, 30, 30, 30, 30, 30, 30, 30, 30, 30, 30, 30]]",,,2.251123384302518,/data/home/hliu148/mirage/results/qwen3_3d_identical_b1_b64_repeat1/b16_in16_out512/summary.json
16,16,512,16,511,1,0,1024,16,16,False,2.25,93.3447265625,completed,,Qwen/Qwen3-8B,identical,13dfc348a810b89afea44ad34daf00a44e574c345905c9dcb920cc52f41da833,cec73259ef6b1952599c9ec97de94f12f18e6321,NVIDIA H100 NVL,590.48.01,2.6.0+cu124,12.4,4.57.1,0.7.0,decode-only,NORMAL,MPK,one_prefill_phase_then_decode,342.9283142089844,3446.443115234375,3789.3714294433594,,,6.744507074822652,,,,2372.3008698038507,2161.8361125405345,,[342.9283142089844],[3446.443115234375],,30,1.0,1.0,0,0,30,20,True,"[[30, 30, 30, 30, 30, 30, 30, 30, 30, 30, 30, 30, 30, 30, 30, 30]]",2.405147187849743,2.284158918103834,,/data/home/hliu148/mirage/results/qwen3_3d_identical_b1_b64_repeat1/b16_in16_out512/summary.json
16,16,512,16,511,1,0,1024,16,16,False,2.25,93.3447265625,completed,,Qwen/Qwen3-8B,identical,13dfc348a810b89afea44ad34daf00a44e574c345905c9dcb920cc52f41da833,cec73259ef6b1952599c9ec97de94f12f18e6321,NVIDIA H100 NVL,590.48.01,2.6.0+cu124,12.4,4.57.1,0.7.0,prefill-only,MPK,NORMAL,one_prefill_phase_then_decode,136.12623596191406,8609.841988563538,8745.968224525452,,,16.849005848460934,16.187423706054688,16.319616317749023,17.00629501342773,949.610923273643,936.6601603957337,,[136.12623596191406],[8609.841988563538],,30,1.0,1.0,0,0,30,20,True,"[[30, 30, 30, 30, 30, 30, 30, 30, 30, 30, 30, 30, 30, 30, 30, 30]]",0.9627590120353684,0.9896590431576332,,/data/home/hliu148/mirage/results/qwen3_3d_identical_b1_b64_repeat1/b16_in16_out512/summary.json
16,32,16,32,15,1,0,64,16,16,False,0.140625,93.3447265625,completed,,Qwen/Qwen3-8B,identical,994fc58416e6018c76fc0ec17c1ed0ee02eaef4b1cbc8327c0cc5c22a9de6e6e,cec73259ef6b1952599c9ec97de94f12f18e6321,NVIDIA H100 NVL,590.48.01,2.6.0+cu124,12.4,4.57.1,0.7.0,normal,NORMAL,NORMAL,one_prefill_phase_then_decode,375.9825744628906,256.27145767211914,632.2540321350098,,,17.08476384480794,16.02275276184082,16.261383056640625,29.71655025482177,936.506945330848,404.90054153634003,,[375.9825744628906],[256.27145767211914],,,,,0,0,16,11,True,,1.0,1.0,,/data/home/hliu148/mirage/results/qwen3_3d_identical_b1_b64_repeat1/b16_in32_out16/summary.json
16,32,16,32,15,1,0,64,16,16,False,0.140625,93.3447265625,completed,,Qwen/Qwen3-8B,identical,994fc58416e6018c76fc0ec17c1ed0ee02eaef4b1cbc8327c0cc5c22a9de6e6e,cec73259ef6b1952599c9ec97de94f12f18e6321,NVIDIA H100 NVL,590.48.01,2.6.0+cu124,12.4,4.57.1,0.7.0,always,MPK,MPK,split_two_mpk_launches,276.47271728515625,97.4323501586914,373.90506744384766,,,6.495490010579427,,,,2463.2475723833386,684.6657675706564,,[276.47271728515625],[97.4323501586914],,16,1.0,1.0,0,0,16,11,True,"[[16, 16, 16, 16, 16, 16, 16, 16, 16, 16, 16, 16, 16, 16, 16, 16]]",2.6302501915916126,1.6909480164506208,,/data/home/hliu148/mirage/results/qwen3_3d_identical_b1_b64_repeat1/b16_in32_out16/summary.json
16,32,16,32,15,1,0,64,16,16,False,0.140625,93.3447265625,completed,,Qwen/Qwen3-8B,identical,994fc58416e6018c76fc0ec17c1ed0ee02eaef4b1cbc8327c0cc5c22a9de6e6e,cec73259ef6b1952599c9ec97de94f12f18e6321,NVIDIA H100 NVL,590.48.01,2.6.0+cu124,12.4,4.57.1,0.7.0,always-continuous,MPK,MPK,continuous_one_mpk_launch,,,,432.6625671386719,591.685113165683,,,,,,,,,,[432.6625671386719],16,1.0,1.0,0,0,16,11,True,"[[16, 16, 16, 16, 16, 16, 16, 16, 16, 16, 16, 16, 16, 16, 16, 16]]",,,1.4613097599736822,/data/home/hliu148/mirage/results/qwen3_3d_identical_b1_b64_repeat1/b16_in32_out16/summary.json
16,32,16,32,15,1,0,64,16,16,False,0.140625,93.3447265625,completed,,Qwen/Qwen3-8B,identical,994fc58416e6018c76fc0ec17c1ed0ee02eaef4b1cbc8327c0cc5c22a9de6e6e,cec73259ef6b1952599c9ec97de94f12f18e6321,NVIDIA H100 NVL,590.48.01,2.6.0+cu124,12.4,4.57.1,0.7.0,decode-only,NORMAL,MPK,one_prefill_phase_then_decode,343.1526184082031,98.67107391357422,441.82369232177734,,,6.578071594238281,,,,2432.323785289045,579.4166416353174,,[343.1526184082031],[98.67107391357422],,16,1.0,1.0,0,0,16,11,True,"[[16, 16, 16, 16, 16, 16, 16, 16, 16, 16, 16, 16, 16, 16, 16, 16]]",2.597229841610792,1.4310097967189663,,/data/home/hliu148/mirage/results/qwen3_3d_identical_b1_b64_repeat1/b16_in32_out16/summary.json
16,32,16,32,15,1,0,64,16,16,False,0.140625,93.3447265625,completed,,Qwen/Qwen3-8B,identical,994fc58416e6018c76fc0ec17c1ed0ee02eaef4b1cbc8327c0cc5c22a9de6e6e,cec73259ef6b1952599c9ec97de94f12f18e6321,NVIDIA H100 NVL,590.48.01,2.6.0+cu124,12.4,4.57.1,0.7.0,prefill-only,MPK,NORMAL,one_prefill_phase_then_decode,271.8502197265625,586.0378141403198,857.8880338668823,,,39.06918760935466,16.13580894470215,16.740864181518553,311.6277876663206,409.5298873368175,298.4072395159708,,[271.8502197265625],[586.0378141403198],,16,1.0,1.0,0,0,16,11,True,"[[16, 16, 16, 16, 16, 16, 16, 16, 16, 16, 16, 16, 16, 16, 16, 16]]",0.43729508828377067,0.7369889859462896,,/data/home/hliu148/mirage/results/qwen3_3d_identical_b1_b64_repeat1/b16_in32_out16/summary.json
16,32,32,32,31,1,0,64,16,16,False,0.140625,93.3447265625,completed,,Qwen/Qwen3-8B,identical,994fc58416e6018c76fc0ec17c1ed0ee02eaef4b1cbc8327c0cc5c22a9de6e6e,cec73259ef6b1952599c9ec97de94f12f18e6321,NVIDIA H100 NVL,590.48.01,2.6.0+cu124,12.4,4.57.1,0.7.0,normal,NORMAL,NORMAL,one_prefill_phase_then_decode,374.3144836425781,516.8230714797974,891.1375551223755,,,16.67171198321927,16.14156723022461,16.298431396484375,27.319375801086416,959.7094777131842,574.546541167474,,[374.3144836425781],[516.8230714797974],,,,,0,0,30,20,True,,1.0,1.0,,/data/home/hliu148/mirage/results/qwen3_3d_identical_b1_b64_repeat1/b16_in32_out32/summary.json
16,32,32,32,31,1,0,64,16,16,False,0.140625,93.3447265625,completed,,Qwen/Qwen3-8B,identical,994fc58416e6018c76fc0ec17c1ed0ee02eaef4b1cbc8327c0cc5c22a9de6e6e,cec73259ef6b1952599c9ec97de94f12f18e6321,NVIDIA H100 NVL,590.48.01,2.6.0+cu124,12.4,4.57.1,0.7.0,always,MPK,MPK,split_two_mpk_launches,271.2777099609375,201.66358947753906,472.94129943847656,,,6.5052770799206145,,,,2459.5416618588138,1082.5867831967685,,[271.2777099609375],[201.66358947753906],,30,1.0,1.0,0,0,30,20,True,"[[30, 30, 30, 30, 30, 30, 30, 30, 30, 30, 30, 30, 30, 30, 30, 30]]",2.562798137327414,1.8842455843471981,,/data/home/hliu148/mirage/results/qwen3_3d_identical_b1_b64_repeat1/b16_in32_out32/summary.json
16,32,32,32,31,1,0,64,16,16,False,0.140625,93.3447265625,completed,,Qwen/Qwen3-8B,identical,994fc58416e6018c76fc0ec17c1ed0ee02eaef4b1cbc8327c0cc5c22a9de6e6e,cec73259ef6b1952599c9ec97de94f12f18e6321,NVIDIA H100 NVL,590.48.01,2.6.0+cu124,12.4,4.57.1,0.7.0,always-continuous,MPK,MPK,continuous_one_mpk_launch,,,,599.4243774414062,854.1527826836639,,,,,,,,,,[599.4243774414062],30,1.0,1.0,0,0,30,20,True,"[[30, 30, 30, 30, 30, 30, 30, 30, 30, 30, 30, 30, 30, 30, 30, 30]]",,,1.4866555126204961,/data/home/hliu148/mirage/results/qwen3_3d_identical_b1_b64_repeat1/b16_in32_out32/summary.json
16,32,32,32,31,1,0,64,16,16,False,0.140625,93.3447265625,completed,,Qwen/Qwen3-8B,identical,994fc58416e6018c76fc0ec17c1ed0ee02eaef4b1cbc8327c0cc5c22a9de6e6e,cec73259ef6b1952599c9ec97de94f12f18e6321,NVIDIA H100 NVL,590.48.01,2.6.0+cu124,12.4,4.57.1,0.7.0,decode-only,NORMAL,MPK,one_prefill_phase_then_decode,342.8455810546875,206.22390747070312,549.0694885253906,,,6.652384111958165,,,,2405.152758879149,932.4867083309504,,[342.8455810546875],[206.22390747070312],,30,1.0,1.0,0,0,30,20,True,"[[30, 30, 30, 30, 30, 30, 30, 30, 30, 30, 30, 30, 30, 30, 30, 30]]",2.5061258794799,1.6229959481370209,,/data/home/hliu148/mirage/results/qwen3_3d_identical_b1_b64_repeat1/b16_in32_out32/summary.json
16,32,32,32,31,1,0,64,16,16,False,0.140625,93.3447265625,completed,,Qwen/Qwen3-8B,identical,994fc58416e6018c76fc0ec17c1ed0ee02eaef4b1cbc8327c0cc5c22a9de6e6e,cec73259ef6b1952599c9ec97de94f12f18e6321,NVIDIA H100 NVL,590.48.01,2.6.0+cu124,12.4,4.57.1,0.7.0,prefill-only,MPK,NORMAL,one_prefill_phase_then_decode,271.80224609375,844.2985706329346,1116.1008167266846,,,27.235437762352728,16.09459114074707,16.249631881713867,257.96469993591285,587.4699037192139,458.73992055807327,,[271.80224609375],[844.2985706329346],,30,1.0,1.0,0,0,30,20,True,"[[30, 30, 30, 30, 30, 30, 30, 30, 30, 30, 30, 30, 30, 30, 30, 30]]",0.6121330646010181,0.7984382250842855,,/data/home/hliu148/mirage/results/qwen3_3d_identical_b1_b64_repeat1/b16_in32_out32/summary.json
16,32,64,32,63,1,0,128,16,16,False,0.28125,93.3447265625,completed,,Qwen/Qwen3-8B,identical,994fc58416e6018c76fc0ec17c1ed0ee02eaef4b1cbc8327c0cc5c22a9de6e6e,cec73259ef6b1952599c9ec97de94f12f18e6321,NVIDIA H100 NVL,590.48.01,2.6.0+cu124,12.4,4.57.1,0.7.0,normal,NORMAL,NORMAL,one_prefill_phase_then_decode,375.4307556152344,1027.2895040512085,1402.7202596664429,,,16.306182603987438,16.024160385131836,16.221184158325194,23.378501396179235,981.2229133315014,730.0101306325325,,[375.4307556152344],[1027.2895040512085],,,,,0,0,30,20,True,,1.0,1.0,,/data/home/hliu148/mirage/results/qwen3_3d_identical_b1_b64_repeat1/b16_in32_out64/summary.json
16,32,64,32,63,1,0,128,16,16,False,0.28125,93.3447265625,completed,,Qwen/Qwen3-8B,identical,994fc58416e6018c76fc0ec17c1ed0ee02eaef4b1cbc8327c0cc5c22a9de6e6e,cec73259ef6b1952599c9ec97de94f12f18e6321,NVIDIA H100 NVL,590.48.01,2.6.0+cu124,12.4,4.57.1,0.7.0,always,MPK,MPK,split_two_mpk_launches,270.9943542480469,410.604736328125,681.5990905761719,,,6.517535497271825,,,,2454.915666619298,1502.3494223479502,,[270.9943542480469],[410.604736328125],,30,1.0,1.0,0,0,30,20,True,"[[30, 30, 30, 30, 30, 30, 30, 30, 30, 30, 30, 30, 30, 30, 30, 30]]",2.5018939460802385,2.0579843474859834,,/data/home/hliu148/mirage/results/qwen3_3d_identical_b1_b64_repeat1/b16_in32_out64/summary.json
16,32,64,32,63,1,0,128,16,16,False,0.28125,93.3447265625,completed,,Qwen/Qwen3-8B,identical,994fc58416e6018c76fc0ec17c1ed0ee02eaef4b1cbc8327c0cc5c22a9de6e6e,cec73259ef6b1952599c9ec97de94f12f18e6321,NVIDIA H100 NVL,590.48.01,2.6.0+cu124,12.4,4.57.1,0.7.0,always-continuous,MPK,MPK,continuous_one_mpk_launch,,,,943.8330688476562,1084.9376164052198,,,,,,,,,,[943.8330688476562],30,1.0,1.0,0,0,30,20,True,"[[30, 30, 30, 30, 30, 30, 30, 30, 30, 30, 30, 30, 30, 30, 30, 30]]",,,1.4861952880916227,/data/home/hliu148/mirage/results/qwen3_3d_identical_b1_b64_repeat1/b16_in32_out64/summary.json
16,32,64,32,63,1,0,128,16,16,False,0.28125,93.3447265625,completed,,Qwen/Qwen3-8B,identical,994fc58416e6018c76fc0ec17c1ed0ee02eaef4b1cbc8327c0cc5c22a9de6e6e,cec73259ef6b1952599c9ec97de94f12f18e6321,NVIDIA H100 NVL,590.48.01,2.6.0+cu124,12.4,4.57.1,0.7.0,decode-only,NORMAL,MPK,one_prefill_phase_then_decode,349.1060791015625,413.2396240234375,762.345703125,,,6.559359111483135,,,,2439.262697477505,1343.2226295792439,,[349.1060791015625],[413.2396240234375],,30,1.0,1.0,0,0,30,20,True,"[[30, 30, 30, 30, 30, 30, 30, 30, 30, 30, 30, 30, 30, 30, 30, 30]]",2.485941435260197,1.8400054646027724,,/data/home/hliu148/mirage/results/qwen3_3d_identical_b1_b64_repeat1/b16_in32_out64/summary.json
16,32,64,32,63,1,0,128,16,16,False,0.28125,93.3447265625,completed,,Qwen/Qwen3-8B,identical,994fc58416e6018c76fc0ec17c1ed0ee02eaef4b1cbc8327c0cc5c22a9de6e6e,cec73259ef6b1952599c9ec97de94f12f18e6321,NVIDIA H100 NVL,590.48.01,2.6.0+cu124,12.4,4.57.1,0.7.0,prefill-only,MPK,NORMAL,one_prefill_phase_then_decode,272.07647705078125,1346.6750679016113,1618.7515449523926,,,21.375794728597004,15.913375854492188,16.091577529907227,146.6464861679086,748.5101818738393,632.5862688397408,,[272.07647705078125],[1346.6750679016113],,30,1.0,1.0,0,0,30,20,True,"[[30, 30, 30, 30, 30, 30, 30, 30, 30, 30, 30, 30, 30, 30, 30, 30]]",0.7628339816611669,0.8665445071174878,,/data/home/hliu148/mirage/results/qwen3_3d_identical_b1_b64_repeat1/b16_in32_out64/summary.json
16,32,128,32,127,1,0,256,16,16,False,0.5625,93.3447265625,completed,,Qwen/Qwen3-8B,identical,994fc58416e6018c76fc0ec17c1ed0ee02eaef4b1cbc8327c0cc5c22a9de6e6e,cec73259ef6b1952599c9ec97de94f12f18e6321,NVIDIA H100 NVL,590.48.01,2.6.0+cu124,12.4,4.57.1,0.7.0,normal,NORMAL,NORMAL,one_prefill_phase_then_decode,372.6375427246094,2022.0224924087524,2394.660035133362,,,15.921436948100412,15.7456636428833,16.004095840454102,18.521930770874018,1004.93441968559,855.2362214062441,,[372.6375427246094],[2022.0224924087524],,,,,0,0,30,20,True,,1.0,1.0,,/data/home/hliu148/mirage/results/qwen3_3d_identical_b1_b64_repeat1/b16_in32_out128/summary.json
16,32,128,32,127,1,0,256,16,16,False,0.5625,93.3447265625,completed,,Qwen/Qwen3-8B,identical,994fc58416e6018c76fc0ec17c1ed0ee02eaef4b1cbc8327c0cc5c22a9de6e6e,cec73259ef6b1952599c9ec97de94f12f18e6321,NVIDIA H100 NVL,590.48.01,2.6.0+cu124,12.4,4.57.1,0.7.0,always,MPK,MPK,split_two_mpk_launches,270.9703369140625,832.9415893554688,1103.9119262695312,,,6.5585951917753444,,,,2439.5468133274076,1855.220467561069,,[270.9703369140625],[832.9415893554688],,30,1.0,1.0,0,0,30,20,True,"[[30, 30, 30, 30, 30, 30, 30, 30, 30, 30, 30, 30, 30, 30, 30, 30]]",2.4275681731457257,2.1692491748192975,,/data/home/hliu148/mirage/results/qwen3_3d_identical_b1_b64_repeat1/b16_in32_out128/summary.json
16,32,128,32,127,1,0,256,16,16,False,0.5625,93.3447265625,completed,,Qwen/Qwen3-8B,identical,994fc58416e6018c76fc0ec17c1ed0ee02eaef4b1cbc8327c0cc5c22a9de6e6e,cec73259ef6b1952599c9ec97de94f12f18e6321,NVIDIA H100 NVL,590.48.01,2.6.0+cu124,12.4,4.57.1,0.7.0,always-continuous,MPK,MPK,continuous_one_mpk_launch,,,,1599.210693359375,1280.6317569687317,,,,,,,,,,[1599.210693359375],30,1.0,1.0,0,0,30,20,True,"[[30, 30, 30, 30, 30, 30, 30, 30, 30, 30, 30, 30, 30, 30, 30, 30]]",,,1.4974012149099813,/data/home/hliu148/mirage/results/qwen3_3d_identical_b1_b64_repeat1/b16_in32_out128/summary.json
16,32,128,32,127,1,0,256,16,16,False,0.5625,93.3447265625,completed,,Qwen/Qwen3-8B,identical,994fc58416e6018c76fc0ec17c1ed0ee02eaef4b1cbc8327c0cc5c22a9de6e6e,cec73259ef6b1952599c9ec97de94f12f18e6321,NVIDIA H100 NVL,590.48.01,2.6.0+cu124,12.4,4.57.1,0.7.0,decode-only,NORMAL,MPK,one_prefill_phase_then_decode,352.1480407714844,833.6084594726562,1185.7565002441406,,,6.56384613757997,,,,2437.5952246039474,1727.1674239848808,,[352.1480407714844],[833.6084594726562],,30,1.0,1.0,0,0,30,20,True,"[[30, 30, 30, 30, 30, 30, 30, 30, 30, 30, 30, 30, 30, 30, 30, 30]]",2.425626167095151,2.0195209004886876,,/data/home/hliu148/mirage/results/qwen3_3d_identical_b1_b64_repeat1/b16_in32_out128/summary.json
16,32,128,32,127,1,0,256,16,16,False,0.5625,93.3447265625,completed,,Qwen/Qwen3-8B,identical,994fc58416e6018c76fc0ec17c1ed0ee02eaef4b1cbc8327c0cc5c22a9de6e6e,cec73259ef6b1952599c9ec97de94f12f18e6321,NVIDIA H100 NVL,590.48.01,2.6.0+cu124,12.4,4.57.1,0.7.0,prefill-only,MPK,NORMAL,one_prefill_phase_then_decode,270.546875,2400.2265195846558,2670.7733945846558,,,18.89942141405241,16.11177635192871,16.30106315612793,19.52868698120116,846.5867631325167,766.8190810020009,,[270.546875],[2400.2265195846558],,30,1.0,1.0,0,0,30,20,True,"[[30, 30, 30, 30, 30, 30, 30, 30, 30, 30, 30, 30, 30, 30, 30, 30]]",0.842429860644424,0.8966167028579999,,/data/home/hliu148/mirage/results/qwen3_3d_identical_b1_b64_repeat1/b16_in32_out128/summary.json
16,32,256,32,255,1,0,512,16,16,False,1.125,93.3447265625,completed,,Qwen/Qwen3-8B,identical,994fc58416e6018c76fc0ec17c1ed0ee02eaef4b1cbc8327c0cc5c22a9de6e6e,cec73259ef6b1952599c9ec97de94f12f18e6321,NVIDIA H100 NVL,590.48.01,2.6.0+cu124,12.4,4.57.1,0.7.0,normal,NORMAL,NORMAL,one_prefill_phase_then_decode,378.91729736328125,4174.500513076782,4553.4178104400635,,,16.37059024735993,16.29465675354004,16.45041275024414,17.47704795837403,977.3624382651875,899.5440722809805,,[378.91729736328125],[4174.500513076782],,,,,0,0,30,20,True,,1.0,1.0,,/data/home/hliu148/mirage/results/qwen3_3d_identical_b1_b64_repeat1/b16_in32_out256/summary.json
16,32,256,32,255,1,0,512,16,16,False,1.125,93.3447265625,completed,,Qwen/Qwen3-8B,identical,994fc58416e6018c76fc0ec17c1ed0ee02eaef4b1cbc8327c0cc5c22a9de6e6e,cec73259ef6b1952599c9ec97de94f12f18e6321,NVIDIA H100 NVL,590.48.01,2.6.0+cu124,12.4,4.57.1,0.7.0,always,MPK,MPK,split_two_mpk_launches,270.9735107421875,1686.4517822265625,1957.42529296875,,,6.6135364008884805,,,,2419.2805528144545,2092.5447396195427,,[270.9735107421875],[1686.4517822265625],,30,1.0,1.0,0,0,30,20,True,"[[30, 30, 30, 30, 30, 30, 30, 30, 30, 30, 30, 30, 30, 30, 30, 30]]",2.4753156639707403,2.3262281461245826,,/data/home/hliu148/mirage/results/qwen3_3d_identical_b1_b64_repeat1/b16_in32_out256/summary.json
16,32,256,32,255,1,0,512,16,16,False,1.125,93.3447265625,completed,,Qwen/Qwen3-8B,identical,994fc58416e6018c76fc0ec17c1ed0ee02eaef4b1cbc8327c0cc5c22a9de6e6e,cec73259ef6b1952599c9ec97de94f12f18e6321,NVIDIA H100 NVL,590.48.01,2.6.0+cu124,12.4,4.57.1,0.7.0,always-continuous,MPK,MPK,continuous_one_mpk_launch,,,,2493.015380859375,1642.9902644997142,,,,,,,,,,[2493.015380859375],30,1.0,1.0,0,0,30,20,True,"[[30, 30, 30, 30, 30, 30, 30, 30, 30, 30, 30, 30, 30, 30, 30, 30]]",,,1.8264700031134349,/data/home/hliu148/mirage/results/qwen3_3d_identical_b1_b64_repeat1/b16_in32_out256/summary.json
16,32,256,32,255,1,0,512,16,16,False,1.125,93.3447265625,completed,,Qwen/Qwen3-8B,identical,994fc58416e6018c76fc0ec17c1ed0ee02eaef4b1cbc8327c0cc5c22a9de6e6e,cec73259ef6b1952599c9ec97de94f12f18e6321,NVIDIA H100 NVL,590.48.01,2.6.0+cu124,12.4,4.57.1,0.7.0,decode-only,NORMAL,MPK,one_prefill_phase_then_decode,354.8582458496094,1676.35302734375,2031.2112731933594,,,6.573933440563725,,,,2433.8548822648218,2016.5307538690904,,[354.8582458496094],[1676.35302734375],,30,1.0,1.0,0,0,30,20,True,"[[30, 30, 30, 30, 30, 30, 30, 30, 30, 30, 30, 30, 30, 30, 30, 30]]",2.490227562443365,2.241725353996007,,/data/home/hliu148/mirage/results/qwen3_3d_identical_b1_b64_repeat1/b16_in32_out256/summary.json
16,32,256,32,255,1,0,512,16,16,False,1.125,93.3447265625,completed,,Qwen/Qwen3-8B,identical,994fc58416e6018c76fc0ec17c1ed0ee02eaef4b1cbc8327c0cc5c22a9de6e6e,cec73259ef6b1952599c9ec97de94f12f18e6321,NVIDIA H100 NVL,590.48.01,2.6.0+cu124,12.4,4.57.1,0.7.0,prefill-only,MPK,NORMAL,one_prefill_phase_then_decode,271.2578430175781,4420.588972091675,4691.846815109253,,,17.33564302781049,16.05891227722168,16.270483016967773,17.143552665710452,922.953937983852,873.0037789830574,,[271.2578430175781],[4420.588972091675],,30,1.0,1.0,0,0,30,20,True,"[[30, 30, 30, 30, 30, 30, 30, 30, 30, 30, 30, 30, 30, 30, 30, 30]]",0.9443312959950557,0.9704958388190758,,/data/home/hliu148/mirage/results/qwen3_3d_identical_b1_b64_repeat1/b16_in32_out256/summary.json
16,32,512,32,511,1,0,1024,16,16,False,2.25,93.3447265625,completed,,Qwen/Qwen3-8B,identical,994fc58416e6018c76fc0ec17c1ed0ee02eaef4b1cbc8327c0cc5c22a9de6e6e,cec73259ef6b1952599c9ec97de94f12f18e6321,NVIDIA H100 NVL,590.48.01,2.6.0+cu124,12.4,4.57.1,0.7.0,normal,NORMAL,NORMAL,one_prefill_phase_then_decode,375.08233642578125,8310.983141899109,8686.06547832489,,,16.26415487651489,16.229248046875,16.36809539794922,16.991308021545407,983.7584627962241,943.1197612362265,,[375.08233642578125],[8310.983141899109],,,,,0,0,30,20,True,,1.0,1.0,,/data/home/hliu148/mirage/results/qwen3_3d_identical_b1_b64_repeat1/b16_in32_out512/summary.json
16,32,512,32,511,1,0,1024,16,16,False,2.25,93.3447265625,completed,,Qwen/Qwen3-8B,identical,994fc58416e6018c76fc0ec17c1ed0ee02eaef4b1cbc8327c0cc5c22a9de6e6e,cec73259ef6b1952599c9ec97de94f12f18e6321,NVIDIA H100 NVL,590.48.01,2.6.0+cu124,12.4,4.57.1,0.7.0,always,MPK,MPK,split_two_mpk_launches,271.30010986328125,3466.86865234375,3738.1687622070312,,,6.784478771709883,,,,2358.3241304722283,2191.4473425655096,,[271.30010986328125],[3466.86865234375],,30,1.0,1.0,0,0,30,20,True,"[[30, 30, 30, 30, 30, 30, 30, 30, 30, 30, 30, 30, 30, 30, 30, 30]]",2.3972593066889143,2.323615125711071,,/data/home/hliu148/mirage/results/qwen3_3d_identical_b1_b64_repeat1/b16_in32_out512/summary.json
16,32,512,32,511,1,0,1024,16,16,False,2.25,93.3447265625,completed,,Qwen/Qwen3-8B,identical,994fc58416e6018c76fc0ec17c1ed0ee02eaef4b1cbc8327c0cc5c22a9de6e6e,cec73259ef6b1952599c9ec97de94f12f18e6321,NVIDIA H100 NVL,590.48.01,2.6.0+cu124,12.4,4.57.1,0.7.0,always-continuous,MPK,MPK,continuous_one_mpk_launch,,,,4226.10986328125,1938.4257070968667,,,,,,,,,,[4226.10986328125],30,1.0,1.0,0,0,30,20,True,"[[30, 30, 30, 30, 30, 30, 30, 30, 30, 30, 30, 30, 30, 30, 30, 30]]",,,2.055333571375929,/data/home/hliu148/mirage/results/qwen3_3d_identical_b1_b64_repeat1/b16_in32_out512/summary.json
16,32,512,32,511,1,0,1024,16,16,False,2.25,93.3447265625,completed,,Qwen/Qwen3-8B,identical,994fc58416e6018c76fc0ec17c1ed0ee02eaef4b1cbc8327c0cc5c22a9de6e6e,cec73259ef6b1952599c9ec97de94f12f18e6321,NVIDIA H100 NVL,590.48.01,2.6.0+cu124,12.4,4.57.1,0.7.0,decode-only,NORMAL,MPK,one_prefill_phase_then_decode,343.1707458496094,3441.878173828125,3785.0489196777344,,,6.735573725691047,,,,2375.447237548937,2164.304920185148,,[343.1707458496094],[3441.878173828125],,30,1.0,1.0,0,0,30,20,True,"[[30, 30, 30, 30, 30, 30, 30, 30, 30, 30, 30, 30, 30, 30, 30, 30]]",2.414665110780336,2.294835724095327,,/data/home/hliu148/mirage/results/qwen3_3d_identical_b1_b64_repeat1/b16_in32_out512/summary.json
16,32,512,32,511,1,0,1024,16,16,False,2.25,93.3447265625,completed,,Qwen/Qwen3-8B,identical,994fc58416e6018c76fc0ec17c1ed0ee02eaef4b1cbc8327c0cc5c22a9de6e6e,cec73259ef6b1952599c9ec97de94f12f18e6321,NVIDIA H100 NVL,590.48.01,2.6.0+cu124,12.4,4.57.1,0.7.0,prefill-only,MPK,NORMAL,one_prefill_phase_then_decode,271.6184387207031,8668.593343734741,8940.211782455444,,,16.96397914625194,16.292064666748047,16.428543090820312,16.93031768798828,943.1749392084744,916.3093894572208,,[271.6184387207031],[8668.593343734741],,30,1.0,1.0,0,0,30,20,True,"[[30, 30, 30, 30, 30, 30, 30, 30, 30, 30, 30, 30, 30, 30, 30, 30]]",0.958746455433384,0.9715726751988919,,/data/home/hliu148/mirage/results/qwen3_3d_identical_b1_b64_repeat1/b16_in32_out512/summary.json
16,64,16,64,15,1,0,128,16,16,False,0.28125,93.3447265625,completed,,Qwen/Qwen3-8B,identical,fe176e993bfd5178ad64c7c0cccc13b2698a9967ef0d34674fae371ede2c6375,cec73259ef6b1952599c9ec97de94f12f18e6321,NVIDIA H100 NVL,590.48.01,2.6.0+cu124,12.4,4.57.1,0.7.0,normal,NORMAL,NORMAL,one_prefill_phase_then_decode,386.1131286621094,257.0825252532959,643.1956539154053,,,17.138835016886393,16.033151626586914,16.21841926574707,30.165881004333485,933.552367137887,398.0126396091441,,[386.1131286621094],[257.0825252532959],,,,,0,0,16,11,True,,1.0,1.0,,/data/home/hliu148/mirage/results/qwen3_3d_identical_b1_b64_repeat1/b16_in64_out16/summary.json
16,64,16,64,15,1,0,128,16,16,False,0.28125,93.3447265625,completed,,Qwen/Qwen3-8B,identical,fe176e993bfd5178ad64c7c0cccc13b2698a9967ef0d34674fae371ede2c6375,cec73259ef6b1952599c9ec97de94f12f18e6321,NVIDIA H100 NVL,590.48.01,2.6.0+cu124,12.4,4.57.1,0.7.0,always,MPK,MPK,split_two_mpk_launches,542.8264770507812,98.2682876586914,641.0947647094727,,,6.551219177246094,,,,2442.29349791436,399.31694047761016,,[542.8264770507812],[98.2682876586914],,16,1.0,1.0,0,0,16,11,True,"[[16, 16, 16, 16, 16, 16, 16, 16, 16, 16, 16, 16, 16, 16, 16, 16]]",2.6161290827230372,1.0032770337890446,,/data/home/hliu148/mirage/results/qwen3_3d_identical_b1_b64_repeat1/b16_in64_out16/summary.json
16,64,16,64,15,1,0,128,16,16,False,0.28125,93.3447265625,completed,,Qwen/Qwen3-8B,identical,fe176e993bfd5178ad64c7c0cccc13b2698a9967ef0d34674fae371ede2c6375,cec73259ef6b1952599c9ec97de94f12f18e6321,NVIDIA H100 NVL,590.48.01,2.6.0+cu124,12.4,4.57.1,0.7.0,always-continuous,MPK,MPK,continuous_one_mpk_launch,,,,702.4774169921875,364.4245264084369,,,,,,,,,,[702.4774169921875],16,1.0,1.0,0,0,16,11,True,"[[16, 16, 16, 16, 16, 16, 16, 16, 16, 16, 16, 16, 16, 16, 16, 16]]",,,0.9156104358050253,/data/home/hliu148/mirage/results/qwen3_3d_identical_b1_b64_repeat1/b16_in64_out16/summary.json
16,64,16,64,15,1,0,128,16,16,False,0.28125,93.3447265625,completed,,Qwen/Qwen3-8B,identical,fe176e993bfd5178ad64c7c0cccc13b2698a9967ef0d34674fae371ede2c6375,cec73259ef6b1952599c9ec97de94f12f18e6321,NVIDIA H100 NVL,590.48.01,2.6.0+cu124,12.4,4.57.1,0.7.0,decode-only,NORMAL,MPK,one_prefill_phase_then_decode,360.1553955078125,103.41302490234375,463.56842041015625,,,6.89420166015625,,,,2320.79083100644,552.2377899976366,,[360.1553955078125],[103.41302490234375],,16,1.0,1.0,0,0,16,11,True,"[[16, 16, 16, 16, 16, 16, 16, 16, 16, 16, 16, 16, 16, 16, 16, 16]]",2.4859781975826274,1.3874880720872194,,/data/home/hliu148/mirage/results/qwen3_3d_identical_b1_b64_repeat1/b16_in64_out16/summary.json
16,64,16,64,15,1,0,128,16,16,False,0.28125,93.3447265625,completed,,Qwen/Qwen3-8B,identical,fe176e993bfd5178ad64c7c0cccc13b2698a9967ef0d34674fae371ede2c6375,cec73259ef6b1952599c9ec97de94f12f18e6321,NVIDIA H100 NVL,590.48.01,2.6.0+cu124,12.4,4.57.1,0.7.0,prefill-only,MPK,NORMAL,one_prefill_phase_then_decode,541.8296508789062,585.2412767410278,1127.070927619934,,,39.016085116068524,16.077728271484375,16.63129577636719,312.01230972290017,410.08727432293057,227.13743538803016,,[541.8296508789062],[585.2412767410278],,16,1.0,1.0,0,0,16,11,True,"[[16, 16, 16, 16, 16, 16, 16, 16, 16, 16, 16, 16, 16, 16, 16, 16]]",0.4392761335715837,0.5706789503245007,,/data/home/hliu148/mirage/results/qwen3_3d_identical_b1_b64_repeat1/b16_in64_out16/summary.json
16,64,32,64,31,1,0,128,16,16,False,0.28125,93.3447265625,completed,,Qwen/Qwen3-8B,identical,fe176e993bfd5178ad64c7c0cccc13b2698a9967ef0d34674fae371ede2c6375,cec73259ef6b1952599c9ec97de94f12f18e6321,NVIDIA H100 NVL,590.48.01,2.6.0+cu124,12.4,4.57.1,0.7.0,normal,NORMAL,NORMAL,one_prefill_phase_then_decode,390.79364013671875,518.3619222640991,909.1555624008179,,,16.721352331099972,16.19046401977539,16.280351638793945,28.100835800170884,956.8604071718331,563.1599488298301,,[390.79364013671875],[518.3619222640991],,,,,0,0,30,20,True,,1.0,1.0,,/data/home/hliu148/mirage/results/qwen3_3d_identical_b1_b64_repeat1/b16_in64_out32/summary.json
16,64,32,64,31,1,0,128,16,16,False,0.28125,93.3447265625,completed,,Qwen/Qwen3-8B,identical,fe176e993bfd5178ad64c7c0cccc13b2698a9967ef0d34674fae371ede2c6375,cec73259ef6b1952599c9ec97de94f12f18e6321,NVIDIA H100 NVL,590.48.01,2.6.0+cu124,12.4,4.57.1,0.7.0,always,MPK,MPK,split_two_mpk_launches,543.5054931640625,203.18511962890625,746.6906127929688,,,6.554358697706653,,,,2441.123645795941,685.6922950790594,,[543.5054931640625],[203.18511962890625],,30,1.0,1.0,0,0,30,20,True,"[[30, 30, 30, 30, 30, 30, 30, 30, 30, 30, 30, 30, 30, 30, 30, 30]]",2.551180535320826,1.2175800081377144,,/data/home/hliu148/mirage/results/qwen3_3d_identical_b1_b64_repeat1/b16_in64_out32/summary.json
16,64,32,64,31,1,0,128,16,16,False,0.28125,93.3447265625,completed,,Qwen/Qwen3-8B,identical,fe176e993bfd5178ad64c7c0cccc13b2698a9967ef0d34674fae371ede2c6375,cec73259ef6b1952599c9ec97de94f12f18e6321,NVIDIA H100 NVL,590.48.01,2.6.0+cu124,12.4,4.57.1,0.7.0,always-continuous,MPK,MPK,continuous_one_mpk_launch,,,,889.9774780273438,575.2954570657902,,,,,,,,,,[889.9774780273438],30,1.0,1.0,0,0,30,20,True,"[[30, 30, 30, 30, 30, 30, 30, 30, 30, 30, 30, 30, 30, 30, 30, 30]]",,,1.0215489547173517,/data/home/hliu148/mirage/results/qwen3_3d_identical_b1_b64_repeat1/b16_in64_out32/summary.json
16,64,32,64,31,1,0,128,16,16,False,0.28125,93.3447265625,completed,,Qwen/Qwen3-8B,identical,fe176e993bfd5178ad64c7c0cccc13b2698a9967ef0d34674fae371ede2c6375,cec73259ef6b1952599c9ec97de94f12f18e6321,NVIDIA H100 NVL,590.48.01,2.6.0+cu124,12.4,4.57.1,0.7.0,decode-only,NORMAL,MPK,one_prefill_phase_then_decode,363.5340881347656,210.71466064453125,574.2487487792969,,,6.797247117565524,,,,2353.894116730377,891.5996788645662,,[363.5340881347656],[210.71466064453125],,30,1.0,1.0,0,0,30,20,True,"[[30, 30, 30, 30, 30, 30, 30, 30, 30, 30, 30, 30, 30, 30, 30, 30]]",2.460018304747,1.5832086083486392,,/data/home/hliu148/mirage/results/qwen3_3d_identical_b1_b64_repeat1/b16_in64_out32/summary.json
16,64,32,64,31,1,0,128,16,16,False,0.28125,93.3447265625,completed,,Qwen/Qwen3-8B,identical,fe176e993bfd5178ad64c7c0cccc13b2698a9967ef0d34674fae371ede2c6375,cec73259ef6b1952599c9ec97de94f12f18e6321,NVIDIA H100 NVL,590.48.01,2.6.0+cu124,12.4,4.57.1,0.7.0,prefill-only,MPK,NORMAL,one_prefill_phase_then_decode,543.55810546875,851.3257293701172,1394.8838348388672,,,27.462120302261845,16.246431350708008,16.388160705566406,258.30460529327365,582.6207089582301,367.0556552540052,,[543.55810546875],[851.3257293701172],,30,1.0,1.0,0,0,30,20,True,"[[30, 30, 30, 30, 30, 30, 30, 30, 30, 30, 30, 30, 30, 30, 30, 30]]",0.6088878843678637,0.651778692743859,,/data/home/hliu148/mirage/results/qwen3_3d_identical_b1_b64_repeat1/b16_in64_out32/summary.json
16,64,64,64,63,1,0,128,16,16,False,0.28125,93.3447265625,completed,,Qwen/Qwen3-8B,identical,fe176e993bfd5178ad64c7c0cccc13b2698a9967ef0d34674fae371ede2c6375,cec73259ef6b1952599c9ec97de94f12f18e6321,NVIDIA H100 NVL,590.48.01,2.6.0+cu124,12.4,4.57.1,0.7.0,normal,NORMAL,NORMAL,one_prefill_phase_then_decode,392.81805419921875,1025.37468624115,1418.1927404403687,,,16.275788670494443,15.979519844055176,16.14918441772461,23.697921257019082,983.0552806946673,722.0457211493225,,[392.81805419921875],[1025.37468624115],,,,,0,0,30,20,True,,1.0,1.0,,/data/home/hliu148/mirage/results/qwen3_3d_identical_b1_b64_repeat1/b16_in64_out64/summary.json
16,64,64,64,63,1,0,128,16,16,False,0.28125,93.3447265625,completed,,Qwen/Qwen3-8B,identical,fe176e993bfd5178ad64c7c0cccc13b2698a9967ef0d34674fae371ede2c6375,cec73259ef6b1952599c9ec97de94f12f18e6321,NVIDIA H100 NVL,590.48.01,2.6.0+cu124,12.4,4.57.1,0.7.0,always,MPK,MPK,split_two_mpk_launches,545.94580078125,412.61077880859375,958.5565795898438,,,6.54937744140625,,,,2442.98028982806,1068.2728821684775,,[545.94580078125],[412.61077880859375],,30,1.0,1.0,0,0,30,20,True,"[[30, 30, 30, 30, 30, 30, 30, 30, 30, 30, 30, 30, 30, 30, 30, 30]]",2.4850894327140485,1.4795086389654728,,/data/home/hliu148/mirage/results/qwen3_3d_identical_b1_b64_repeat1/b16_in64_out64/summary.json
16,64,64,64,63,1,0,128,16,16,False,0.28125,93.3447265625,completed,,Qwen/Qwen3-8B,identical,fe176e993bfd5178ad64c7c0cccc13b2698a9967ef0d34674fae371ede2c6375,cec73259ef6b1952599c9ec97de94f12f18e6321,NVIDIA H100 NVL,590.48.01,2.6.0+cu124,12.4,4.57.1,0.7.0,always-continuous,MPK,MPK,continuous_one_mpk_launch,,,,1217.2733154296875,841.2243881634228,,,,,,,,,,[1217.2733154296875],30,1.0,1.0,0,0,30,20,True,"[[30, 30, 30, 30, 30, 30, 30, 30, 30, 30, 30, 30, 30, 30, 30, 30]]",,,1.1650569534909736,/data/home/hliu148/mirage/results/qwen3_3d_identical_b1_b64_repeat1/b16_in64_out64/summary.json
16,64,64,64,63,1,0,128,16,16,False,0.28125,93.3447265625,completed,,Qwen/Qwen3-8B,identical,fe176e993bfd5178ad64c7c0cccc13b2698a9967ef0d34674fae371ede2c6375,cec73259ef6b1952599c9ec97de94f12f18e6321,NVIDIA H100 NVL,590.48.01,2.6.0+cu124,12.4,4.57.1,0.7.0,decode-only,NORMAL,MPK,one_prefill_phase_then_decode,361.42730712890625,417.7118225097656,779.1391296386719,,,6.630346389043899,,,,2413.1469249387455,1314.271047424974,,[361.42730712890625],[417.7118225097656],,30,1.0,1.0,0,0,30,20,True,"[[30, 30, 30, 30, 30, 30, 30, 30, 30, 30, 30, 30, 30, 30, 30, 30]]",2.4547418363222837,1.8202047445596268,,/data/home/hliu148/mirage/results/qwen3_3d_identical_b1_b64_repeat1/b16_in64_out64/summary.json
16,64,64,64,63,1,0,128,16,16,False,0.28125,93.3447265625,completed,,Qwen/Qwen3-8B,identical,fe176e993bfd5178ad64c7c0cccc13b2698a9967ef0d34674fae371ede2c6375,cec73259ef6b1952599c9ec97de94f12f18e6321,NVIDIA H100 NVL,590.48.01,2.6.0+cu124,12.4,4.57.1,0.7.0,prefill-only,MPK,NORMAL,one_prefill_phase_then_decode,543.0088500976562,1360.5276374816895,1903.5364875793457,,,21.59567678542364,16.113855361938477,16.236851119995116,147.17147712707606,740.8890288078151,537.946084396933,,[543.0088500976562],[1360.5276374816895],,30,1.0,1.0,0,0,30,20,True,"[[30, 30, 30, 30, 30, 30, 30, 30, 30, 30, 30, 30, 30, 30, 30, 30]]",0.7536595788227417,0.7450304996484884,,/data/home/hliu148/mirage/results/qwen3_3d_identical_b1_b64_repeat1/b16_in64_out64/summary.json
16,64,128,64,127,1,0,256,16,16,False,0.5625,93.3447265625,completed,,Qwen/Qwen3-8B,identical,fe176e993bfd5178ad64c7c0cccc13b2698a9967ef0d34674fae371ede2c6375,cec73259ef6b1952599c9ec97de94f12f18e6321,NVIDIA H100 NVL,590.48.01,2.6.0+cu124,12.4,4.57.1,0.7.0,normal,NORMAL,NORMAL,one_prefill_phase_then_decode,478.1015625,2042.0664386749268,2520.1680011749268,,,16.079263296652968,15.897120475769043,16.104262161254884,18.586581916809077,995.0704646605628,812.6442360371224,,[478.1015625],[2042.0664386749268],,,,,0,0,30,20,True,,1.0,1.0,,/data/home/hliu148/mirage/results/qwen3_3d_identical_b1_b64_repeat1/b16_in64_out128/summary.json
16,64,128,64,127,1,0,256,16,16,False,0.5625,93.3447265625,completed,,Qwen/Qwen3-8B,identical,fe176e993bfd5178ad64c7c0cccc13b2698a9967ef0d34674fae371ede2c6375,cec73259ef6b1952599c9ec97de94f12f18e6321,NVIDIA H100 NVL,590.48.01,2.6.0+cu124,12.4,4.57.1,0.7.0,always,MPK,MPK,split_two_mpk_launches,551.5476684570312,835.8060913085938,1387.353759765625,,,6.581150325264518,,,,2431.1859187560663,1476.191624222781,,[551.5476684570312],[835.8060913085938],,30,1.0,1.0,0,0,30,20,True,"[[30, 30, 30, 30, 30, 30, 30, 30, 30, 30, 30, 30, 30, 30, 30, 30]]",2.443229906924621,1.816528757308933,,/data/home/hliu148/mirage/results/qwen3_3d_identical_b1_b64_repeat1/b16_in64_out128/summary.json
16,64,128,64,127,1,0,256,16,16,False,0.5625,93.3447265625,completed,,Qwen/Qwen3-8B,identical,fe176e993bfd5178ad64c7c0cccc13b2698a9967ef0d34674fae371ede2c6375,cec73259ef6b1952599c9ec97de94f12f18e6321,NVIDIA H100 NVL,590.48.01,2.6.0+cu124,12.4,4.57.1,0.7.0,always-continuous,MPK,MPK,continuous_one_mpk_launch,,,,1927.5595703125,1062.4833761521436,,,,,,,,,,[1927.5595703125],30,1.0,1.0,0,0,30,20,True,"[[30, 30, 30, 30, 30, 30, 30, 30, 30, 30, 30, 30, 30, 30, 30, 30]]",,,1.3074397491986989,/data/home/hliu148/mirage/results/qwen3_3d_identical_b1_b64_repeat1/b16_in64_out128/summary.json
16,64,128,64,127,1,0,256,16,16,False,0.5625,93.3447265625,completed,,Qwen/Qwen3-8B,identical,fe176e993bfd5178ad64c7c0cccc13b2698a9967ef0d34674fae371ede2c6375,cec73259ef6b1952599c9ec97de94f12f18e6321,NVIDIA H100 NVL,590.48.01,2.6.0+cu124,12.4,4.57.1,0.7.0,decode-only,NORMAL,MPK,one_prefill_phase_then_decode,364.6778564453125,841.9655151367188,1206.6433715820312,,,6.629649725485974,,,,2413.400505684657,1697.270335405618,,[364.6778564453125],[841.9655151367188],,30,1.0,1.0,0,0,30,20,True,"[[30, 30, 30, 30, 30, 30, 30, 30, 30, 30, 30, 30, 30, 30, 30, 30]]",2.425356385698689,2.088577338199548,,/data/home/hliu148/mirage/results/qwen3_3d_identical_b1_b64_repeat1/b16_in64_out128/summary.json
16,64,128,64,127,1,0,256,16,16,False,0.5625,93.3447265625,completed,,Qwen/Qwen3-8B,identical,fe176e993bfd5178ad64c7c0cccc13b2698a9967ef0d34674fae371ede2c6375,cec73259ef6b1952599c9ec97de94f12f18e6321,NVIDIA H100 NVL,590.48.01,2.6.0+cu124,12.4,4.57.1,0.7.0,prefill-only,MPK,NORMAL,one_prefill_phase_then_decode,541.6386108398438,2407.4627771377563,2949.1013879776,,,18.956399819982334,16.117504119873047,16.27838706970215,19.589868965148916,844.0421257170399,694.4488271406814,,[541.6386108398438],[2407.4627771377563],,30,1.0,1.0,0,0,30,20,True,"[[30, 30, 30, 30, 30, 30, 30, 30, 30, 30, 30, 30, 30, 30, 30, 30]]",0.8482234733044343,0.8545545471745133,,/data/home/hliu148/mirage/results/qwen3_3d_identical_b1_b64_repeat1/b16_in64_out128/summary.json
16,64,256,64,255,1,0,512,16,16,False,1.125,93.3447265625,completed,,Qwen/Qwen3-8B,identical,fe176e993bfd5178ad64c7c0cccc13b2698a9967ef0d34674fae371ede2c6375,cec73259ef6b1952599c9ec97de94f12f18e6321,NVIDIA H100 NVL,590.48.01,2.6.0+cu124,12.4,4.57.1,0.7.0,normal,NORMAL,NORMAL,one_prefill_phase_then_decode,388.766845703125,4190.546615600586,4579.313461303711,,,16.43351613961014,16.37331199645996,16.484563446044923,17.59934326171876,973.6200009829165,894.4572225972681,,[388.766845703125],[4190.546615600586],,,,,0,0,30,20,True,,1.0,1.0,,/data/home/hliu148/mirage/results/qwen3_3d_identical_b1_b64_repeat1/b16_in64_out256/summary.json
16,64,256,64,255,1,0,512,16,16,False,1.125,93.3447265625,completed,,Qwen/Qwen3-8B,identical,fe176e993bfd5178ad64c7c0cccc13b2698a9967ef0d34674fae371ede2c6375,cec73259ef6b1952599c9ec97de94f12f18e6321,NVIDIA H100 NVL,590.48.01,2.6.0+cu124,12.4,4.57.1,0.7.0,always,MPK,MPK,split_two_mpk_launches,543.77197265625,1699.5712890625,2243.34326171875,,,6.664985447303922,,,,2400.60539164001,1825.846302657145,,[543.77197265625],[1699.5712890625],,30,1.0,1.0,0,0,30,20,True,"[[30, 30, 30, 30, 30, 30, 30, 30, 30, 30, 30, 30, 30, 30, 30, 30]]",2.4656492155219523,2.0412896855540708,,/data/home/hliu148/mirage/results/qwen3_3d_identical_b1_b64_repeat1/b16_in64_out256/summary.json
16,64,256,64,255,1,0,512,16,16,False,1.125,93.3447265625,completed,,Qwen/Qwen3-8B,identical,fe176e993bfd5178ad64c7c0cccc13b2698a9967ef0d34674fae371ede2c6375,cec73259ef6b1952599c9ec97de94f12f18e6321,NVIDIA H100 NVL,590.48.01,2.6.0+cu124,12.4,4.57.1,0.7.0,always-continuous,MPK,MPK,continuous_one_mpk_launch,,,,3271.43017578125,1252.0517877236473,,,,,,,,,,[3271.43017578125],30,1.0,1.0,0,0,30,20,True,"[[30, 30, 30, 30, 30, 30, 30, 30, 30, 30, 30, 30, 30, 30, 30, 30]]",,,1.3997894545342469,/data/home/hliu148/mirage/results/qwen3_3d_identical_b1_b64_repeat1/b16_in64_out256/summary.json
16,64,256,64,255,1,0,512,16,16,False,1.125,93.3447265625,completed,,Qwen/Qwen3-8B,identical,fe176e993bfd5178ad64c7c0cccc13b2698a9967ef0d34674fae371ede2c6375,cec73259ef6b1952599c9ec97de94f12f18e6321,NVIDIA H100 NVL,590.48.01,2.6.0+cu124,12.4,4.57.1,0.7.0,decode-only,NORMAL,MPK,one_prefill_phase_then_decode,359.494384765625,1703.8125,2063.306884765625,,,6.6816176470588236,,,,2394.62969076703,1985.1627648037788,,[359.494384765625],[1703.8125],,30,1.0,1.0,0,0,30,20,True,"[[30, 30, 30, 30, 30, 30, 30, 30, 30, 30, 30, 30, 30, 30, 30, 30]]",2.4595116044756016,2.219404924742392,,/data/home/hliu148/mirage/results/qwen3_3d_identical_b1_b64_repeat1/b16_in64_out256/summary.json
16,64,256,64,255,1,0,512,16,16,False,1.125,93.3447265625,completed,,Qwen/Qwen3-8B,identical,fe176e993bfd5178ad64c7c0cccc13b2698a9967ef0d34674fae371ede2c6375,cec73259ef6b1952599c9ec97de94f12f18e6321,NVIDIA H100 NVL,590.48.01,2.6.0+cu124,12.4,4.57.1,0.7.0,prefill-only,MPK,NORMAL,one_prefill_phase_then_decode,542.5311889648438,4513.653025627136,5056.18421459198,,,17.700600100498573,16.314847946166992,16.487181091308592,17.594503288269042,903.9241556307081,810.0970665149184,,[542.5311889648438],[4513.653025627136],,30,1.0,1.0,0,0,30,20,True,"[[30, 30, 30, 30, 30, 30, 30, 30, 30, 30, 30, 30, 30, 30, 30, 30]]",0.9284157625337944,0.9056856449351597,,/data/home/hliu148/mirage/results/qwen3_3d_identical_b1_b64_repeat1/b16_in64_out256/summary.json
16,64,512,64,511,1,0,1024,16,16,False,2.25,93.3447265625,completed,,Qwen/Qwen3-8B,identical,fe176e993bfd5178ad64c7c0cccc13b2698a9967ef0d34674fae371ede2c6375,cec73259ef6b1952599c9ec97de94f12f18e6321,NVIDIA H100 NVL,590.48.01,2.6.0+cu124,12.4,4.57.1,0.7.0,normal,NORMAL,NORMAL,one_prefill_phase_then_decode,387.6127624511719,8191.031291007996,8578.644053459167,,,16.029415442285707,15.985407829284668,16.120512008666992,16.818841934204098,998.1649086087002,954.9294677515777,,[387.6127624511719],[8191.031291007996],,,,,0,0,30,20,True,,1.0,1.0,,/data/home/hliu148/mirage/results/qwen3_3d_identical_b1_b64_repeat1/b16_in64_out512/summary.json
16,64,512,64,511,1,0,1024,16,16,False,2.25,93.3447265625,completed,,Qwen/Qwen3-8B,identical,fe176e993bfd5178ad64c7c0cccc13b2698a9967ef0d34674fae371ede2c6375,cec73259ef6b1952599c9ec97de94f12f18e6321,NVIDIA H100 NVL,590.48.01,2.6.0+cu124,12.4,4.57.1,0.7.0,always,MPK,MPK,split_two_mpk_launches,545.0940551757812,3474.781494140625,4019.8755493164062,,,6.799963785011008,,,,2352.953707675386,2037.8740335364555,,[545.0940551757812],[3474.781494140625],,30,1.0,1.0,0,0,30,20,True,"[[30, 30, 30, 30, 30, 30, 30, 30, 30, 30, 30, 30, 30, 30, 30, 30]]",2.357279531049702,2.1340571239619583,,/data/home/hliu148/mirage/results/qwen3_3d_identical_b1_b64_repeat1/b16_in64_out512/summary.json
16,64,512,64,511,1,0,1024,16,16,False,2.25,93.3447265625,completed,,Qwen/Qwen3-8B,identical,fe176e993bfd5178ad64c7c0cccc13b2698a9967ef0d34674fae371ede2c6375,cec73259ef6b1952599c9ec97de94f12f18e6321,NVIDIA H100 NVL,590.48.01,2.6.0+cu124,12.4,4.57.1,0.7.0,always-continuous,MPK,MPK,continuous_one_mpk_launch,,,,5144.97021484375,1592.2346792922663,,,,,,,,,,[5144.97021484375],30,1.0,1.0,0,0,30,20,True,"[[30, 30, 30, 30, 30, 30, 30, 30, 30, 30, 30, 30, 30, 30, 30, 30]]",,,1.6673845902370683,/data/home/hliu148/mirage/results/qwen3_3d_identical_b1_b64_repeat1/b16_in64_out512/summary.json
16,64,512,64,511,1,0,1024,16,16,False,2.25,93.3447265625,completed,,Qwen/Qwen3-8B,identical,fe176e993bfd5178ad64c7c0cccc13b2698a9967ef0d34674fae371ede2c6375,cec73259ef6b1952599c9ec97de94f12f18e6321,NVIDIA H100 NVL,590.48.01,2.6.0+cu124,12.4,4.57.1,0.7.0,decode-only,NORMAL,MPK,one_prefill_phase_then_decode,357.1253356933594,3560.924072265625,3918.0494079589844,,,6.96854025883684,,,,2296.033230160409,2090.83631854133,,[357.1253356933594],[3560.924072265625],,30,1.0,1.0,0,0,30,20,True,"[[30, 30, 30, 30, 30, 30, 30, 30, 30, 30, 30, 30, 30, 30, 30, 30]]",2.300254407220899,2.1895191102064255,,/data/home/hliu148/mirage/results/qwen3_3d_identical_b1_b64_repeat1/b16_in64_out512/summary.json
16,64,512,64,511,1,0,1024,16,16,False,2.25,93.3447265625,completed,,Qwen/Qwen3-8B,identical,fe176e993bfd5178ad64c7c0cccc13b2698a9967ef0d34674fae371ede2c6375,cec73259ef6b1952599c9ec97de94f12f18e6321,NVIDIA H100 NVL,590.48.01,2.6.0+cu124,12.4,4.57.1,0.7.0,prefill-only,MPK,NORMAL,one_prefill_phase_then_decode,542.0364990234375,8688.684874534607,9230.721373558044,,,17.003297210439545,16.30143928527832,16.42803192138672,17.12581520080566,940.9939614639243,887.4712677891541,,[542.0364990234375],[8688.684874534607],,30,1.0,1.0,0,0,30,20,True,"[[30, 30, 30, 30, 30, 30, 30, 30, 30, 30, 30, 30, 30, 30, 30, 30]]",0.9427239460617143,0.9293579240765741,,/data/home/hliu148/mirage/results/qwen3_3d_identical_b1_b64_repeat1/b16_in64_out512/summary.json
16,128,16,128,15,1,0,256,16,16,False,0.5625,93.3447265625,completed,,Qwen/Qwen3-8B,identical,a7533ebd818aa93987ba244c092b976a5cd2528099815e0ffe81f42dfd65aee9,cec73259ef6b1952599c9ec97de94f12f18e6321,NVIDIA H100 NVL,590.48.01,2.6.0+cu124,12.4,4.57.1,0.7.0,normal,NORMAL,NORMAL,one_prefill_phase_then_decode,425.6180419921875,260.7920627593994,686.4101047515869,,,17.386137517293296,16.118783950805664,16.36306495666504,32.457134437561024,920.2734065622938,372.9548825518046,,[425.6180419921875],[260.7920627593994],,,,,0,0,16,11,True,,1.0,1.0,,/data/home/hliu148/mirage/results/qwen3_3d_identical_b1_b64_repeat1/b16_in128_out16/summary.json
16,128,16,128,15,1,0,256,16,16,False,0.5625,93.3447265625,completed,,Qwen/Qwen3-8B,identical,a7533ebd818aa93987ba244c092b976a5cd2528099815e0ffe81f42dfd65aee9,cec73259ef6b1952599c9ec97de94f12f18e6321,NVIDIA H100 NVL,590.48.01,2.6.0+cu124,12.4,4.57.1,0.7.0,always,MPK,MPK,split_two_mpk_launches,1091.8651123046875,99.0389404296875,1190.904052734375,,,6.602596028645833,,,,2423.28925328505,214.96274146704872,,[1091.8651123046875],[99.0389404296875],,16,1.0,1.0,0,0,16,11,True,"[[16, 16, 16, 16, 16, 16, 16, 16, 16, 16, 16, 16, 16, 16, 16, 16]]",2.633227512612054,0.5763773355003329,,/data/home/hliu148/mirage/results/qwen3_3d_identical_b1_b64_repeat1/b16_in128_out16/summary.json
16,128,16,128,15,1,0,256,16,16,False,0.5625,93.3447265625,completed,,Qwen/Qwen3-8B,identical,a7533ebd818aa93987ba244c092b976a5cd2528099815e0ffe81f42dfd65aee9,cec73259ef6b1952599c9ec97de94f12f18e6321,NVIDIA H100 NVL,590.48.01,2.6.0+cu124,12.4,4.57.1,0.7.0,always-continuous,MPK,MPK,continuous_one_mpk_launch,,,,1248.475341796875,205.05010505978484,,,,,,,,,,[1248.475341796875],16,1.0,1.0,0,0,16,11,True,"[[16, 16, 16, 16, 16, 16, 16, 16, 16, 16, 16, 16, 16, 16, 16, 16]]",,,0.549798687864886,/data/home/hliu148/mirage/results/qwen3_3d_identical_b1_b64_repeat1/b16_in128_out16/summary.json
16,128,16,128,15,1,0,256,16,16,False,0.5625,93.3447265625,completed,,Qwen/Qwen3-8B,identical,a7533ebd818aa93987ba244c092b976a5cd2528099815e0ffe81f42dfd65aee9,cec73259ef6b1952599c9ec97de94f12f18e6321,NVIDIA H100 NVL,590.48.01,2.6.0+cu124,12.4,4.57.1,0.7.0,decode-only,NORMAL,MPK,one_prefill_phase_then_decode,397.9258728027344,106.1415023803711,504.06737518310547,,,7.076100158691406,,,,2261.1324940543104,507.8686155933152,,[397.9258728027344],[106.1415023803711],,16,1.0,1.0,0,0,16,11,True,"[[16, 16, 16, 16, 16, 16, 16, 16, 16, 16, 16, 16, 16, 16, 16, 16]]",2.4570225304030373,1.3617427719900428,,/data/home/hliu148/mirage/results/qwen3_3d_identical_b1_b64_repeat1/b16_in128_out16/summary.json
16,128,16,128,15,1,0,256,16,16,False,0.5625,93.3447265625,completed,,Qwen/Qwen3-8B,identical,a7533ebd818aa93987ba244c092b976a5cd2528099815e0ffe81f42dfd65aee9,cec73259ef6b1952599c9ec97de94f12f18e6321,NVIDIA H100 NVL,590.48.01,2.6.0+cu124,12.4,4.57.1,0.7.0,prefill-only,MPK,NORMAL,one_prefill_phase_then_decode,1086.2869873046875,593.3372135162354,1679.6242008209229,,,39.55581423441569,16.687776565551758,17.353772735595705,311.1597196197508,404.49173679451496,152.41504610071647,,[1086.2869873046875],[593.3372135162354],,16,1.0,1.0,0,0,16,11,True,"[[16, 16, 16, 16, 16, 16, 16, 16, 16, 16, 16, 16, 16, 16, 16, 16]]",0.4395343100323901,0.4086688584363701,,/data/home/hliu148/mirage/results/qwen3_3d_identical_b1_b64_repeat1/b16_in128_out16/summary.json
16,128,32,128,31,1,0,256,16,16,False,0.5625,93.3447265625,completed,,Qwen/Qwen3-8B,identical,a7533ebd818aa93987ba244c092b976a5cd2528099815e0ffe81f42dfd65aee9,cec73259ef6b1952599c9ec97de94f12f18e6321,NVIDIA H100 NVL,590.48.01,2.6.0+cu124,12.4,4.57.1,0.7.0,normal,NORMAL,NORMAL,one_prefill_phase_then_decode,423.6189880371094,524.0133399963379,947.6323280334473,,,16.903656128914125,16.284832000732422,16.420448303222656,29.67522163391112,946.5407884529549,540.2939355841906,,[423.6189880371094],[524.0133399963379],,,,,0,0,30,20,True,,1.0,1.0,,/data/home/hliu148/mirage/results/qwen3_3d_identical_b1_b64_repeat1/b16_in128_out32/summary.json
16,128,32,128,31,1,0,256,16,16,False,0.5625,93.3447265625,completed,,Qwen/Qwen3-8B,identical,a7533ebd818aa93987ba244c092b976a5cd2528099815e0ffe81f42dfd65aee9,cec73259ef6b1952599c9ec97de94f12f18e6321,NVIDIA H100 NVL,590.48.01,2.6.0+cu124,12.4,4.57.1,0.7.0,always,MPK,MPK,split_two_mpk_launches,1088.0419921875,205.21653747558594,1293.258529663086,,,6.6198883056640625,,,,2416.959208557974,395.89918663315063,,[1088.0419921875],[205.21653747558594],,29,0.9666666666666667,1.0,0,0,30,20,True,"[[29, 29, 29, 29, 29, 29, 29, 29, 29, 29, 29, 29, 29, 29, 29, 29]]",2.553465458692277,0.7327477888588295,,/data/home/hliu148/mirage/results/qwen3_3d_identical_b1_b64_repeat1/b16_in128_out32/summary.json
16,128,32,128,31,1,0,256,16,16,False,0.5625,93.3447265625,completed,,Qwen/Qwen3-8B,identical,a7533ebd818aa93987ba244c092b976a5cd2528099815e0ffe81f42dfd65aee9,cec73259ef6b1952599c9ec97de94f12f18e6321,NVIDIA H100 NVL,590.48.01,2.6.0+cu124,12.4,4.57.1,0.7.0,always-continuous,MPK,MPK,continuous_one_mpk_launch,,,,1439.0975341796875,355.7785263608624,,,,,,,,,,[1439.0975341796875],27,0.9625,1.0,0,0,30,20,True,"[[29, 27, 29, 30, 30, 30, 30, 30, 30, 27, 27, 27, 29, 29, 29, 29]]",,,0.6584906898430727,/data/home/hliu148/mirage/results/qwen3_3d_identical_b1_b64_repeat1/b16_in128_out32/summary.json
16,128,32,128,31,1,0,256,16,16,False,0.5625,93.3447265625,completed,,Qwen/Qwen3-8B,identical,a7533ebd818aa93987ba244c092b976a5cd2528099815e0ffe81f42dfd65aee9,cec73259ef6b1952599c9ec97de94f12f18e6321,NVIDIA H100 NVL,590.48.01,2.6.0+cu124,12.4,4.57.1,0.7.0,decode-only,NORMAL,MPK,one_prefill_phase_then_decode,406.5673522949219,211.52032470703125,618.0876770019531,,,6.823236280871976,,,,2344.928321602147,828.3614429646397,,[406.5673522949219],[211.52032470703125],,30,1.0,1.0,0,0,30,20,True,"[[30, 30, 30, 30, 30, 30, 30, 30, 30, 30, 30, 30, 30, 30, 30, 30]]",2.4773663747071533,1.5331681301752482,,/data/home/hliu148/mirage/results/qwen3_3d_identical_b1_b64_repeat1/b16_in128_out32/summary.json
16,128,32,128,31,1,0,256,16,16,False,0.5625,93.3447265625,completed,,Qwen/Qwen3-8B,identical,a7533ebd818aa93987ba244c092b976a5cd2528099815e0ffe81f42dfd65aee9,cec73259ef6b1952599c9ec97de94f12f18e6321,NVIDIA H100 NVL,590.48.01,2.6.0+cu124,12.4,4.57.1,0.7.0,prefill-only,MPK,NORMAL,one_prefill_phase_then_decode,1086.9244384765625,858.3054790496826,1945.2299175262451,,,27.687273517731697,16.430335998535156,16.565216064453125,260.7456151962278,577.8828308881031,263.20796086208253,,[1086.9244384765625],[858.3054790496826],,30,1.0,1.0,0,0,30,20,True,"[[30, 30, 30, 30, 30, 30, 30, 30, 30, 30, 30, 30, 30, 30, 30, 30]]",0.6105207910084955,0.48715697794662455,,/data/home/hliu148/mirage/results/qwen3_3d_identical_b1_b64_repeat1/b16_in128_out32/summary.json
16,128,64,128,63,1,0,256,16,16,False,0.5625,93.3447265625,completed,,Qwen/Qwen3-8B,identical,a7533ebd818aa93987ba244c092b976a5cd2528099815e0ffe81f42dfd65aee9,cec73259ef6b1952599c9ec97de94f12f18e6321,NVIDIA H100 NVL,590.48.01,2.6.0+cu124,12.4,4.57.1,0.7.0,normal,NORMAL,NORMAL,one_prefill_phase_then_decode,426.79205322265625,1051.9552364349365,1478.7472896575928,,,16.697702165633913,16.41449546813965,16.563853454589843,23.952957534790087,958.2156778990898,692.4780232308046,,[426.79205322265625],[1051.9552364349365],,,,,0,0,30,20,True,,1.0,1.0,,/data/home/hliu148/mirage/results/qwen3_3d_identical_b1_b64_repeat1/b16_in128_out64/summary.json
16,128,64,128,63,1,0,256,16,16,False,0.5625,93.3447265625,completed,,Qwen/Qwen3-8B,identical,a7533ebd818aa93987ba244c092b976a5cd2528099815e0ffe81f42dfd65aee9,cec73259ef6b1952599c9ec97de94f12f18e6321,NVIDIA H100 NVL,590.48.01,2.6.0+cu124,12.4,4.57.1,0.7.0,always,MPK,MPK,split_two_mpk_launches,1085.8443603515625,416.34259033203125,1502.1869506835938,,,6.608612544952877,,,,2421.083077751245,681.6728101212786,,[1085.8443603515625],[416.34259033203125],,29,0.9666666666666667,1.0,0,0,30,20,True,"[[29, 29, 29, 29, 29, 29, 29, 29, 29, 29, 29, 29, 29, 29, 29, 29]]",2.5266577594091615,0.9843963089844879,,/data/home/hliu148/mirage/results/qwen3_3d_identical_b1_b64_repeat1/b16_in128_out64/summary.json
16,128,64,128,63,1,0,256,16,16,False,0.5625,93.3447265625,completed,,Qwen/Qwen3-8B,identical,a7533ebd818aa93987ba244c092b976a5cd2528099815e0ffe81f42dfd65aee9,cec73259ef6b1952599c9ec97de94f12f18e6321,NVIDIA H100 NVL,590.48.01,2.6.0+cu124,12.4,4.57.1,0.7.0,always-continuous,MPK,MPK,continuous_one_mpk_launch,,,,1787.9517822265625,572.7223799764879,,,,,,,,,,[1787.9517822265625],27,0.9708333333333333,1.0,0,0,30,20,True,"[[29, 27, 29, 30, 30, 30, 29, 30, 27, 27, 29, 29, 30, 30, 30, 30]]",,,0.8270621749184349,/data/home/hliu148/mirage/results/qwen3_3d_identical_b1_b64_repeat1/b16_in128_out64/summary.json
16,128,64,128,63,1,0,256,16,16,False,0.5625,93.3447265625,completed,,Qwen/Qwen3-8B,identical,a7533ebd818aa93987ba244c092b976a5cd2528099815e0ffe81f42dfd65aee9,cec73259ef6b1952599c9ec97de94f12f18e6321,NVIDIA H100 NVL,590.48.01,2.6.0+cu124,12.4,4.57.1,0.7.0,decode-only,NORMAL,MPK,one_prefill_phase_then_decode,402.874267578125,427.16534423828125,830.0396118164062,,,6.780402289496528,,,,2359.741991236344,1233.6760624702513,,[402.874267578125],[427.16534423828125],,30,1.0,1.0,0,0,30,20,True,"[[30, 30, 30, 30, 30, 30, 30, 30, 30, 30, 30, 30, 30, 30, 30, 30]]",2.462641809837774,1.7815382164973979,,/data/home/hliu148/mirage/results/qwen3_3d_identical_b1_b64_repeat1/b16_in128_out64/summary.json
16,128,64,128,63,1,0,256,16,16,False,0.5625,93.3447265625,completed,,Qwen/Qwen3-8B,identical,a7533ebd818aa93987ba244c092b976a5cd2528099815e0ffe81f42dfd65aee9,cec73259ef6b1952599c9ec97de94f12f18e6321,NVIDIA H100 NVL,590.48.01,2.6.0+cu124,12.4,4.57.1,0.7.0,prefill-only,MPK,NORMAL,one_prefill_phase_then_decode,1088.123046875,1383.7255821228027,2471.8486289978027,,,21.963898128933376,16.25779151916504,16.410310745239258,152.8785454940805,728.4681392199209,414.2648493873086,,[1088.123046875],[1383.7255821228027],,30,1.0,1.0,0,0,30,20,True,"[[30, 30, 30, 30, 30, 30, 30, 30, 30, 30, 30, 30, 30, 30, 30, 30]]",0.7602340016154863,0.5982353742498959,,/data/home/hliu148/mirage/results/qwen3_3d_identical_b1_b64_repeat1/b16_in128_out64/summary.json
16,128,128,128,127,1,0,256,16,16,False,0.5625,93.3447265625,completed,,Qwen/Qwen3-8B,identical,a7533ebd818aa93987ba244c092b976a5cd2528099815e0ffe81f42dfd65aee9,cec73259ef6b1952599c9ec97de94f12f18e6321,NVIDIA H100 NVL,590.48.01,2.6.0+cu124,12.4,4.57.1,0.7.0,normal,NORMAL,NORMAL,one_prefill_phase_then_decode,426.09295654296875,2060.56947517395,2486.662431716919,,,16.22495649743268,16.068191528320312,16.222624206542967,16.454030418395995,986.1351555877346,823.593895929797,,[426.09295654296875],[2060.56947517395],,,,,0,0,30,20,True,,1.0,1.0,,/data/home/hliu148/mirage/results/qwen3_3d_identical_b1_b64_repeat1/b16_in128_out128/summary.json
16,128,128,128,127,1,0,256,16,16,False,0.5625,93.3447265625,completed,,Qwen/Qwen3-8B,identical,a7533ebd818aa93987ba244c092b976a5cd2528099815e0ffe81f42dfd65aee9,cec73259ef6b1952599c9ec97de94f12f18e6321,NVIDIA H100 NVL,590.48.01,2.6.0+cu124,12.4,4.57.1,0.7.0,always,MPK,MPK,split_two_mpk_launches,1105.9949951171875,844.7024536132812,1950.6974487304688,,,6.651200422151821,,,,2405.5807951166234,1049.8809035367615,,[1105.9949951171875],[844.7024536132812],,29,0.9666666666666667,1.0,0,0,30,20,True,"[[29, 29, 29, 29, 29, 29, 29, 29, 29, 29, 29, 29, 29, 29, 29, 29]]",2.4394027344891707,1.2747555667001365,,/data/home/hliu148/mirage/results/qwen3_3d_identical_b1_b64_repeat1/b16_in128_out128/summary.json
16,128,128,128,127,1,0,256,16,16,False,0.5625,93.3447265625,completed,,Qwen/Qwen3-8B,identical,a7533ebd818aa93987ba244c092b976a5cd2528099815e0ffe81f42dfd65aee9,cec73259ef6b1952599c9ec97de94f12f18e6321,NVIDIA H100 NVL,590.48.01,2.6.0+cu124,12.4,4.57.1,0.7.0,always-continuous,MPK,MPK,continuous_one_mpk_launch,,,,2484.0947265625,824.4452106035548,,,,,,,,,,[2484.0947265625],27,0.94375,1.0,0,0,30,20,True,"[[29, 27, 29, 30, 30, 30, 29, 27, 27, 27, 27, 29, 29, 29, 27, 27]]",,,1.0010336583089858,/data/home/hliu148/mirage/results/qwen3_3d_identical_b1_b64_repeat1/b16_in128_out128/summary.json
16,128,128,128,127,1,0,256,16,16,False,0.5625,93.3447265625,completed,,Qwen/Qwen3-8B,identical,a7533ebd818aa93987ba244c092b976a5cd2528099815e0ffe81f42dfd65aee9,cec73259ef6b1952599c9ec97de94f12f18e6321,NVIDIA H100 NVL,590.48.01,2.6.0+cu124,12.4,4.57.1,0.7.0,decode-only,NORMAL,MPK,one_prefill_phase_then_decode,400.81561279296875,853.441650390625,1254.2572631835938,,,6.720012995201771,,,,2380.947776652267,1632.8388601886222,,[400.81561279296875],[853.441650390625],,30,1.0,1.0,0,0,30,20,True,"[[30, 30, 30, 30, 30, 30, 30, 30, 30, 30, 30, 30, 30, 30, 30, 30]]",2.4144233811776306,1.982577661464122,,/data/home/hliu148/mirage/results/qwen3_3d_identical_b1_b64_repeat1/b16_in128_out128/summary.json
16,128,128,128,127,1,0,256,16,16,False,0.5625,93.3447265625,completed,,Qwen/Qwen3-8B,identical,a7533ebd818aa93987ba244c092b976a5cd2528099815e0ffe81f42dfd65aee9,cec73259ef6b1952599c9ec97de94f12f18e6321,NVIDIA H100 NVL,590.48.01,2.6.0+cu124,12.4,4.57.1,0.7.0,prefill-only,MPK,NORMAL,one_prefill_phase_then_decode,1086.900146484375,2436.2113552093506,3523.1115016937256,,,19.18276657645158,16.390335083007812,16.517011642456055,17.53260543823242,834.0819837552167,581.3043382292698,,[1086.900146484375],[2436.2113552093506],,30,1.0,1.0,0,0,30,20,True,"[[30, 30, 30, 30, 30, 30, 30, 30, 30, 30, 30, 30, 30, 30, 30, 30]]",0.8458089938575463,0.705814286752339,,/data/home/hliu148/mirage/results/qwen3_3d_identical_b1_b64_repeat1/b16_in128_out128/summary.json
16,128,256,128,255,1,0,512,16,16,False,1.125,93.3447265625,completed,,Qwen/Qwen3-8B,identical,a7533ebd818aa93987ba244c092b976a5cd2528099815e0ffe81f42dfd65aee9,cec73259ef6b1952599c9ec97de94f12f18e6321,NVIDIA H100 NVL,590.48.01,2.6.0+cu124,12.4,4.57.1,0.7.0,normal,NORMAL,NORMAL,one_prefill_phase_then_decode,429.9483642578125,4173.614391326904,4603.562755584717,,,16.367115260105507,16.275007247924805,16.412550354003905,16.979124412536624,977.5699471610405,889.74566384069,,[429.9483642578125],[4173.614391326904],,,,,0,0,30,20,True,,1.0,1.0,,/data/home/hliu148/mirage/results/qwen3_3d_identical_b1_b64_repeat1/b16_in128_out256/summary.json
16,128,256,128,255,1,0,512,16,16,False,1.125,93.3447265625,completed,,Qwen/Qwen3-8B,identical,a7533ebd818aa93987ba244c092b976a5cd2528099815e0ffe81f42dfd65aee9,cec73259ef6b1952599c9ec97de94f12f18e6321,NVIDIA H100 NVL,590.48.01,2.6.0+cu124,12.4,4.57.1,0.7.0,always,MPK,MPK,split_two_mpk_launches,1088.527587890625,1714.035400390625,2802.56298828125,,,6.721707452512255,,,,2380.3475698752645,1461.5193368096202,,[1088.527587890625],[1714.035400390625],,29,0.9666666666666667,1.0,0,0,30,20,True,"[[29, 29, 29, 29, 29, 29, 29, 29, 29, 29, 29, 29, 29, 29, 29, 29]]",2.434963939703781,1.6426259730233503,,/data/home/hliu148/mirage/results/qwen3_3d_identical_b1_b64_repeat1/b16_in128_out256/summary.json
16,128,256,128,255,1,0,512,16,16,False,1.125,93.3447265625,completed,,Qwen/Qwen3-8B,identical,a7533ebd818aa93987ba244c092b976a5cd2528099815e0ffe81f42dfd65aee9,cec73259ef6b1952599c9ec97de94f12f18e6321,NVIDIA H100 NVL,590.48.01,2.6.0+cu124,12.4,4.57.1,0.7.0,always-continuous,MPK,MPK,continuous_one_mpk_launch,,,,4018.05615234375,1019.3983968120468,,,,,,,,,,[4018.05615234375],27,0.9354166666666667,1.0,0,0,30,20,True,"[[29, 27, 29, 30, 30, 30, 29, 27, 27, 27, 27, 27, 27, 27, 29, 27]]",,,1.1457188702799581,/data/home/hliu148/mirage/results/qwen3_3d_identical_b1_b64_repeat1/b16_in128_out256/summary.json
16,128,256,128,255,1,0,512,16,16,False,1.125,93.3447265625,completed,,Qwen/Qwen3-8B,identical,a7533ebd818aa93987ba244c092b976a5cd2528099815e0ffe81f42dfd65aee9,cec73259ef6b1952599c9ec97de94f12f18e6321,NVIDIA H100 NVL,590.48.01,2.6.0+cu124,12.4,4.57.1,0.7.0,decode-only,NORMAL,MPK,one_prefill_phase_then_decode,395.05377197265625,1713.5552978515625,2108.6090698242188,,,6.719824697457108,,,,2381.0144937344367,1942.5127486250722,,[395.05377197265625],[1713.5552978515625],,30,1.0,1.0,0,0,30,20,True,"[[30, 30, 30, 30, 30, 30, 30, 30, 30, 30, 30, 30, 30, 30, 30, 30]]",2.4356461659333304,2.18322249556125,,/data/home/hliu148/mirage/results/qwen3_3d_identical_b1_b64_repeat1/b16_in128_out256/summary.json
16,128,256,128,255,1,0,512,16,16,False,1.125,93.3447265625,completed,,Qwen/Qwen3-8B,identical,a7533ebd818aa93987ba244c092b976a5cd2528099815e0ffe81f42dfd65aee9,cec73259ef6b1952599c9ec97de94f12f18e6321,NVIDIA H100 NVL,590.48.01,2.6.0+cu124,12.4,4.57.1,0.7.0,prefill-only,MPK,NORMAL,one_prefill_phase_then_decode,1090.9476318359375,4511.994365692139,5602.941997528076,,,17.694095551733877,16.315584182739258,16.480384063720702,17.38872283935547,904.2564483287268,731.0445122949848,,[1090.9476318359375],[4511.994365692139],,30,1.0,1.0,0,0,30,20,True,"[[30, 30, 30, 30, 30, 30, 30, 30, 30, 30, 30, 30, 30, 30, 30, 30]]",0.9250043446556195,0.8216331273134242,,/data/home/hliu148/mirage/results/qwen3_3d_identical_b1_b64_repeat1/b16_in128_out256/summary.json
16,128,512,128,511,1,0,1024,16,16,False,2.25,93.3447265625,completed,,Qwen/Qwen3-8B,identical,a7533ebd818aa93987ba244c092b976a5cd2528099815e0ffe81f42dfd65aee9,cec73259ef6b1952599c9ec97de94f12f18e6321,NVIDIA H100 NVL,590.48.01,2.6.0+cu124,12.4,4.57.1,0.7.0,normal,NORMAL,NORMAL,one_prefill_phase_then_decode,431.22406005859375,8308.506133079529,8739.730193138123,,,16.259307501134106,16.210208892822266,16.323904037475586,17.026064109802235,984.0517499828317,937.3287068326016,,[431.22406005859375],[8308.506133079529],,,,,0,0,30,20,True,,1.0,1.0,,/data/home/hliu148/mirage/results/qwen3_3d_identical_b1_b64_repeat1/b16_in128_out512/summary.json
16,128,512,128,511,1,0,1024,16,16,False,2.25,93.3447265625,completed,,Qwen/Qwen3-8B,identical,a7533ebd818aa93987ba244c092b976a5cd2528099815e0ffe81f42dfd65aee9,cec73259ef6b1952599c9ec97de94f12f18e6321,NVIDIA H100 NVL,590.48.01,2.6.0+cu124,12.4,4.57.1,0.7.0,always,MPK,MPK,split_two_mpk_launches,1086.6488037109375,3511.10107421875,4597.7498779296875,,,6.871039284185421,,,,2328.614251533397,1781.7411163063878,,[1086.6488037109375],[3511.10107421875],,29,0.9666666666666667,1.0,0,0,30,20,True,"[[29, 29, 29, 29, 29, 29, 29, 29, 29, 29, 29, 29, 29, 29, 29, 29]]",2.3663534479502966,1.9008711707200392,,/data/home/hliu148/mirage/results/qwen3_3d_identical_b1_b64_repeat1/b16_in128_out512/summary.json
16,128,512,128,511,1,0,1024,16,16,False,2.25,93.3447265625,completed,,Qwen/Qwen3-8B,identical,a7533ebd818aa93987ba244c092b976a5cd2528099815e0ffe81f42dfd65aee9,cec73259ef6b1952599c9ec97de94f12f18e6321,NVIDIA H100 NVL,590.48.01,2.6.0+cu124,12.4,4.57.1,0.7.0,always-continuous,MPK,MPK,continuous_one_mpk_launch,,,,6617.43310546875,1237.942245797695,,,,,,,,,,[6617.43310546875],27,0.9395833333333333,1.0,0,0,30,20,True,"[[29, 27, 29, 30, 30, 30, 29, 27, 27, 27, 27, 27, 27, 27, 29, 29]]",,,1.3207130399120277,/data/home/hliu148/mirage/results/qwen3_3d_identical_b1_b64_repeat1/b16_in128_out512/summary.json
16,128,512,128,511,1,0,1024,16,16,False,2.25,93.3447265625,completed,,Qwen/Qwen3-8B,identical,a7533ebd818aa93987ba244c092b976a5cd2528099815e0ffe81f42dfd65aee9,cec73259ef6b1952599c9ec97de94f12f18e6321,NVIDIA H100 NVL,590.48.01,2.6.0+cu124,12.4,4.57.1,0.7.0,decode-only,NORMAL,MPK,one_prefill_phase_then_decode,397.7749938964844,3539.00537109375,3936.7803649902344,,,6.925646518774462,,,,2310.253628542293,2080.8882488978584,,[397.7749938964844],[3539.00537109375],,30,1.0,1.0,0,0,30,20,True,"[[30, 30, 30, 30, 30, 30, 30, 30, 30, 30, 30, 30, 30, 30, 30, 30]]",2.3476952595049996,2.22001975798815,,/data/home/hliu148/mirage/results/qwen3_3d_identical_b1_b64_repeat1/b16_in128_out512/summary.json
16,128,512,128,511,1,0,1024,16,16,False,2.25,93.3447265625,completed,,Qwen/Qwen3-8B,identical,a7533ebd818aa93987ba244c092b976a5cd2528099815e0ffe81f42dfd65aee9,cec73259ef6b1952599c9ec97de94f12f18e6321,NVIDIA H100 NVL,590.48.01,2.6.0+cu124,12.4,4.57.1,0.7.0,prefill-only,MPK,NORMAL,one_prefill_phase_then_decode,1088.4686279296875,8835.62977218628,9924.098400115967,,,17.290860610932054,16.593088150024414,16.731840133666992,17.413081550598143,925.3443399968239,825.4654145614148,,[1088.4686279296875],[8835.62977218628],,30,1.0,1.0,0,0,30,20,True,"[[30, 30, 30, 30, 30, 30, 30, 30, 30, 30, 30, 30, 30, 30, 30, 30]]",0.9403411355276468,0.8806573494914153,,/data/home/hliu148/mirage/results/qwen3_3d_identical_b1_b64_repeat1/b16_in128_out512/summary.json
16,256,16,256,15,1,0,512,16,16,False,1.125,93.3447265625,completed,,Qwen/Qwen3-8B,identical,ce26256e1c0315aac219be3e3bae514e89086e8a8b6cc66b2a96d8051488cdb0,cec73259ef6b1952599c9ec97de94f12f18e6321,NVIDIA H100 NVL,590.48.01,2.6.0+cu124,12.4,4.57.1,0.7.0,normal,NORMAL,NORMAL,one_prefill_phase_then_decode,508.8958435058594,263.10582160949707,772.0016651153564,,,17.540388107299805,16.319744110107422,16.56170196533203,32.248353652954094,912.1805003471537,331.6055023815877,,[508.8958435058594],[263.10582160949707],,,,,0,0,16,11,True,,1.0,1.0,,/data/home/hliu148/mirage/results/qwen3_3d_identical_b1_b64_repeat1/b16_in256_out16/summary.json
16,256,16,256,15,1,0,512,16,16,False,1.125,93.3447265625,completed,,Qwen/Qwen3-8B,identical,ce26256e1c0315aac219be3e3bae514e89086e8a8b6cc66b2a96d8051488cdb0,cec73259ef6b1952599c9ec97de94f12f18e6321,NVIDIA H100 NVL,590.48.01,2.6.0+cu124,12.4,4.57.1,0.7.0,always,MPK,MPK,split_two_mpk_launches,2233.35986328125,101.33535766601562,2334.6952209472656,,,6.755690511067709,,,,2368.3737397069226,109.65028655694599,,[2233.35986328125],[101.33535766601562],,16,1.0,1.0,0,0,16,11,True,"[[16, 16, 16, 16, 16, 16, 16, 16, 16, 16, 16, 16, 16, 16, 16, 16]]",2.5963871610997793,0.3306648586028839,,/data/home/hliu148/mirage/results/qwen3_3d_identical_b1_b64_repeat1/b16_in256_out16/summary.json
16,256,16,256,15,1,0,512,16,16,False,1.125,93.3447265625,completed,,Qwen/Qwen3-8B,identical,ce26256e1c0315aac219be3e3bae514e89086e8a8b6cc66b2a96d8051488cdb0,cec73259ef6b1952599c9ec97de94f12f18e6321,NVIDIA H100 NVL,590.48.01,2.6.0+cu124,12.4,4.57.1,0.7.0,always-continuous,MPK,MPK,continuous_one_mpk_launch,,,,2398.94921875,106.71338851157164,,,,,,,,,,[2398.94921875],16,1.0,1.0,0,0,16,11,True,"[[16, 16, 16, 16, 16, 16, 16, 16, 16, 16, 16, 16, 16, 16, 16, 16]]",,,0.321808256332169,/data/home/hliu148/mirage/results/qwen3_3d_identical_b1_b64_repeat1/b16_in256_out16/summary.json
16,256,16,256,15,1,0,512,16,16,False,1.125,93.3447265625,completed,,Qwen/Qwen3-8B,identical,ce26256e1c0315aac219be3e3bae514e89086e8a8b6cc66b2a96d8051488cdb0,cec73259ef6b1952599c9ec97de94f12f18e6321,NVIDIA H100 NVL,590.48.01,2.6.0+cu124,12.4,4.57.1,0.7.0,decode-only,NORMAL,MPK,one_prefill_phase_then_decode,473.5030822753906,110.78479766845703,584.2878799438477,,,7.385653177897136,,,,2166.362218020582,438.140185322007,,[473.5030822753906],[110.78479766845703],,16,1.0,1.0,0,0,16,11,True,"[[16, 16, 16, 16, 16, 16, 16, 16, 16, 16, 16, 16, 16, 16, 16, 16]]",2.3749271303169905,1.321269346181798,,/data/home/hliu148/mirage/results/qwen3_3d_identical_b1_b64_repeat1/b16_in256_out16/summary.json
16,256,16,256,15,1,0,512,16,16,False,1.125,93.3447265625,completed,,Qwen/Qwen3-8B,identical,ce26256e1c0315aac219be3e3bae514e89086e8a8b6cc66b2a96d8051488cdb0,cec73259ef6b1952599c9ec97de94f12f18e6321,NVIDIA H100 NVL,590.48.01,2.6.0+cu124,12.4,4.57.1,0.7.0,prefill-only,MPK,NORMAL,one_prefill_phase_then_decode,2194.083740234375,606.4921379089355,2800.5758781433105,,,40.43280919392904,16.47148895263672,17.353055572509767,324.6450926208494,395.7182377128125,91.40977111097577,,[2194.083740234375],[606.4921379089355],,16,1.0,1.0,0,0,16,11,True,"[[16, 16, 16, 16, 16, 16, 16, 16, 16, 16, 16, 16, 16, 16, 16, 16]]",0.4338157169137158,0.27565818556830823,,/data/home/hliu148/mirage/results/qwen3_3d_identical_b1_b64_repeat1/b16_in256_out16/summary.json
16,256,32,256,31,1,0,512,16,16,False,1.125,93.3447265625,completed,,Qwen/Qwen3-8B,identical,ce26256e1c0315aac219be3e3bae514e89086e8a8b6cc66b2a96d8051488cdb0,cec73259ef6b1952599c9ec97de94f12f18e6321,NVIDIA H100 NVL,590.48.01,2.6.0+cu124,12.4,4.57.1,0.7.0,normal,NORMAL,NORMAL,one_prefill_phase_then_decode,504.5312194824219,531.2704601287842,1035.801679611206,,,17.137756778347878,16.52911949157715,16.624799728393555,29.869699859619125,933.6111024877341,494.30311813375516,,[504.5312194824219],[531.2704601287842],,,,,0,0,30,20,True,,1.0,1.0,,/data/home/hliu148/mirage/results/qwen3_3d_identical_b1_b64_repeat1/b16_in256_out32/summary.json
16,256,32,256,31,1,0,512,16,16,False,1.125,93.3447265625,completed,,Qwen/Qwen3-8B,identical,ce26256e1c0315aac219be3e3bae514e89086e8a8b6cc66b2a96d8051488cdb0,cec73259ef6b1952599c9ec97de94f12f18e6321,NVIDIA H100 NVL,590.48.01,2.6.0+cu124,12.4,4.57.1,0.7.0,always,MPK,MPK,split_two_mpk_launches,2194.892333984375,209.39418029785156,2404.2865142822266,,,6.7546509773500505,,,,2368.738229947306,212.95298915439452,,[2194.892333984375],[209.39418029785156],,30,1.0,1.0,0,0,30,20,True,"[[30, 30, 30, 30, 30, 30, 30, 30, 30, 30, 30, 30, 30, 30, 30, 30]]",2.5371787285256997,0.43081457782099375,,/data/home/hliu148/mirage/results/qwen3_3d_identical_b1_b64_repeat1/b16_in256_out32/summary.json
16,256,32,256,31,1,0,512,16,16,False,1.125,93.3447265625,completed,,Qwen/Qwen3-8B,identical,ce26256e1c0315aac219be3e3bae514e89086e8a8b6cc66b2a96d8051488cdb0,cec73259ef6b1952599c9ec97de94f12f18e6321,NVIDIA H100 NVL,590.48.01,2.6.0+cu124,12.4,4.57.1,0.7.0,always-continuous,MPK,MPK,continuous_one_mpk_launch,,,,2558.79345703125,200.09430561622193,,,,,,,,,,[2558.79345703125],30,1.0,1.0,0,0,30,20,True,"[[30, 30, 30, 30, 30, 30, 30, 30, 30, 30, 30, 30, 30, 30, 30, 30]]",,,0.4048008160896888,/data/home/hliu148/mirage/results/qwen3_3d_identical_b1_b64_repeat1/b16_in256_out32/summary.json
16,256,32,256,31,1,0,512,16,16,False,1.125,93.3447265625,completed,,Qwen/Qwen3-8B,identical,ce26256e1c0315aac219be3e3bae514e89086e8a8b6cc66b2a96d8051488cdb0,cec73259ef6b1952599c9ec97de94f12f18e6321,NVIDIA H100 NVL,590.48.01,2.6.0+cu124,12.4,4.57.1,0.7.0,decode-only,NORMAL,MPK,one_prefill_phase_then_decode,477.94708251953125,217.6919403076172,695.6390228271484,,,7.0223206550844255,,,,2278.4490748674934,736.0139141119189,,[477.94708251953125],[217.6919403076172],,30,1.0,1.0,0,0,30,20,True,"[[30, 30, 30, 30, 30, 30, 30, 30, 30, 30, 30, 30, 30, 30, 30, 30]]",2.4404691298081773,1.4889930633873898,,/data/home/hliu148/mirage/results/qwen3_3d_identical_b1_b64_repeat1/b16_in256_out32/summary.json
16,256,32,256,31,1,0,512,16,16,False,1.125,93.3447265625,completed,,Qwen/Qwen3-8B,identical,ce26256e1c0315aac219be3e3bae514e89086e8a8b6cc66b2a96d8051488cdb0,cec73259ef6b1952599c9ec97de94f12f18e6321,NVIDIA H100 NVL,590.48.01,2.6.0+cu124,12.4,4.57.1,0.7.0,prefill-only,MPK,NORMAL,one_prefill_phase_then_decode,2193.914794921875,872.0010967254639,3065.915891647339,,,28.129067636305287,16.66521644592285,16.787551879882812,264.1207063674924,568.8066240542332,166.9974057001605,,[2193.914794921875],[872.0010967254639],,30,1.0,1.0,0,0,30,20,True,"[[30, 30, 30, 30, 30, 30, 30, 30, 30, 30, 30, 30, 30, 30, 30, 30]]",0.609254348559663,0.33784412756824267,,/data/home/hliu148/mirage/results/qwen3_3d_identical_b1_b64_repeat1/b16_in256_out32/summary.json
16,256,64,256,63,1,0,512,16,16,False,1.125,93.3447265625,completed,,Qwen/Qwen3-8B,identical,ce26256e1c0315aac219be3e3bae514e89086e8a8b6cc66b2a96d8051488cdb0,cec73259ef6b1952599c9ec97de94f12f18e6321,NVIDIA H100 NVL,590.48.01,2.6.0+cu124,12.4,4.57.1,0.7.0,normal,NORMAL,NORMAL,one_prefill_phase_then_decode,516.6439208984375,1043.6844806671143,1560.3284015655518,,,16.566420328049432,16.23967933654785,16.3947452545166,23.72363342285161,965.8091297435935,656.2721020604201,,[516.6439208984375],[1043.6844806671143],,,,,0,0,30,20,True,,1.0,1.0,,/data/home/hliu148/mirage/results/qwen3_3d_identical_b1_b64_repeat1/b16_in256_out64/summary.json
16,256,64,256,63,1,0,512,16,16,False,1.125,93.3447265625,completed,,Qwen/Qwen3-8B,identical,ce26256e1c0315aac219be3e3bae514e89086e8a8b6cc66b2a96d8051488cdb0,cec73259ef6b1952599c9ec97de94f12f18e6321,NVIDIA H100 NVL,590.48.01,2.6.0+cu124,12.4,4.57.1,0.7.0,always,MPK,MPK,split_two_mpk_launches,2194.885009765625,426.170654296875,2621.0556640625,,,6.764613560267857,,,,2365.2496713155115,390.6822789153792,,[2194.885009765625],[426.170654296875],,30,1.0,1.0,0,0,30,20,True,"[[30, 30, 30, 30, 30, 30, 30, 30, 30, 30, 30, 30, 30, 30, 30, 30]]",2.448982514737095,0.5953053279101764,,/data/home/hliu148/mirage/results/qwen3_3d_identical_b1_b64_repeat1/b16_in256_out64/summary.json
16,256,64,256,63,1,0,512,16,16,False,1.125,93.3447265625,completed,,Qwen/Qwen3-8B,identical,ce26256e1c0315aac219be3e3bae514e89086e8a8b6cc66b2a96d8051488cdb0,cec73259ef6b1952599c9ec97de94f12f18e6321,NVIDIA H100 NVL,590.48.01,2.6.0+cu124,12.4,4.57.1,0.7.0,always-continuous,MPK,MPK,continuous_one_mpk_launch,,,,2929.982421875,349.49015132476666,,,,,,,,,,[2929.982421875],30,1.0,1.0,0,0,30,20,True,"[[30, 30, 30, 30, 30, 30, 30, 30, 30, 30, 30, 30, 30, 30, 30, 30]]",,,0.5325384855268319,/data/home/hliu148/mirage/results/qwen3_3d_identical_b1_b64_repeat1/b16_in256_out64/summary.json
16,256,64,256,63,1,0,512,16,16,False,1.125,93.3447265625,completed,,Qwen/Qwen3-8B,identical,ce26256e1c0315aac219be3e3bae514e89086e8a8b6cc66b2a96d8051488cdb0,cec73259ef6b1952599c9ec97de94f12f18e6321,NVIDIA H100 NVL,590.48.01,2.6.0+cu124,12.4,4.57.1,0.7.0,decode-only,NORMAL,MPK,one_prefill_phase_then_decode,482.6007080078125,433.80224609375,916.4029541015625,,,6.885749937996032,,,,2323.6394211342067,1117.4123734726775,,[482.6007080078125],[433.80224609375],,30,1.0,1.0,0,0,30,20,True,"[[30, 30, 30, 30, 30, 30, 30, 30, 30, 30, 30, 30, 30, 30, 30, 30]]",2.4058992088334215,1.7026662720607344,,/data/home/hliu148/mirage/results/qwen3_3d_identical_b1_b64_repeat1/b16_in256_out64/summary.json
16,256,64,256,63,1,0,512,16,16,False,1.125,93.3447265625,completed,,Qwen/Qwen3-8B,identical,ce26256e1c0315aac219be3e3bae514e89086e8a8b6cc66b2a96d8051488cdb0,cec73259ef6b1952599c9ec97de94f12f18e6321,NVIDIA H100 NVL,590.48.01,2.6.0+cu124,12.4,4.57.1,0.7.0,prefill-only,MPK,NORMAL,one_prefill_phase_then_decode,2197.57373046875,1383.9686965942383,3581.5424270629883,,,21.967757088797434,16.379776000976562,16.542412948608398,150.24981605529874,728.3401730693425,285.9103363574341,,[2197.57373046875],[1383.9686965942383],,30,1.0,1.0,0,0,30,20,True,"[[30, 30, 30, 30, 30, 30, 30, 30, 30, 30, 30, 30, 30, 30, 30, 30]]",0.7541243405544374,0.43565822081998484,,/data/home/hliu148/mirage/results/qwen3_3d_identical_b1_b64_repeat1/b16_in256_out64/summary.json
16,256,128,256,127,1,0,512,16,16,False,1.125,93.3447265625,completed,,Qwen/Qwen3-8B,identical,ce26256e1c0315aac219be3e3bae514e89086e8a8b6cc66b2a96d8051488cdb0,cec73259ef6b1952599c9ec97de94f12f18e6321,NVIDIA H100 NVL,590.48.01,2.6.0+cu124,12.4,4.57.1,0.7.0,normal,NORMAL,NORMAL,one_prefill_phase_then_decode,502.8462829589844,2046.6897592544556,2549.53604221344,,,16.115667395704374,15.974783897399902,16.105926513671875,16.466654472351074,992.8226741800836,803.2834076830624,,[502.8462829589844],[2046.6897592544556],,,,,0,0,30,20,True,,1.0,1.0,,/data/home/hliu148/mirage/results/qwen3_3d_identical_b1_b64_repeat1/b16_in256_out128/summary.json
16,256,128,256,127,1,0,512,16,16,False,1.125,93.3447265625,completed,,Qwen/Qwen3-8B,identical,ce26256e1c0315aac219be3e3bae514e89086e8a8b6cc66b2a96d8051488cdb0,cec73259ef6b1952599c9ec97de94f12f18e6321,NVIDIA H100 NVL,590.48.01,2.6.0+cu124,12.4,4.57.1,0.7.0,always,MPK,MPK,split_two_mpk_launches,2193.10595703125,863.6249389648438,3056.7308959960938,,,6.800196369801919,,,,2352.873230404383,669.9968265713559,,[2193.10595703125],[863.6249389648438],,30,1.0,1.0,0,0,30,20,True,"[[30, 30, 30, 30, 30, 30, 30, 30, 30, 30, 30, 30, 30, 30, 30, 30]]",2.3698826503408466,0.8340727819884273,,/data/home/hliu148/mirage/results/qwen3_3d_identical_b1_b64_repeat1/b16_in256_out128/summary.json
16,256,128,256,127,1,0,512,16,16,False,1.125,93.3447265625,completed,,Qwen/Qwen3-8B,identical,ce26256e1c0315aac219be3e3bae514e89086e8a8b6cc66b2a96d8051488cdb0,cec73259ef6b1952599c9ec97de94f12f18e6321,NVIDIA H100 NVL,590.48.01,2.6.0+cu124,12.4,4.57.1,0.7.0,always-continuous,MPK,MPK,continuous_one_mpk_launch,,,,3724.19482421875,549.9175249054332,,,,,,,,,,[3724.19482421875],30,1.0,1.0,0,0,30,20,True,"[[30, 30, 30, 30, 30, 30, 30, 30, 30, 30, 30, 30, 30, 30, 30, 30]]",,,0.6845871826128951,/data/home/hliu148/mirage/results/qwen3_3d_identical_b1_b64_repeat1/b16_in256_out128/summary.json
16,256,128,256,127,1,0,512,16,16,False,1.125,93.3447265625,completed,,Qwen/Qwen3-8B,identical,ce26256e1c0315aac219be3e3bae514e89086e8a8b6cc66b2a96d8051488cdb0,cec73259ef6b1952599c9ec97de94f12f18e6321,NVIDIA H100 NVL,590.48.01,2.6.0+cu124,12.4,4.57.1,0.7.0,decode-only,NORMAL,MPK,one_prefill_phase_then_decode,482.57562255859375,868.15478515625,1350.7304077148438,,,6.835864450049213,,,,2340.5964405693876,1516.2166989819916,,[482.57562255859375],[868.15478515625],,30,1.0,1.0,0,0,30,20,True,"[[30, 30, 30, 30, 30, 30, 30, 30, 30, 30, 30, 30, 30, 30, 30, 30]]",2.357517108986612,1.8875239852834342,,/data/home/hliu148/mirage/results/qwen3_3d_identical_b1_b64_repeat1/b16_in256_out128/summary.json
16,256,128,256,127,1,0,512,16,16,False,1.125,93.3447265625,completed,,Qwen/Qwen3-8B,identical,ce26256e1c0315aac219be3e3bae514e89086e8a8b6cc66b2a96d8051488cdb0,cec73259ef6b1952599c9ec97de94f12f18e6321,NVIDIA H100 NVL,590.48.01,2.6.0+cu124,12.4,4.57.1,0.7.0,prefill-only,MPK,NORMAL,one_prefill_phase_then_decode,2193.455322265625,2402.629906654358,4596.085228919983,,,18.918345721687857,16.157440185546875,16.317804718017577,17.576827888488765,845.7399095766451,445.5966105922827,,[2193.455322265625],[2402.629906654358],,30,1.0,1.0,0,0,30,20,True,"[[30, 30, 30, 30, 30, 30, 30, 30, 30, 30, 30, 30, 30, 30, 30, 30]]",0.8518539428756441,0.5547190522427596,,/data/home/hliu148/mirage/results/qwen3_3d_identical_b1_b64_repeat1/b16_in256_out128/summary.json
16,256,256,256,255,1,0,512,16,16,False,1.125,93.3447265625,completed,,Qwen/Qwen3-8B,identical,ce26256e1c0315aac219be3e3bae514e89086e8a8b6cc66b2a96d8051488cdb0,cec73259ef6b1952599c9ec97de94f12f18e6321,NVIDIA H100 NVL,590.48.01,2.6.0+cu124,12.4,4.57.1,0.7.0,normal,NORMAL,NORMAL,one_prefill_phase_then_decode,505.3774719238281,4221.684232711792,4727.06170463562,,,16.555624442007026,16.45769691467285,16.59712028503418,17.053449325561527,966.4389317386768,866.5002185148618,,[505.3774719238281],[4221.684232711792],,,,,0,0,30,20,True,,1.0,1.0,,/data/home/hliu148/mirage/results/qwen3_3d_identical_b1_b64_repeat1/b16_in256_out256/summary.json
16,256,256,256,255,1,0,512,16,16,False,1.125,93.3447265625,completed,,Qwen/Qwen3-8B,identical,ce26256e1c0315aac219be3e3bae514e89086e8a8b6cc66b2a96d8051488cdb0,cec73259ef6b1952599c9ec97de94f12f18e6321,NVIDIA H100 NVL,590.48.01,2.6.0+cu124,12.4,4.57.1,0.7.0,always,MPK,MPK,split_two_mpk_launches,2194.35595703125,1752.4979248046875,3946.8538818359375,,,6.8725408815870095,,,,2328.1054672031682,1037.7886090109535,,[2194.35595703125],[1752.4979248046875],,30,1.0,1.0,0,0,30,20,True,"[[30, 30, 30, 30, 30, 30, 30, 30, 30, 30, 30, 30, 30, 30, 30, 30]]",2.408952486024935,1.1976784158112175,,/data/home/hliu148/mirage/results/qwen3_3d_identical_b1_b64_repeat1/b16_in256_out256/summary.json
16,256,256,256,255,1,0,512,16,16,False,1.125,93.3447265625,completed,,Qwen/Qwen3-8B,identical,ce26256e1c0315aac219be3e3bae514e89086e8a8b6cc66b2a96d8051488cdb0,cec73259ef6b1952599c9ec97de94f12f18e6321,NVIDIA H100 NVL,590.48.01,2.6.0+cu124,12.4,4.57.1,0.7.0,always-continuous,MPK,MPK,continuous_one_mpk_launch,,,,5077.580078125,806.6834864202735,,,,,,,,,,[5077.580078125],30,1.0,1.0,0,0,30,20,True,"[[30, 30, 30, 30, 30, 30, 30, 30, 30, 30, 30, 30, 30, 30, 30, 30]]",,,0.9309674356492245,/data/home/hliu148/mirage/results/qwen3_3d_identical_b1_b64_repeat1/b16_in256_out256/summary.json
16,256,256,256,255,1,0,512,16,16,False,1.125,93.3447265625,completed,,Qwen/Qwen3-8B,identical,ce26256e1c0315aac219be3e3bae514e89086e8a8b6cc66b2a96d8051488cdb0,cec73259ef6b1952599c9ec97de94f12f18e6321,NVIDIA H100 NVL,590.48.01,2.6.0+cu124,12.4,4.57.1,0.7.0,decode-only,NORMAL,MPK,one_prefill_phase_then_decode,483.8887939453125,1765.0596923828125,2248.948486328125,,,6.921802715226716,,,,2311.5365546034545,1821.2956076586572,,[483.8887939453125],[1765.0596923828125],,30,1.0,1.0,0,0,30,20,True,"[[30, 30, 30, 30, 30, 30, 30, 30, 30, 30, 30, 30, 30, 30, 30, 30]]",2.391808192624104,2.101898613228589,,/data/home/hliu148/mirage/results/qwen3_3d_identical_b1_b64_repeat1/b16_in256_out256/summary.json
16,256,256,256,255,1,0,512,16,16,False,1.125,93.3447265625,completed,,Qwen/Qwen3-8B,identical,ce26256e1c0315aac219be3e3bae514e89086e8a8b6cc66b2a96d8051488cdb0,cec73259ef6b1952599c9ec97de94f12f18e6321,NVIDIA H100 NVL,590.48.01,2.6.0+cu124,12.4,4.57.1,0.7.0,prefill-only,MPK,NORMAL,one_prefill_phase_then_decode,2193.632080078125,4501.524484634399,6695.156564712524,,,17.653037194644703,16.217248916625977,16.382048416137696,17.17461940765381,906.3596152651751,611.7855438345337,,[2193.632080078125],[4501.524484634399],,30,1.0,1.0,0,0,30,20,True,"[[30, 30, 30, 30, 30, 30, 30, 30, 30, 30, 30, 30, 30, 30, 30, 30]]",0.9378343374832637,0.706041996022925,,/data/home/hliu148/mirage/results/qwen3_3d_identical_b1_b64_repeat1/b16_in256_out256/summary.json
16,256,512,256,511,1,0,1024,16,16,False,2.25,93.3447265625,completed,,Qwen/Qwen3-8B,identical,ce26256e1c0315aac219be3e3bae514e89086e8a8b6cc66b2a96d8051488cdb0,cec73259ef6b1952599c9ec97de94f12f18e6321,NVIDIA H100 NVL,590.48.01,2.6.0+cu124,12.4,4.57.1,0.7.0,normal,NORMAL,NORMAL,one_prefill_phase_then_decode,507.3938293457031,8305.649250030518,8813.04307937622,,,16.25371673195796,16.222623825073242,16.34294319152832,16.641753578186034,984.3902329453605,929.5313691556155,,[507.3938293457031],[8305.649250030518],,,,,0,0,30,20,True,,1.0,1.0,,/data/home/hliu148/mirage/results/qwen3_3d_identical_b1_b64_repeat1/b16_in256_out512/summary.json
16,256,512,256,511,1,0,1024,16,16,False,2.25,93.3447265625,completed,,Qwen/Qwen3-8B,identical,ce26256e1c0315aac219be3e3bae514e89086e8a8b6cc66b2a96d8051488cdb0,cec73259ef6b1952599c9ec97de94f12f18e6321,NVIDIA H100 NVL,590.48.01,2.6.0+cu124,12.4,4.57.1,0.7.0,always,MPK,MPK,split_two_mpk_launches,2193.8447265625,3598.662841796875,5792.507568359375,,,7.042393036784492,,,,2271.9549897921474,1414.2407072107183,,[2193.8447265625],[3598.662841796875],,30,1.0,1.0,0,0,30,20,True,"[[30, 30, 30, 30, 30, 30, 30, 30, 30, 30, 30, 30, 30, 30, 30, 30]]",2.3079820519900003,1.5214556002509219,,/data/home/hliu148/mirage/results/qwen3_3d_identical_b1_b64_repeat1/b16_in256_out512/summary.json
16,256,512,256,511,1,0,1024,16,16,False,2.25,93.3447265625,completed,,Qwen/Qwen3-8B,identical,ce26256e1c0315aac219be3e3bae514e89086e8a8b6cc66b2a96d8051488cdb0,cec73259ef6b1952599c9ec97de94f12f18e6321,NVIDIA H100 NVL,590.48.01,2.6.0+cu124,12.4,4.57.1,0.7.0,always-continuous,MPK,MPK,continuous_one_mpk_launch,,,,8357.42578125,980.2061321775498,,,,,,,,,,[8357.42578125],30,1.0,1.0,0,0,30,20,True,"[[30, 30, 30, 30, 30, 30, 30, 30, 30, 30, 30, 30, 30, 30, 30, 30]]",,,1.0545164635680528,/data/home/hliu148/mirage/results/qwen3_3d_identical_b1_b64_repeat1/b16_in256_out512/summary.json
16,256,512,256,511,1,0,1024,16,16,False,2.25,93.3447265625,completed,,Qwen/Qwen3-8B,identical,ce26256e1c0315aac219be3e3bae514e89086e8a8b6cc66b2a96d8051488cdb0,cec73259ef6b1952599c9ec97de94f12f18e6321,NVIDIA H100 NVL,590.48.01,2.6.0+cu124,12.4,4.57.1,0.7.0,decode-only,NORMAL,MPK,one_prefill_phase_then_decode,485.5256652832031,3678.029541015625,4163.555206298828,,,7.19770947361179,,,,2222.92939978463,1967.5492683768778,,[485.5256652832031],[3678.029541015625],,30,1.0,1.0,0,0,30,20,True,"[[30, 30, 30, 30, 30, 30, 30, 30, 30, 30, 30, 30, 30, 30, 30, 30]]",2.258179048702544,2.116710994018627,,/data/home/hliu148/mirage/results/qwen3_3d_identical_b1_b64_repeat1/b16_in256_out512/summary.json
16,256,512,256,511,1,0,1024,16,16,False,2.25,93.3447265625,completed,,Qwen/Qwen3-8B,identical,ce26256e1c0315aac219be3e3bae514e89086e8a8b6cc66b2a96d8051488cdb0,cec73259ef6b1952599c9ec97de94f12f18e6321,NVIDIA H100 NVL,590.48.01,2.6.0+cu124,12.4,4.57.1,0.7.0,prefill-only,MPK,NORMAL,one_prefill_phase_then_decode,2193.072265625,8823.653371810913,11016.725637435913,,,17.267423428201397,16.551584243774414,16.716127395629883,17.22918033599853,926.6003157059656,743.5966247686864,,[2193.072265625],[8823.653371810913],,30,1.0,1.0,0,0,30,20,True,"[[30, 30, 30, 30, 30, 30, 30, 30, 30, 30, 30, 30, 30, 30, 30, 30]]",0.9412936909517239,0.7999693710650865,,/data/home/hliu148/mirage/results/qwen3_3d_identical_b1_b64_repeat1/b16_in256_out512/summary.json
16,512,16,512,15,1,0,1024,16,16,False,2.25,93.3447265625,completed,,Qwen/Qwen3-8B,identical,7a4aa28932b8370a683262b50c17b9886e54c4f238f3db522d6285479630fdd8,cec73259ef6b1952599c9ec97de94f12f18e6321,NVIDIA H100 NVL,590.48.01,2.6.0+cu124,12.4,4.57.1,0.7.0,normal,NORMAL,NORMAL,one_prefill_phase_then_decode,662.5884399414062,268.3794574737549,930.9678974151611,,,17.89196383158366,16.570240020751953,16.89064292907715,33.39111583709716,894.2562231070531,274.98262905819394,,[662.5884399414062],[268.3794574737549],,,,,0,0,16,11,True,,1.0,1.0,,/data/home/hliu148/mirage/results/qwen3_3d_identical_b1_b64_repeat1/b16_in512_out16/summary.json
16,512,16,512,15,1,0,1024,16,16,False,2.25,93.3447265625,completed,,Qwen/Qwen3-8B,identical,7a4aa28932b8370a683262b50c17b9886e54c4f238f3db522d6285479630fdd8,cec73259ef6b1952599c9ec97de94f12f18e6321,NVIDIA H100 NVL,590.48.01,2.6.0+cu124,12.4,4.57.1,0.7.0,always,MPK,MPK,split_two_mpk_launches,4449.81884765625,105.921630859375,4555.740478515625,,,7.061442057291667,,,,2265.826140069839,56.19284092394377,,[4449.81884765625],[105.921630859375],,16,1.0,1.0,0,0,16,11,True,"[[16, 16, 16, 16, 16, 16, 16, 16, 16, 16, 16, 16, 16, 16, 16, 16]]",2.533754959174148,0.20435051158104905,,/data/home/hliu148/mirage/results/qwen3_3d_identical_b1_b64_repeat1/b16_in512_out16/summary.json
16,512,16,512,15,1,0,1024,16,16,False,2.25,93.3447265625,completed,,Qwen/Qwen3-8B,identical,7a4aa28932b8370a683262b50c17b9886e54c4f238f3db522d6285479630fdd8,cec73259ef6b1952599c9ec97de94f12f18e6321,NVIDIA H100 NVL,590.48.01,2.6.0+cu124,12.4,4.57.1,0.7.0,always-continuous,MPK,MPK,continuous_one_mpk_launch,,,,4631.67333984375,55.271600826805326,,,,,,,,,,[4631.67333984375],16,1.0,1.0,0,0,16,11,True,"[[16, 16, 16, 16, 16, 16, 16, 16, 16, 16, 16, 16, 16, 16, 16, 16]]",,,0.20100033597070718,/data/home/hliu148/mirage/results/qwen3_3d_identical_b1_b64_repeat1/b16_in512_out16/summary.json
16,512,16,512,15,1,0,1024,16,16,False,2.25,93.3447265625,completed,,Qwen/Qwen3-8B,identical,7a4aa28932b8370a683262b50c17b9886e54c4f238f3db522d6285479630fdd8,cec73259ef6b1952599c9ec97de94f12f18e6321,NVIDIA H100 NVL,590.48.01,2.6.0+cu124,12.4,4.57.1,0.7.0,decode-only,NORMAL,MPK,one_prefill_phase_then_decode,685.7470703125,117.61529541015625,803.3623657226562,,,7.841019694010416,,,,2040.5509263319475,318.66068280372815,,[685.7470703125],[117.61529541015625],,16,1.0,1.0,0,0,16,11,True,"[[16, 16, 16, 16, 16, 16, 16, 16, 16, 16, 16, 16, 16, 16, 16, 16]]",2.2818414606522337,1.1588393197604154,,/data/home/hliu148/mirage/results/qwen3_3d_identical_b1_b64_repeat1/b16_in512_out16/summary.json
16,512,16,512,15,1,0,1024,16,16,False,2.25,93.3447265625,completed,,Qwen/Qwen3-8B,identical,7a4aa28932b8370a683262b50c17b9886e54c4f238f3db522d6285479630fdd8,cec73259ef6b1952599c9ec97de94f12f18e6321,NVIDIA H100 NVL,590.48.01,2.6.0+cu124,12.4,4.57.1,0.7.0,prefill-only,MPK,NORMAL,one_prefill_phase_then_decode,4525.08984375,609.3774013519287,5134.467245101929,,,40.62516009012858,16.648479461669922,17.402586364746092,325.4834951782224,393.8446018305736,49.85911639502881,,[4525.08984375],[609.3774013519287],,16,1.0,1.0,0,0,16,11,True,"[[16, 16, 16, 16, 16, 16, 16, 16, 16, 16, 16, 16, 16, 16, 16, 16]]",0.4404158357010681,0.18131733108303813,,/data/home/hliu148/mirage/results/qwen3_3d_identical_b1_b64_repeat1/b16_in512_out16/summary.json
16,512,32,512,31,1,0,1024,16,16,False,2.25,93.3447265625,completed,,Qwen/Qwen3-8B,identical,7a4aa28932b8370a683262b50c17b9886e54c4f238f3db522d6285479630fdd8,cec73259ef6b1952599c9ec97de94f12f18e6321,NVIDIA H100 NVL,590.48.01,2.6.0+cu124,12.4,4.57.1,0.7.0,normal,NORMAL,NORMAL,one_prefill_phase_then_decode,657.2525024414062,521.9833278656006,1179.2358303070068,,,16.838171866632276,16.228511810302734,16.38492774963379,29.371511077880847,950.2219199761669,434.17948033914803,,[657.2525024414062],[521.9833278656006],,,,,0,0,30,20,True,,1.0,1.0,,/data/home/hliu148/mirage/results/qwen3_3d_identical_b1_b64_repeat1/b16_in512_out32/summary.json
16,512,32,512,31,1,0,1024,16,16,False,2.25,93.3447265625,completed,,Qwen/Qwen3-8B,identical,7a4aa28932b8370a683262b50c17b9886e54c4f238f3db522d6285479630fdd8,cec73259ef6b1952599c9ec97de94f12f18e6321,NVIDIA H100 NVL,590.48.01,2.6.0+cu124,12.4,4.57.1,0.7.0,always,MPK,MPK,split_two_mpk_launches,4461.2236328125,219.5241241455078,4680.747756958008,,,7.0814233595325105,,,,2259.4327704559473,109.38423230324763,,[4461.2236328125],[219.5241241455078],,30,1.0,1.0,0,0,30,20,True,"[[30, 30, 30, 30, 30, 30, 30, 30, 30, 30, 30, 30, 30, 30, 30, 30]]",2.377794831877397,0.2519332148488569,,/data/home/hliu148/mirage/results/qwen3_3d_identical_b1_b64_repeat1/b16_in512_out32/summary.json
16,512,32,512,31,1,0,1024,16,16,False,2.25,93.3447265625,completed,,Qwen/Qwen3-8B,identical,7a4aa28932b8370a683262b50c17b9886e54c4f238f3db522d6285479630fdd8,cec73259ef6b1952599c9ec97de94f12f18e6321,NVIDIA H100 NVL,590.48.01,2.6.0+cu124,12.4,4.57.1,0.7.0,always-continuous,MPK,MPK,continuous_one_mpk_launch,,,,4819.69384765625,106.23081386154402,,,,,,,,,,[4819.69384765625],30,1.0,1.0,0,0,30,20,True,"[[30, 30, 30, 30, 30, 30, 30, 30, 30, 30, 30, 30, 30, 30, 30, 30]]",,,0.24467027732071672,/data/home/hliu148/mirage/results/qwen3_3d_identical_b1_b64_repeat1/b16_in512_out32/summary.json
16,512,32,512,31,1,0,1024,16,16,False,2.25,93.3447265625,completed,,Qwen/Qwen3-8B,identical,7a4aa28932b8370a683262b50c17b9886e54c4f238f3db522d6285479630fdd8,cec73259ef6b1952599c9ec97de94f12f18e6321,NVIDIA H100 NVL,590.48.01,2.6.0+cu124,12.4,4.57.1,0.7.0,decode-only,NORMAL,MPK,one_prefill_phase_then_decode,637.422119140625,232.1873321533203,869.6094512939453,,,7.4899139404296875,,,,2136.206120291163,588.7700498633769,,[637.422119140625],[232.1873321533203],,30,1.0,1.0,0,0,30,20,True,"[[30, 30, 30, 30, 30, 30, 30, 30, 30, 30, 30, 30, 30, 30, 30, 30]]",2.248112862250897,1.3560522238487052,,/data/home/hliu148/mirage/results/qwen3_3d_identical_b1_b64_repeat1/b16_in512_out32/summary.json
16,512,32,512,31,1,0,1024,16,16,False,2.25,93.3447265625,completed,,Qwen/Qwen3-8B,identical,7a4aa28932b8370a683262b50c17b9886e54c4f238f3db522d6285479630fdd8,cec73259ef6b1952599c9ec97de94f12f18e6321,NVIDIA H100 NVL,590.48.01,2.6.0+cu124,12.4,4.57.1,0.7.0,prefill-only,MPK,NORMAL,one_prefill_phase_then_decode,4455.77099609375,865.3092002868652,5321.080196380615,,,27.913200009253718,16.494688034057617,16.65158462524414,263.84513282775856,573.205508314909,96.22106435235858,,[4455.77099609375],[865.3092002868652],,30,1.0,1.0,0,0,30,20,True,"[[30, 30, 30, 30, 30, 30, 30, 30, 30, 30, 30, 30, 30, 30, 30, 30]]",0.6032333039941722,0.2216158724894092,,/data/home/hliu148/mirage/results/qwen3_3d_identical_b1_b64_repeat1/b16_in512_out32/summary.json
16,512,64,512,63,1,0,1024,16,16,False,2.25,93.3447265625,completed,,Qwen/Qwen3-8B,identical,7a4aa28932b8370a683262b50c17b9886e54c4f238f3db522d6285479630fdd8,cec73259ef6b1952599c9ec97de94f12f18e6321,NVIDIA H100 NVL,590.48.01,2.6.0+cu124,12.4,4.57.1,0.7.0,normal,NORMAL,NORMAL,one_prefill_phase_then_decode,658.2367553710938,1045.344289779663,1703.5810451507568,,,16.592766504439098,16.290143966674805,16.465286636352538,24.57714206695561,964.2756074292666,601.086753644516,,[658.2367553710938],[1045.344289779663],,,,,0,0,30,20,True,,1.0,1.0,,/data/home/hliu148/mirage/results/qwen3_3d_identical_b1_b64_repeat1/b16_in512_out64/summary.json
16,512,64,512,63,1,0,1024,16,16,False,2.25,93.3447265625,completed,,Qwen/Qwen3-8B,identical,7a4aa28932b8370a683262b50c17b9886e54c4f238f3db522d6285479630fdd8,cec73259ef6b1952599c9ec97de94f12f18e6321,NVIDIA H100 NVL,590.48.01,2.6.0+cu124,12.4,4.57.1,0.7.0,always,MPK,MPK,split_two_mpk_launches,4460.84033203125,446.3067626953125,4907.1470947265625,,,7.084234328497024,,,,2258.5362451434503,208.67522008876313,,[4460.84033203125],[446.3067626953125],,30,1.0,1.0,0,0,30,20,True,"[[30, 30, 30, 30, 30, 30, 30, 30, 30, 30, 30, 30, 30, 30, 30, 30]]",2.342210284842368,0.34716323196863214,,/data/home/hliu148/mirage/results/qwen3_3d_identical_b1_b64_repeat1/b16_in512_out64/summary.json
16,512,64,512,63,1,0,1024,16,16,False,2.25,93.3447265625,completed,,Qwen/Qwen3-8B,identical,7a4aa28932b8370a683262b50c17b9886e54c4f238f3db522d6285479630fdd8,cec73259ef6b1952599c9ec97de94f12f18e6321,NVIDIA H100 NVL,590.48.01,2.6.0+cu124,12.4,4.57.1,0.7.0,always-continuous,MPK,MPK,continuous_one_mpk_launch,,,,5205.5751953125,196.71217138926133,,,,,,,,,,[5205.5751953125],30,1.0,1.0,0,0,30,20,True,"[[30, 30, 30, 30, 30, 30, 30, 30, 30, 30, 30, 30, 30, 30, 30, 30]]",,,0.32726086575116464,/data/home/hliu148/mirage/results/qwen3_3d_identical_b1_b64_repeat1/b16_in512_out64/summary.json
16,512,64,512,63,1,0,1024,16,16,False,2.25,93.3447265625,completed,,Qwen/Qwen3-8B,identical,7a4aa28932b8370a683262b50c17b9886e54c4f238f3db522d6285479630fdd8,cec73259ef6b1952599c9ec97de94f12f18e6321,NVIDIA H100 NVL,590.48.01,2.6.0+cu124,12.4,4.57.1,0.7.0,decode-only,NORMAL,MPK,one_prefill_phase_then_decode,632.7328491210938,455.1336975097656,1087.8665466308594,,,7.2243444049169145,,,,2214.7338364863035,941.2919288412213,,[632.7328491210938],[455.1336975097656],,30,1.0,1.0,0,0,30,20,True,"[[30, 30, 30, 30, 30, 30, 30, 30, 30, 30, 30, 30, 30, 30, 30, 30]]",2.2967850886436145,1.5659834843040035,,/data/home/hliu148/mirage/results/qwen3_3d_identical_b1_b64_repeat1/b16_in512_out64/summary.json
16,512,64,512,63,1,0,1024,16,16,False,2.25,93.3447265625,completed,,Qwen/Qwen3-8B,identical,7a4aa28932b8370a683262b50c17b9886e54c4f238f3db522d6285479630fdd8,cec73259ef6b1952599c9ec97de94f12f18e6321,NVIDIA H100 NVL,590.48.01,2.6.0+cu124,12.4,4.57.1,0.7.0,prefill-only,MPK,NORMAL,one_prefill_phase_then_decode,4460.076171875,1390.3832454681396,5850.45941734314,,,22.069575324891105,16.446367263793945,16.57912254333496,151.17916564941495,724.9799674194205,175.02898951225058,,[4460.076171875],[1390.3832454681396],,30,1.0,1.0,0,0,30,20,True,"[[30, 30, 30, 30, 30, 30, 30, 30, 30, 30, 30, 30, 30, 30, 30, 30]]",0.7518389574866442,0.2911875672704694,,/data/home/hliu148/mirage/results/qwen3_3d_identical_b1_b64_repeat1/b16_in512_out64/summary.json
16,512,128,512,127,1,0,1024,16,16,False,2.25,93.3447265625,completed,,Qwen/Qwen3-8B,identical,7a4aa28932b8370a683262b50c17b9886e54c4f238f3db522d6285479630fdd8,cec73259ef6b1952599c9ec97de94f12f18e6321,NVIDIA H100 NVL,590.48.01,2.6.0+cu124,12.4,4.57.1,0.7.0,normal,NORMAL,NORMAL,one_prefill_phase_then_decode,657.5867919921875,2083.220167160034,2740.8069591522217,,,16.403308402834917,16.26585578918457,16.431359481811523,16.79766189575195,975.412984202308,747.225189705984,,[657.5867919921875],[2083.220167160034],,,,,0,0,30,20,True,,1.0,1.0,,/data/home/hliu148/mirage/results/qwen3_3d_identical_b1_b64_repeat1/b16_in512_out128/summary.json
16,512,128,512,127,1,0,1024,16,16,False,2.25,93.3447265625,completed,,Qwen/Qwen3-8B,identical,7a4aa28932b8370a683262b50c17b9886e54c4f238f3db522d6285479630fdd8,cec73259ef6b1952599c9ec97de94f12f18e6321,NVIDIA H100 NVL,590.48.01,2.6.0+cu124,12.4,4.57.1,0.7.0,always,MPK,MPK,split_two_mpk_launches,4484.412109375,900.3032836914062,5384.715393066406,,,7.0890022337906,,,,2257.0172038787114,380.3357931669135,,[4484.412109375],[900.3032836914062],,30,1.0,1.0,0,0,30,20,True,"[[30, 30, 30, 30, 30, 30, 30, 30, 30, 30, 30, 30, 30, 30, 30, 30]]",2.3139093291079145,0.508997553089139,,/data/home/hliu148/mirage/results/qwen3_3d_identical_b1_b64_repeat1/b16_in512_out128/summary.json
16,512,128,512,127,1,0,1024,16,16,False,2.25,93.3447265625,completed,,Qwen/Qwen3-8B,identical,7a4aa28932b8370a683262b50c17b9886e54c4f238f3db522d6285479630fdd8,cec73259ef6b1952599c9ec97de94f12f18e6321,NVIDIA H100 NVL,590.48.01,2.6.0+cu124,12.4,4.57.1,0.7.0,always-continuous,MPK,MPK,continuous_one_mpk_launch,,,,5988.44482421875,341.9919628744649,,,,,,,,,,[5988.44482421875],8,0.9541666666666667,0.9375,0,0,30,20,True,"[[30, 30, 30, 30, 30, 30, 30, 30, 30, 30, 30, 30, 30, 8, 30, 30]]",,,0.4576825936623347,/data/home/hliu148/mirage/results/qwen3_3d_identical_b1_b64_repeat1/b16_in512_out128/summary.json
16,512,128,512,127,1,0,1024,16,16,False,2.25,93.3447265625,completed,,Qwen/Qwen3-8B,identical,7a4aa28932b8370a683262b50c17b9886e54c4f238f3db522d6285479630fdd8,cec73259ef6b1952599c9ec97de94f12f18e6321,NVIDIA H100 NVL,590.48.01,2.6.0+cu124,12.4,4.57.1,0.7.0,decode-only,NORMAL,MPK,one_prefill_phase_then_decode,628.5633544921875,915.8357543945312,1544.3991088867188,,,7.2113051527128444,,,,2218.7384476416046,1326.0820912259542,,[628.5633544921875],[915.8357543945312],,30,1.0,1.0,0,0,30,20,True,"[[30, 30, 30, 30, 30, 30, 30, 30, 30, 30, 30, 30, 30, 30, 30, 30]]",2.2746656888682764,1.7746753047066535,,/data/home/hliu148/mirage/results/qwen3_3d_identical_b1_b64_repeat1/b16_in512_out128/summary.json
16,512,128,512,127,1,0,1024,16,16,False,2.25,93.3447265625,completed,,Qwen/Qwen3-8B,identical,7a4aa28932b8370a683262b50c17b9886e54c4f238f3db522d6285479630fdd8,cec73259ef6b1952599c9ec97de94f12f18e6321,NVIDIA H100 NVL,590.48.01,2.6.0+cu124,12.4,4.57.1,0.7.0,prefill-only,MPK,NORMAL,one_prefill_phase_then_decode,4462.58447265625,2399.774751663208,6862.359224319458,,,18.895864186324474,16.10153579711914,16.33033676147461,17.059933471679685,846.74613673291,298.4396376019066,,[4462.58447265625],[2399.774751663208],,30,1.0,1.0,0,0,30,20,True,"[[30, 30, 30, 30, 30, 30, 30, 30, 30, 30, 30, 30, 30, 30, 30, 30]]",0.868089876233684,0.39939718536434216,,/data/home/hliu148/mirage/results/qwen3_3d_identical_b1_b64_repeat1/b16_in512_out128/summary.json
16,512,256,512,255,1,0,1024,16,16,False,2.25,93.3447265625,completed,,Qwen/Qwen3-8B,identical,7a4aa28932b8370a683262b50c17b9886e54c4f238f3db522d6285479630fdd8,cec73259ef6b1952599c9ec97de94f12f18e6321,NVIDIA H100 NVL,590.48.01,2.6.0+cu124,12.4,4.57.1,0.7.0,normal,NORMAL,NORMAL,one_prefill_phase_then_decode,661.5855712890625,4199.343292236328,4860.928863525391,,,16.4680129107307,16.38172721862793,16.508517837524415,17.023249893188478,971.5804867734992,842.6373055435694,,[661.5855712890625],[4199.343292236328],,,,,0,0,30,20,True,,1.0,1.0,,/data/home/hliu148/mirage/results/qwen3_3d_identical_b1_b64_repeat1/b16_in512_out256/summary.json
16,512,256,512,255,1,0,1024,16,16,False,2.25,93.3447265625,completed,,Qwen/Qwen3-8B,identical,7a4aa28932b8370a683262b50c17b9886e54c4f238f3db522d6285479630fdd8,cec73259ef6b1952599c9ec97de94f12f18e6321,NVIDIA H100 NVL,590.48.01,2.6.0+cu124,12.4,4.57.1,0.7.0,always,MPK,MPK,split_two_mpk_launches,4461.8564453125,1832.5782470703125,6294.4346923828125,,,7.186581361060049,,,,2226.3715104785147,650.7335765921537,,[4461.8564453125],[1832.5782470703125],,30,1.0,1.0,0,0,30,20,True,"[[30, 30, 30, 30, 30, 30, 30, 30, 30, 30, 30, 30, 30, 30, 30, 30]]",2.291494673665199,0.7722582092094508,,/data/home/hliu148/mirage/results/qwen3_3d_identical_b1_b64_repeat1/b16_in512_out256/summary.json
16,512,256,512,255,1,0,1024,16,16,False,2.25,93.3447265625,completed,,Qwen/Qwen3-8B,identical,7a4aa28932b8370a683262b50c17b9886e54c4f238f3db522d6285479630fdd8,cec73259ef6b1952599c9ec97de94f12f18e6321,NVIDIA H100 NVL,590.48.01,2.6.0+cu124,12.4,4.57.1,0.7.0,always-continuous,MPK,MPK,continuous_one_mpk_launch,,,,7520.7451171875,544.6268868544987,,,,,,,,,,[7520.7451171875],30,1.0,1.0,0,0,30,20,True,"[[30, 30, 30, 30, 30, 30, 30, 30, 30, 30, 30, 30, 30, 30, 30, 30]]",,,0.6463360727937035,/data/home/hliu148/mirage/results/qwen3_3d_identical_b1_b64_repeat1/b16_in512_out256/summary.json
16,512,256,512,255,1,0,1024,16,16,False,2.25,93.3447265625,completed,,Qwen/Qwen3-8B,identical,7a4aa28932b8370a683262b50c17b9886e54c4f238f3db522d6285479630fdd8,cec73259ef6b1952599c9ec97de94f12f18e6321,NVIDIA H100 NVL,590.48.01,2.6.0+cu124,12.4,4.57.1,0.7.0,decode-only,NORMAL,MPK,one_prefill_phase_then_decode,633.3756713867188,1831.9122314453125,2465.2879028320312,,,7.183969535079657,,,,2227.180936927872,1661.469232577123,,[633.3756713867188],[1831.9122314453125],,30,1.0,1.0,0,0,30,20,True,"[[30, 30, 30, 30, 30, 30, 30, 30, 30, 30, 30, 30, 30, 30, 30, 30]]",2.292327776491343,1.97174896203455,,/data/home/hliu148/mirage/results/qwen3_3d_identical_b1_b64_repeat1/b16_in512_out256/summary.json
16,512,256,512,255,1,0,1024,16,16,False,2.25,93.3447265625,completed,,Qwen/Qwen3-8B,identical,7a4aa28932b8370a683262b50c17b9886e54c4f238f3db522d6285479630fdd8,cec73259ef6b1952599c9ec97de94f12f18e6321,NVIDIA H100 NVL,590.48.01,2.6.0+cu124,12.4,4.57.1,0.7.0,prefill-only,MPK,NORMAL,one_prefill_phase_then_decode,4454.552734375,4520.95316696167,8975.50590133667,,,17.729228105732037,16.320480346679688,16.552953720092773,17.180428009033207,902.464557654771,456.35310644606744,,[4454.552734375],[4520.95316696167],,30,1.0,1.0,0,0,30,20,True,"[[30, 30, 30, 30, 30, 30, 30, 30, 30, 30, 30, 30, 30, 30, 30, 30]]",0.9288623741834775,0.5415771452839757,,/data/home/hliu148/mirage/results/qwen3_3d_identical_b1_b64_repeat1/b16_in512_out256/summary.json
16,512,512,512,511,1,0,1024,16,16,False,2.25,93.3447265625,completed,,Qwen/Qwen3-8B,identical,7a4aa28932b8370a683262b50c17b9886e54c4f238f3db522d6285479630fdd8,cec73259ef6b1952599c9ec97de94f12f18e6321,NVIDIA H100 NVL,590.48.01,2.6.0+cu124,12.4,4.57.1,0.7.0,normal,NORMAL,NORMAL,one_prefill_phase_then_decode,648.5380859375,8190.928360939026,8839.466446876526,,,16.029214013579306,15.985088348388672,16.09609603881836,16.335999298095704,998.1774518978561,926.7527683070383,,[648.5380859375],[8190.928360939026],,,,,0,0,30,20,True,,1.0,1.0,,/data/home/hliu148/mirage/results/qwen3_3d_identical_b1_b64_repeat1/b16_in512_out512/summary.json
16,512,512,512,511,1,0,1024,16,16,False,2.25,93.3447265625,completed,,Qwen/Qwen3-8B,identical,7a4aa28932b8370a683262b50c17b9886e54c4f238f3db522d6285479630fdd8,cec73259ef6b1952599c9ec97de94f12f18e6321,NVIDIA H100 NVL,590.48.01,2.6.0+cu124,12.4,4.57.1,0.7.0,always,MPK,MPK,split_two_mpk_launches,4531.86572265625,3725.90380859375,8257.76953125,,,7.291396885702055,,,,2194.366902640417,992.0354363244085,,[4531.86572265625],[3725.90380859375],,30,1.0,1.0,0,0,30,20,True,"[[30, 30, 30, 30, 30, 30, 30, 30, 30, 30, 30, 30, 30, 30, 30, 30]]",2.198373544171149,1.0704423771364897,,/data/home/hliu148/mirage/results/qwen3_3d_identical_b1_b64_repeat1/b16_in512_out512/summary.json
16,512,512,512,511,1,0,1024,16,16,False,2.25,93.3447265625,completed,,Qwen/Qwen3-8B,identical,7a4aa28932b8370a683262b50c17b9886e54c4f238f3db522d6285479630fdd8,cec73259ef6b1952599c9ec97de94f12f18e6321,NVIDIA H100 NVL,590.48.01,2.6.0+cu124,12.4,4.57.1,0.7.0,always-continuous,MPK,MPK,continuous_one_mpk_launch,,,,10566.9072265625,775.250489510063,,,,,,,,,,[10566.9072265625],30,1.0,1.0,0,0,30,20,True,"[[30, 30, 30, 30, 30, 30, 30, 30, 30, 30, 30, 30, 30, 30, 30, 30]]",,,0.8365235217222661,/data/home/hliu148/mirage/results/qwen3_3d_identical_b1_b64_repeat1/b16_in512_out512/summary.json
16,512,512,512,511,1,0,1024,16,16,False,2.25,93.3447265625,completed,,Qwen/Qwen3-8B,identical,7a4aa28932b8370a683262b50c17b9886e54c4f238f3db522d6285479630fdd8,cec73259ef6b1952599c9ec97de94f12f18e6321,NVIDIA H100 NVL,590.48.01,2.6.0+cu124,12.4,4.57.1,0.7.0,decode-only,NORMAL,MPK,one_prefill_phase_then_decode,631.5700073242188,3736.590576171875,4368.160583496094,,,7.312310325189579,,,,2188.0909436902466,1875.388929370235,,[631.5700073242188],[3736.590576171875],,30,1.0,1.0,0,0,30,20,True,"[[30, 30, 30, 30, 30, 30, 30, 30, 30, 30, 30, 30, 30, 30, 30, 30]]",2.1920861260991042,2.0236129780287944,,/data/home/hliu148/mirage/results/qwen3_3d_identical_b1_b64_repeat1/b16_in512_out512/summary.json
16,512,512,512,511,1,0,1024,16,16,False,2.25,93.3447265625,completed,,Qwen/Qwen3-8B,identical,7a4aa28932b8370a683262b50c17b9886e54c4f238f3db522d6285479630fdd8,cec73259ef6b1952599c9ec97de94f12f18e6321,NVIDIA H100 NVL,590.48.01,2.6.0+cu124,12.4,4.57.1,0.7.0,prefill-only,MPK,NORMAL,one_prefill_phase_then_decode,4460.462890625,8633.64543914795,13094.10832977295,,,16.89558794353806,16.192960739135742,16.33286476135254,16.722873878479003,946.9927920513361,625.6248836259665,,[4460.462890625],[8633.64543914795],,30,1.0,1.0,0,0,30,20,True,"[[30, 30, 30, 30, 30, 30, 30, 30, 30, 30, 30, 30, 30, 30, 30, 30]]",0.9487218833192419,0.6750720418875442,,/data/home/hliu148/mirage/results/qwen3_3d_identical_b1_b64_repeat1/b16_in512_out512/summary.json
32,16,16,16,15,1,0,64,32,32,False,0.28125,93.3447265625,completed,,Qwen/Qwen3-8B,identical,5887457ae6badf7010e7d004e3d50c4f020064cf8b8e26d8d17b0548c0e70013,cec73259ef6b1952599c9ec97de94f12f18e6321,NVIDIA H100 NVL,590.48.01,2.6.0+cu124,12.4,4.57.1,0.7.0,normal,NORMAL,NORMAL,one_prefill_phase_then_decode,365.4493103027344,258.44723320007324,623.8965435028076,,,17.22981554667155,16.203584671020508,16.404441833496094,29.425842628478996,1857.2456514882278,820.6488805426375,,[365.4493103027344],[258.44723320007324],,,,,0,0,16,11,True,,1.0,1.0,,/data/home/hliu148/mirage/results/qwen3_3d_identical_b1_b64_repeat1/b32_in16_out16/summary.json
32,16,16,16,15,1,0,64,32,32,False,0.28125,93.3447265625,completed,,Qwen/Qwen3-8B,identical,5887457ae6badf7010e7d004e3d50c4f020064cf8b8e26d8d17b0548c0e70013,cec73259ef6b1952599c9ec97de94f12f18e6321,NVIDIA H100 NVL,590.48.01,2.6.0+cu124,12.4,4.57.1,0.7.0,always,MPK,MPK,split_two_mpk_launches,184.6413116455078,115.6858901977539,300.3272018432617,,,7.71239267985026,,,,4149.166325983974,1704.8072797189,,[184.6413116455078],[115.6858901977539],,16,1.0,1.0,0,0,16,11,True,"[[16, 16, 16, 16, 16, 16, 16, 16, 16, 16, 16, 16, 16, 16, 16, 16, 16, 16, 16, 16, 16, 16, 16, 16, 16, 16, 16, 16, 16, 16, 16, 16]]",2.2340428271613986,2.077389392880949,,/data/home/hliu148/mirage/results/qwen3_3d_identical_b1_b64_repeat1/b32_in16_out16/summary.json
32,16,16,16,15,1,0,64,32,32,False,0.28125,93.3447265625,completed,,Qwen/Qwen3-8B,identical,5887457ae6badf7010e7d004e3d50c4f020064cf8b8e26d8d17b0548c0e70013,cec73259ef6b1952599c9ec97de94f12f18e6321,NVIDIA H100 NVL,590.48.01,2.6.0+cu124,12.4,4.57.1,0.7.0,always-continuous,MPK,MPK,continuous_one_mpk_launch,,,,394.6244812011719,1297.4359787349138,,,,,,,,,,[394.6244812011719],16,1.0,1.0,0,0,16,11,True,"[[16, 16, 16, 16, 16, 16, 16, 16, 16, 16, 16, 16, 16, 16, 16, 16, 16, 16, 16, 16, 16, 16, 16, 16, 16, 16, 16, 16, 16, 16, 16, 16]]",,,1.5809879346658102,/data/home/hliu148/mirage/results/qwen3_3d_identical_b1_b64_repeat1/b32_in16_out16/summary.json
32,16,16,16,15,1,0,64,32,32,False,0.28125,93.3447265625,completed,,Qwen/Qwen3-8B,identical,5887457ae6badf7010e7d004e3d50c4f020064cf8b8e26d8d17b0548c0e70013,cec73259ef6b1952599c9ec97de94f12f18e6321,NVIDIA H100 NVL,590.48.01,2.6.0+cu124,12.4,4.57.1,0.7.0,decode-only,NORMAL,MPK,one_prefill_phase_then_decode,344.7580261230469,116.62089538574219,461.37892150878906,,,7.774726359049479,,,,4115.900486034887,1109.7169292556132,,[344.7580261230469],[116.62089538574219],,16,1.0,1.0,0,0,16,11,True,"[[16, 16, 16, 16, 16, 16, 16, 16, 16, 16, 16, 16, 16, 16, 16, 16, 16, 16, 16, 16, 16, 16, 16, 16, 16, 16, 16, 16, 16, 16, 16, 16]]",2.2161314432136527,1.3522432742756383,,/data/home/hliu148/mirage/results/qwen3_3d_identical_b1_b64_repeat1/b32_in16_out16/summary.json
32,16,16,16,15,1,0,64,32,32,False,0.28125,93.3447265625,completed,,Qwen/Qwen3-8B,identical,5887457ae6badf7010e7d004e3d50c4f020064cf8b8e26d8d17b0548c0e70013,cec73259ef6b1952599c9ec97de94f12f18e6321,NVIDIA H100 NVL,590.48.01,2.6.0+cu124,12.4,4.57.1,0.7.0,prefill-only,MPK,NORMAL,one_prefill_phase_then_decode,184.81741333007812,587.227373123169,772.0447864532471,,,39.148491541544594,16.225984573364258,17.04872283935547,310.8165246582029,817.4005878627896,663.1739621636643,,[184.81741333007812],[587.227373123169],,16,1.0,1.0,0,0,16,11,True,"[[16, 16, 16, 16, 16, 16, 16, 16, 16, 16, 16, 16, 16, 16, 16, 16, 16, 16, 16, 16, 16, 16, 16, 16, 16, 16, 16, 16, 16, 16, 16, 16]]",0.44011441739427365,0.808109263154242,,/data/home/hliu148/mirage/results/qwen3_3d_identical_b1_b64_repeat1/b32_in16_out16/summary.json
32,16,32,16,31,1,0,64,32,32,False,0.28125,93.3447265625,completed,,Qwen/Qwen3-8B,identical,5887457ae6badf7010e7d004e3d50c4f020064cf8b8e26d8d17b0548c0e70013,cec73259ef6b1952599c9ec97de94f12f18e6321,NVIDIA H100 NVL,590.48.01,2.6.0+cu124,12.4,4.57.1,0.7.0,normal,NORMAL,NORMAL,one_prefill_phase_then_decode,372.88397216796875,514.6345586776733,887.5185308456421,,,16.601114796053977,16.10201644897461,16.184703826904297,27.393740081787097,1927.5813939679688,1153.7787262022757,,[372.88397216796875],[514.6345586776733],,,,,0,0,30,20,True,,1.0,1.0,,/data/home/hliu148/mirage/results/qwen3_3d_identical_b1_b64_repeat1/b32_in16_out32/summary.json
32,16,32,16,31,1,0,64,32,32,False,0.28125,93.3447265625,completed,,Qwen/Qwen3-8B,identical,5887457ae6badf7010e7d004e3d50c4f020064cf8b8e26d8d17b0548c0e70013,cec73259ef6b1952599c9ec97de94f12f18e6321,NVIDIA H100 NVL,590.48.01,2.6.0+cu124,12.4,4.57.1,0.7.0,always,MPK,MPK,split_two_mpk_launches,184.8771209716797,239.0791015625,423.9562225341797,,,7.71222908266129,,,,4149.2543409975615,2415.3437208188266,,[184.8771209716797],[239.0791015625],,30,1.0,1.0,0,0,30,20,True,"[[30, 30, 30, 30, 30, 30, 30, 30, 30, 30, 30, 30, 30, 30, 30, 30, 30, 30, 30, 30, 30, 30, 30, 30, 30, 30, 30, 30, 30, 30, 30, 30]]",2.152570238528932,2.093420225183957,,/data/home/hliu148/mirage/results/qwen3_3d_identical_b1_b64_repeat1/b32_in16_out32/summary.json
32,16,32,16,31,1,0,64,32,32,False,0.28125,93.3447265625,completed,,Qwen/Qwen3-8B,identical,5887457ae6badf7010e7d004e3d50c4f020064cf8b8e26d8d17b0548c0e70013,cec73259ef6b1952599c9ec97de94f12f18e6321,NVIDIA H100 NVL,590.48.01,2.6.0+cu124,12.4,4.57.1,0.7.0,always-continuous,MPK,MPK,continuous_one_mpk_launch,,,,610.8387451171875,1676.3835106817737,,,,,,,,,,[610.8387451171875],30,1.0,1.0,0,0,30,20,True,"[[30, 30, 30, 30, 30, 30, 30, 30, 30, 30, 30, 30, 30, 30, 30, 30, 30, 30, 30, 30, 30, 30, 30, 30, 30, 30, 30, 30, 30, 30, 30, 30]]",,,1.4529506157560035,/data/home/hliu148/mirage/results/qwen3_3d_identical_b1_b64_repeat1/b32_in16_out32/summary.json
32,16,32,16,31,1,0,64,32,32,False,0.28125,93.3447265625,correctness_failed,Batch match fraction: 0.633; passing-request fraction: 0.000; both require 0.667; invalid token IDs: 0; incomplete requests: 0,Qwen/Qwen3-8B,identical,5887457ae6badf7010e7d004e3d50c4f020064cf8b8e26d8d17b0548c0e70013,cec73259ef6b1952599c9ec97de94f12f18e6321,NVIDIA H100 NVL,590.48.01,2.6.0+cu124,12.4,4.57.1,0.7.0,decode-only,NORMAL,MPK,one_prefill_phase_then_decode,343.5124206542969,240.2005157470703,583.7129364013672,,,7.7484037337764615,,,,4129.882889363027,1754.2869724851992,,[343.5124206542969],[240.2005157470703],,19,0.6333333333333333,0.0,0,0,30,20,True,"[[19, 19, 19, 19, 19, 19, 19, 19, 19, 19, 19, 19, 19, 19, 19, 19, 19, 19, 19, 19, 19, 19, 19, 19, 19, 19, 19, 19, 19, 19, 19, 19]]",2.1425206231429597,1.5204708950212042,,/data/home/hliu148/mirage/results/qwen3_3d_identical_b1_b64_repeat1/b32_in16_out32/summary.json
32,16,32,16,31,1,0,64,32,32,False,0.28125,93.3447265625,completed,,Qwen/Qwen3-8B,identical,5887457ae6badf7010e7d004e3d50c4f020064cf8b8e26d8d17b0548c0e70013,cec73259ef6b1952599c9ec97de94f12f18e6321,NVIDIA H100 NVL,590.48.01,2.6.0+cu124,12.4,4.57.1,0.7.0,prefill-only,MPK,NORMAL,one_prefill_phase_then_decode,184.52700805664062,848.3175344467163,1032.844542503357,,,27.36508175634569,16.235776901245117,16.37331199645996,257.4120702743528,1169.3734476996226,991.4367146851355,,[184.52700805664062],[848.3175344467163],,30,1.0,1.0,0,0,30,20,True,"[[30, 30, 30, 30, 30, 30, 30, 30, 30, 30, 30, 30, 30, 30, 30, 30, 30, 30, 30, 30, 30, 30, 30, 30, 30, 30, 30, 30, 30, 30, 30, 30]]",0.6066532138974643,0.8592953676208803,,/data/home/hliu148/mirage/results/qwen3_3d_identical_b1_b64_repeat1/b32_in16_out32/summary.json
32,16,64,16,63,1,0,128,32,32,False,0.5625,93.3447265625,completed,,Qwen/Qwen3-8B,identical,5887457ae6badf7010e7d004e3d50c4f020064cf8b8e26d8d17b0548c0e70013,cec73259ef6b1952599c9ec97de94f12f18e6321,NVIDIA H100 NVL,590.48.01,2.6.0+cu124,12.4,4.57.1,0.7.0,normal,NORMAL,NORMAL,one_prefill_phase_then_decode,372.4461364746094,1023.1738891601562,1395.6200256347656,,,16.240855383494544,15.990464210510254,16.123065185546874,22.255720863342326,1970.3395692151385,1467.4481322869485,,[372.4461364746094],[1023.1738891601562],,,,,0,0,30,20,True,,1.0,1.0,,/data/home/hliu148/mirage/results/qwen3_3d_identical_b1_b64_repeat1/b32_in16_out64/summary.json
32,16,64,16,63,1,0,128,32,32,False,0.5625,93.3447265625,completed,,Qwen/Qwen3-8B,identical,5887457ae6badf7010e7d004e3d50c4f020064cf8b8e26d8d17b0548c0e70013,cec73259ef6b1952599c9ec97de94f12f18e6321,NVIDIA H100 NVL,590.48.01,2.6.0+cu124,12.4,4.57.1,0.7.0,always,MPK,MPK,split_two_mpk_launches,184.7243194580078,488.50537109375,673.2296905517578,,,7.754053509424603,,,,4126.873764941892,3042.0524060986136,,[184.7243194580078],[488.50537109375],,30,1.0,1.0,0,0,30,20,True,"[[30, 30, 30, 30, 30, 30, 30, 30, 30, 30, 30, 30, 30, 30, 30, 30, 30, 30, 30, 30, 30, 30, 30, 30, 30, 30, 30, 30, 30, 30, 30, 30]]",2.094498750073716,2.0730220981355703,,/data/home/hliu148/mirage/results/qwen3_3d_identical_b1_b64_repeat1/b32_in16_out64/summary.json
32,16,64,16,63,1,0,128,32,32,False,0.5625,93.3447265625,completed,,Qwen/Qwen3-8B,identical,5887457ae6badf7010e7d004e3d50c4f020064cf8b8e26d8d17b0548c0e70013,cec73259ef6b1952599c9ec97de94f12f18e6321,NVIDIA H100 NVL,590.48.01,2.6.0+cu124,12.4,4.57.1,0.7.0,always-continuous,MPK,MPK,continuous_one_mpk_launch,,,,1051.3853759765625,1947.9061120645206,,,,,,,,,,[1051.3853759765625],30,1.0,1.0,0,0,30,20,True,"[[30, 30, 30, 30, 30, 30, 30, 30, 30, 30, 30, 30, 30, 30, 30, 30, 30, 30, 30, 30, 30, 30, 30, 30, 30, 30, 30, 30, 30, 30, 30, 30]]",,,1.3274105361589856,/data/home/hliu148/mirage/results/qwen3_3d_identical_b1_b64_repeat1/b32_in16_out64/summary.json
32,16,64,16,63,1,0,128,32,32,False,0.5625,93.3447265625,correctness_failed,Batch match fraction: 0.633; passing-request fraction: 0.000; both require 0.667; invalid token IDs: 0; incomplete requests: 0,Qwen/Qwen3-8B,identical,5887457ae6badf7010e7d004e3d50c4f020064cf8b8e26d8d17b0548c0e70013,cec73259ef6b1952599c9ec97de94f12f18e6321,NVIDIA H100 NVL,590.48.01,2.6.0+cu124,12.4,4.57.1,0.7.0,decode-only,NORMAL,MPK,one_prefill_phase_then_decode,344.1292419433594,490.0320129394531,834.1612548828125,,,7.778285919673859,,,,4114.01693515295,2455.160783376008,,[344.1292419433594],[490.0320129394531],,19,0.6333333333333333,0.0,0,0,30,20,True,"[[19, 19, 19, 19, 19, 19, 19, 19, 19, 19, 19, 19, 19, 19, 19, 19, 19, 19, 19, 19, 19, 19, 19, 19, 19, 19, 19, 19, 19, 19, 19, 19]]",2.087973565283329,1.673081814176121,,/data/home/hliu148/mirage/results/qwen3_3d_identical_b1_b64_repeat1/b32_in16_out64/summary.json
32,16,64,16,63,1,0,128,32,32,False,0.5625,93.3447265625,completed,,Qwen/Qwen3-8B,identical,5887457ae6badf7010e7d004e3d50c4f020064cf8b8e26d8d17b0548c0e70013,cec73259ef6b1952599c9ec97de94f12f18e6321,NVIDIA H100 NVL,590.48.01,2.6.0+cu124,12.4,4.57.1,0.7.0,prefill-only,MPK,NORMAL,one_prefill_phase_then_decode,185.2109375,1363.9174709320068,1549.1284084320068,,,21.64948366558741,16.30944061279297,16.471481323242188,144.1750965881356,1478.0952975273533,1322.033724804608,,[185.2109375],[1363.9174709320068],,30,1.0,1.0,0,0,30,20,True,"[[30, 30, 30, 30, 30, 30, 30, 30, 30, 30, 30, 30, 30, 30, 30, 30, 30, 30, 30, 30, 30, 30, 30, 30, 30, 30, 30, 30, 30, 30, 30, 30]]",0.750172874067659,0.9009066117684724,,/data/home/hliu148/mirage/results/qwen3_3d_identical_b1_b64_repeat1/b32_in16_out64/summary.json
32,16,128,16,127,1,0,256,32,32,False,1.125,93.3447265625,completed,,Qwen/Qwen3-8B,identical,5887457ae6badf7010e7d004e3d50c4f020064cf8b8e26d8d17b0548c0e70013,cec73259ef6b1952599c9ec97de94f12f18e6321,NVIDIA H100 NVL,590.48.01,2.6.0+cu124,12.4,4.57.1,0.7.0,normal,NORMAL,NORMAL,one_prefill_phase_then_decode,375.15850830078125,2037.5429983139038,2412.701506614685,,,16.04364565601499,15.907967567443848,16.068710327148438,16.240348625183106,1994.559134881089,1697.6820335090636,,[375.15850830078125],[2037.5429983139038],,,,,0,0,30,20,True,,1.0,1.0,,/data/home/hliu148/mirage/results/qwen3_3d_identical_b1_b64_repeat1/b32_in16_out128/summary.json
32,16,128,16,127,1,0,256,32,32,False,1.125,93.3447265625,completed,,Qwen/Qwen3-8B,identical,5887457ae6badf7010e7d004e3d50c4f020064cf8b8e26d8d17b0548c0e70013,cec73259ef6b1952599c9ec97de94f12f18e6321,NVIDIA H100 NVL,590.48.01,2.6.0+cu124,12.4,4.57.1,0.7.0,always,MPK,MPK,split_two_mpk_launches,184.9078369140625,991.9486694335938,1176.8565063476562,,,7.810619444359006,,,,4096.986190142841,3480.458303886028,,[184.9078369140625],[991.9486694335938],,30,1.0,1.0,0,0,30,20,True,"[[30, 30, 30, 30, 30, 30, 30, 30, 30, 30, 30, 30, 30, 30, 30, 30, 30, 30, 30, 30, 30, 30, 30, 30, 30, 30, 30, 30, 30, 30, 30, 30]]",2.054081084132456,2.0501237777088406,,/data/home/hliu148/mirage/results/qwen3_3d_identical_b1_b64_repeat1/b32_in16_out128/summary.json
32,16,128,16,127,1,0,256,32,32,False,1.125,93.3447265625,completed,,Qwen/Qwen3-8B,identical,5887457ae6badf7010e7d004e3d50c4f020064cf8b8e26d8d17b0548c0e70013,cec73259ef6b1952599c9ec97de94f12f18e6321,NVIDIA H100 NVL,590.48.01,2.6.0+cu124,12.4,4.57.1,0.7.0,always-continuous,MPK,MPK,continuous_one_mpk_launch,,,,1568.747314453125,2611.000485714228,,,,,,,,,,[1568.747314453125],30,1.0,1.0,0,0,30,20,True,"[[30, 30, 30, 30, 30, 30, 30, 30, 30, 30, 30, 30, 30, 30, 30, 30, 30, 30, 30, 30, 30, 30, 30, 30, 30, 30, 30, 30, 30, 30, 30, 30]]",,,1.5379796888804669,/data/home/hliu148/mirage/results/qwen3_3d_identical_b1_b64_repeat1/b32_in16_out128/summary.json
32,16,128,16,127,1,0,256,32,32,False,1.125,93.3447265625,correctness_failed,Batch match fraction: 0.633; passing-request fraction: 0.000; both require 0.667; invalid token IDs: 0; incomplete requests: 0,Qwen/Qwen3-8B,identical,5887457ae6badf7010e7d004e3d50c4f020064cf8b8e26d8d17b0548c0e70013,cec73259ef6b1952599c9ec97de94f12f18e6321,NVIDIA H100 NVL,590.48.01,2.6.0+cu124,12.4,4.57.1,0.7.0,decode-only,NORMAL,MPK,one_prefill_phase_then_decode,345.76324462890625,997.6836547851562,1343.4468994140625,,,7.855776809331939,,,,4073.4354827885318,3048.8737603149402,,[345.76324462890625],[997.6836547851562],,19,0.6333333333333333,0.0,0,0,30,20,True,"[[19, 19, 19, 19, 19, 19, 19, 19, 19, 19, 19, 19, 19, 19, 19, 19, 19, 19, 19, 19, 19, 19, 19, 19, 19, 19, 19, 19, 19, 19, 19, 19]]",2.0422736090155484,1.7959038854955656,,/data/home/hliu148/mirage/results/qwen3_3d_identical_b1_b64_repeat1/b32_in16_out128/summary.json
32,16,128,16,127,1,0,256,32,32,False,1.125,93.3447265625,completed,,Qwen/Qwen3-8B,identical,5887457ae6badf7010e7d004e3d50c4f020064cf8b8e26d8d17b0548c0e70013,cec73259ef6b1952599c9ec97de94f12f18e6321,NVIDIA H100 NVL,590.48.01,2.6.0+cu124,12.4,4.57.1,0.7.0,prefill-only,MPK,NORMAL,one_prefill_phase_then_decode,184.6438751220703,2412.889207839966,2597.533082962036,,,18.99912762078713,16.24799919128418,16.500294494628907,17.28487007141113,1684.2878598798654,1576.8807823341454,,[184.6438751220703],[2412.889207839966],,30,1.0,1.0,0,0,30,20,True,"[[30, 30, 30, 30, 30, 30, 30, 30, 30, 30, 30, 30, 30, 30, 30, 30, 30, 30, 30, 30, 30, 30, 30, 30, 30, 30, 30, 30, 30, 30, 30, 30]]",0.8444411752075122,0.9288434177952479,,/data/home/hliu148/mirage/results/qwen3_3d_identical_b1_b64_repeat1/b32_in16_out128/summary.json
32,16,256,16,255,1,0,512,32,32,False,2.25,93.3447265625,completed,,Qwen/Qwen3-8B,identical,5887457ae6badf7010e7d004e3d50c4f020064cf8b8e26d8d17b0548c0e70013,cec73259ef6b1952599c9ec97de94f12f18e6321,NVIDIA H100 NVL,590.48.01,2.6.0+cu124,12.4,4.57.1,0.7.0,normal,NORMAL,NORMAL,one_prefill_phase_then_decode,377.7414855957031,4056.183051109314,4433.924536705017,,,15.906600200428683,15.81811237335205,15.996991920471192,16.386591987609865,2011.7435276419158,1847.573167333994,,[377.7414855957031],[4056.183051109314],,,,,0,0,30,20,True,,1.0,1.0,,/data/home/hliu148/mirage/results/qwen3_3d_identical_b1_b64_repeat1/b32_in16_out256/summary.json
32,16,256,16,255,1,0,512,32,32,False,2.25,93.3447265625,completed,,Qwen/Qwen3-8B,identical,5887457ae6badf7010e7d004e3d50c4f020064cf8b8e26d8d17b0548c0e70013,cec73259ef6b1952599c9ec97de94f12f18e6321,NVIDIA H100 NVL,590.48.01,2.6.0+cu124,12.4,4.57.1,0.7.0,always,MPK,MPK,split_two_mpk_launches,185.45199584960938,2035.0528564453125,2220.504852294922,,,7.980599437040441,,,,4009.723862530684,3689.251114012859,,[185.45199584960938],[2035.0528564453125],,30,1.0,1.0,0,0,30,20,True,"[[30, 30, 30, 30, 30, 30, 30, 30, 30, 30, 30, 30, 30, 30, 30, 30, 30, 30, 30, 30, 30, 30, 30, 30, 30, 30, 30, 30, 30, 30, 30, 30]]",1.9931585748560703,1.9968092085556561,,/data/home/hliu148/mirage/results/qwen3_3d_identical_b1_b64_repeat1/b32_in16_out256/summary.json
32,16,256,16,255,1,0,512,32,32,False,2.25,93.3447265625,completed,,Qwen/Qwen3-8B,identical,5887457ae6badf7010e7d004e3d50c4f020064cf8b8e26d8d17b0548c0e70013,cec73259ef6b1952599c9ec97de94f12f18e6321,NVIDIA H100 NVL,590.48.01,2.6.0+cu124,12.4,4.57.1,0.7.0,always-continuous,MPK,MPK,continuous_one_mpk_launch,,,,2646.26025390625,3095.689468905208,,,,,,,,,,[2646.26025390625],30,1.0,1.0,0,0,30,20,True,"[[30, 30, 30, 30, 30, 30, 30, 30, 30, 30, 30, 30, 30, 30, 30, 30, 30, 30, 30, 30, 30, 30, 30, 30, 30, 30, 30, 30, 30, 30, 30, 30]]",,,1.675543639428482,/data/home/hliu148/mirage/results/qwen3_3d_identical_b1_b64_repeat1/b32_in16_out256/summary.json
32,16,256,16,255,1,0,512,32,32,False,2.25,93.3447265625,correctness_failed,Batch match fraction: 0.633; passing-request fraction: 0.000; both require 0.667; invalid token IDs: 0; incomplete requests: 0,Qwen/Qwen3-8B,identical,5887457ae6badf7010e7d004e3d50c4f020064cf8b8e26d8d17b0548c0e70013,cec73259ef6b1952599c9ec97de94f12f18e6321,NVIDIA H100 NVL,590.48.01,2.6.0+cu124,12.4,4.57.1,0.7.0,decode-only,NORMAL,MPK,one_prefill_phase_then_decode,345.28387451171875,2032.43701171875,2377.7208862304688,,,7.9703412224264705,,,,4014.8845710595565,3445.3160787039333,,[345.28387451171875],[2032.43701171875],,19,0.6333333333333333,0.0,0,0,30,20,True,"[[19, 19, 19, 19, 19, 19, 19, 19, 19, 19, 19, 19, 19, 19, 19, 19, 19, 19, 19, 19, 19, 19, 19, 19, 19, 19, 19, 19, 19, 19, 19, 19]]",1.9957238663348114,1.8647792356042094,,/data/home/hliu148/mirage/results/qwen3_3d_identical_b1_b64_repeat1/b32_in16_out256/summary.json
32,16,256,16,255,1,0,512,32,32,False,2.25,93.3447265625,completed,,Qwen/Qwen3-8B,identical,5887457ae6badf7010e7d004e3d50c4f020064cf8b8e26d8d17b0548c0e70013,cec73259ef6b1952599c9ec97de94f12f18e6321,NVIDIA H100 NVL,590.48.01,2.6.0+cu124,12.4,4.57.1,0.7.0,prefill-only,MPK,NORMAL,one_prefill_phase_then_decode,185.04141235351562,4467.477340698242,4652.518753051758,,,17.51951898313036,16.188608169555664,16.30101203918457,17.263707008361816,1826.5341663097583,1760.766680333436,,[185.04141235351562],[4467.477340698242],,30,1.0,1.0,0,0,30,20,True,"[[30, 30, 30, 30, 30, 30, 30, 30, 30, 30, 30, 30, 30, 30, 30, 30, 30, 30, 30, 30, 30, 30, 30, 30, 30, 30, 30, 30, 30, 30, 30, 30]]",0.9079358979972699,0.953015940837776,,/data/home/hliu148/mirage/results/qwen3_3d_identical_b1_b64_repeat1/b32_in16_out256/summary.json
32,16,512,16,511,1,0,1024,32,32,False,4.5,93.3447265625,completed,,Qwen/Qwen3-8B,identical,5887457ae6badf7010e7d004e3d50c4f020064cf8b8e26d8d17b0548c0e70013,cec73259ef6b1952599c9ec97de94f12f18e6321,NVIDIA H100 NVL,590.48.01,2.6.0+cu124,12.4,4.57.1,0.7.0,normal,NORMAL,NORMAL,one_prefill_phase_then_decode,373.76727294921875,8185.657861709595,8559.425134658813,,,16.0188999250677,15.9782075881958,16.057920455932617,16.28564109802246,1997.6402967549445,1914.1472402928005,,[373.76727294921875],[8185.657861709595],,,,,0,0,30,20,True,,1.0,1.0,,/data/home/hliu148/mirage/results/qwen3_3d_identical_b1_b64_repeat1/b32_in16_out512/summary.json
32,16,512,16,511,1,0,1024,32,32,False,4.5,93.3447265625,completed,,Qwen/Qwen3-8B,identical,5887457ae6badf7010e7d004e3d50c4f020064cf8b8e26d8d17b0548c0e70013,cec73259ef6b1952599c9ec97de94f12f18e6321,NVIDIA H100 NVL,590.48.01,2.6.0+cu124,12.4,4.57.1,0.7.0,always,MPK,MPK,split_two_mpk_launches,185.50502014160156,4218.89111328125,4404.396133422852,,,8.256146992722602,,,,3875.899984363949,3719.919712868167,,[185.50502014160156],[4218.89111328125],,30,1.0,1.0,0,0,30,20,True,"[[30, 30, 30, 30, 30, 30, 30, 30, 30, 30, 30, 30, 30, 30, 30, 30, 30, 30, 30, 30, 30, 30, 30, 30, 30, 30, 30, 30, 30, 30, 30, 30]]",1.9402391865342987,1.9433822198020378,,/data/home/hliu148/mirage/results/qwen3_3d_identical_b1_b64_repeat1/b32_in16_out512/summary.json
32,16,512,16,511,1,0,1024,32,32,False,4.5,93.3447265625,completed,,Qwen/Qwen3-8B,identical,5887457ae6badf7010e7d004e3d50c4f020064cf8b8e26d8d17b0548c0e70013,cec73259ef6b1952599c9ec97de94f12f18e6321,NVIDIA H100 NVL,590.48.01,2.6.0+cu124,12.4,4.57.1,0.7.0,always-continuous,MPK,MPK,continuous_one_mpk_launch,,,,4890.29638671875,3350.308182648455,,,,,,,,,,[4890.29638671875],30,1.0,1.0,0,0,30,20,True,"[[30, 30, 30, 30, 30, 30, 30, 30, 30, 30, 30, 30, 30, 30, 30, 30, 30, 30, 30, 30, 30, 30, 30, 30, 30, 30, 30, 30, 30, 30, 30, 30]]",,,1.7502876017708908,/data/home/hliu148/mirage/results/qwen3_3d_identical_b1_b64_repeat1/b32_in16_out512/summary.json
32,16,512,16,511,1,0,1024,32,32,False,4.5,93.3447265625,correctness_failed,Batch match fraction: 0.633; passing-request fraction: 0.000; both require 0.667; invalid token IDs: 0; incomplete requests: 0,Qwen/Qwen3-8B,identical,5887457ae6badf7010e7d004e3d50c4f020064cf8b8e26d8d17b0548c0e70013,cec73259ef6b1952599c9ec97de94f12f18e6321,NVIDIA H100 NVL,590.48.01,2.6.0+cu124,12.4,4.57.1,0.7.0,decode-only,NORMAL,MPK,one_prefill_phase_then_decode,339.06103515625,4211.52294921875,4550.583984375,,,8.2417278849682,,,,3882.680967708687,3600.4170137847177,,[339.06103515625],[4211.52294921875],,19,0.6333333333333333,0.0,0,0,30,20,True,"[[19, 19, 19, 19, 19, 19, 19, 19, 19, 19, 19, 19, 19, 19, 19, 19, 19, 19, 19, 19, 19, 19, 19, 19, 19, 19, 19, 19, 19, 19, 19, 19]]",1.9436336832090773,1.8809509205958337,,/data/home/hliu148/mirage/results/qwen3_3d_identical_b1_b64_repeat1/b32_in16_out512/summary.json
32,16,512,16,511,1,0,1024,32,32,False,4.5,93.3447265625,completed,,Qwen/Qwen3-8B,identical,5887457ae6badf7010e7d004e3d50c4f020064cf8b8e26d8d17b0548c0e70013,cec73259ef6b1952599c9ec97de94f12f18e6321,NVIDIA H100 NVL,590.48.01,2.6.0+cu124,12.4,4.57.1,0.7.0,prefill-only,MPK,NORMAL,one_prefill_phase_then_decode,185.44764709472656,8533.253611564636,8718.701258659363,,,16.699126441418073,16.02297592163086,16.166912078857422,16.92461071014403,1916.267902531229,1879.1789641522018,,[185.44764709472656],[8533.253611564636],,30,1.0,1.0,0,0,30,20,True,"[[30, 30, 30, 30, 30, 30, 30, 30, 30, 30, 30, 30, 30, 30, 30, 30, 30, 30, 30, 30, 30, 30, 30, 30, 30, 30, 30, 30, 30, 30, 30, 30]]",0.9592657425083482,0.9817316685965863,,/data/home/hliu148/mirage/results/qwen3_3d_identical_b1_b64_repeat1/b32_in16_out512/summary.json
32,32,16,32,15,1,0,64,32,32,False,0.28125,93.3447265625,completed,,Qwen/Qwen3-8B,identical,aea21ff6e71842000bec56a7cd803a0e9e1bc0fae358be90b9f42bf47bdd64d4,cec73259ef6b1952599c9ec97de94f12f18e6321,NVIDIA H100 NVL,590.48.01,2.6.0+cu124,12.4,4.57.1,0.7.0,normal,NORMAL,NORMAL,one_prefill_phase_then_decode,390.835693359375,257.01049423217773,647.8461875915527,,,17.13403294881185,15.993856430053711,16.180889511108397,30.257092781066888,1867.6280182021608,790.311048836179,,[390.835693359375],[257.01049423217773],,,,,0,0,16,11,True,,1.0,1.0,,/data/home/hliu148/mirage/results/qwen3_3d_identical_b1_b64_repeat1/b32_in32_out16/summary.json
32,32,16,32,15,1,0,64,32,32,False,0.28125,93.3447265625,completed,,Qwen/Qwen3-8B,identical,aea21ff6e71842000bec56a7cd803a0e9e1bc0fae358be90b9f42bf47bdd64d4,cec73259ef6b1952599c9ec97de94f12f18e6321,NVIDIA H100 NVL,590.48.01,2.6.0+cu124,12.4,4.57.1,0.7.0,always,MPK,MPK,split_two_mpk_launches,369.4317932128906,115.89676666259766,485.3285598754883,,,7.726451110839844,,,,4141.616835587754,1054.955430876259,,[369.4317932128906],[115.89676666259766],,16,1.0,1.0,0,0,16,11,True,"[[16, 16, 16, 16, 16, 16, 16, 16, 16, 16, 16, 16, 16, 16, 16, 16, 16, 16, 16, 16, 16, 16, 16, 16, 16, 16, 16, 16, 16, 16, 16, 16]]",2.2175812288223264,1.33486104291443,,/data/home/hliu148/mirage/results/qwen3_3d_identical_b1_b64_repeat1/b32_in32_out16/summary.json
32,32,16,32,15,1,0,64,32,32,False,0.28125,93.3447265625,completed,,Qwen/Qwen3-8B,identical,aea21ff6e71842000bec56a7cd803a0e9e1bc0fae358be90b9f42bf47bdd64d4,cec73259ef6b1952599c9ec97de94f12f18e6321,NVIDIA H100 NVL,590.48.01,2.6.0+cu124,12.4,4.57.1,0.7.0,always-continuous,MPK,MPK,continuous_one_mpk_launch,,,,609.045654296875,840.6594750127373,,,,,,,,,,[609.045654296875],16,1.0,1.0,0,0,16,11,True,"[[16, 16, 16, 16, 16, 16, 16, 16, 16, 16, 16, 16, 16, 16, 16, 16, 16, 16, 16, 16, 16, 16, 16, 16, 16, 16, 16, 16, 16, 16, 16, 16]]",,,1.063707101464293,/data/home/hliu148/mirage/results/qwen3_3d_identical_b1_b64_repeat1/b32_in32_out16/summary.json
32,32,16,32,15,1,0,64,32,32,False,0.28125,93.3447265625,completed,,Qwen/Qwen3-8B,identical,aea21ff6e71842000bec56a7cd803a0e9e1bc0fae358be90b9f42bf47bdd64d4,cec73259ef6b1952599c9ec97de94f12f18e6321,NVIDIA H100 NVL,590.48.01,2.6.0+cu124,12.4,4.57.1,0.7.0,decode-only,NORMAL,MPK,one_prefill_phase_then_decode,362.2919921875,118.88262176513672,481.1746139526367,,,7.925508117675781,,,,4037.596015911249,1064.0627854286543,,[362.2919921875],[118.88262176513672],,16,1.0,1.0,0,0,16,11,True,"[[16, 16, 16, 16, 16, 16, 16, 16, 16, 16, 16, 16, 16, 16, 16, 16, 16, 16, 16, 16, 16, 16, 16, 16, 16, 16, 16, 16, 16, 16, 16, 16]]",2.1618844740817122,1.3463848025351601,,/data/home/hliu148/mirage/results/qwen3_3d_identical_b1_b64_repeat1/b32_in32_out16/summary.json
32,32,16,32,15,1,0,64,32,32,False,0.28125,93.3447265625,completed,,Qwen/Qwen3-8B,identical,aea21ff6e71842000bec56a7cd803a0e9e1bc0fae358be90b9f42bf47bdd64d4,cec73259ef6b1952599c9ec97de94f12f18e6321,NVIDIA H100 NVL,590.48.01,2.6.0+cu124,12.4,4.57.1,0.7.0,prefill-only,MPK,NORMAL,one_prefill_phase_then_decode,369.1939392089844,582.6580896377563,951.8520288467407,,,38.84387264251709,16.094688415527344,16.764358520507812,308.88437477111796,823.8107537448252,537.8987326636649,,[369.1939392089844],[582.6580896377563],,16,1.0,1.0,0,0,16,11,True,"[[16, 16, 16, 16, 16, 16, 16, 16, 16, 16, 16, 16, 16, 16, 16, 16, 16, 16, 16, 16, 16, 16, 16, 16, 16, 16, 16, 16, 16, 16, 16, 16]]",0.4411000186952925,0.6806164907548498,,/data/home/hliu148/mirage/results/qwen3_3d_identical_b1_b64_repeat1/b32_in32_out16/summary.json
32,32,32,32,31,1,0,64,32,32,False,0.28125,93.3447265625,completed,,Qwen/Qwen3-8B,identical,aea21ff6e71842000bec56a7cd803a0e9e1bc0fae358be90b9f42bf47bdd64d4,cec73259ef6b1952599c9ec97de94f12f18e6321,NVIDIA H100 NVL,590.48.01,2.6.0+cu124,12.4,4.57.1,0.7.0,normal,NORMAL,NORMAL,one_prefill_phase_then_decode,394.7241516113281,519.0488033294678,913.7729549407959,,,16.74350978482154,16.214176177978516,16.345855712890625,27.986727142333972,1911.1882998992776,1120.628482669796,,[394.7241516113281],[519.0488033294678],,,,,0,0,30,20,True,,1.0,1.0,,/data/home/hliu148/mirage/results/qwen3_3d_identical_b1_b64_repeat1/b32_in32_out32/summary.json
32,32,32,32,31,1,0,64,32,32,False,0.28125,93.3447265625,completed,,Qwen/Qwen3-8B,identical,aea21ff6e71842000bec56a7cd803a0e9e1bc0fae358be90b9f42bf47bdd64d4,cec73259ef6b1952599c9ec97de94f12f18e6321,NVIDIA H100 NVL,590.48.01,2.6.0+cu124,12.4,4.57.1,0.7.0,always,MPK,MPK,split_two_mpk_launches,369.0318908691406,239.2224884033203,608.2543792724609,,,7.7168544646232355,,,,4146.767332039137,1683.5061692853185,,[369.0318908691406],[239.2224884033203],,30,1.0,1.0,0,0,30,20,True,"[[30, 30, 30, 30, 30, 30, 30, 30, 30, 30, 30, 30, 30, 30, 30, 30, 30, 30, 30, 30, 30, 30, 30, 30, 30, 30, 30, 30, 30, 30, 30, 30]]",2.1697324812304877,1.5022875068055717,,/data/home/hliu148/mirage/results/qwen3_3d_identical_b1_b64_repeat1/b32_in32_out32/summary.json
32,32,32,32,31,1,0,64,32,32,False,0.28125,93.3447265625,completed,,Qwen/Qwen3-8B,identical,aea21ff6e71842000bec56a7cd803a0e9e1bc0fae358be90b9f42bf47bdd64d4,cec73259ef6b1952599c9ec97de94f12f18e6321,NVIDIA H100 NVL,590.48.01,2.6.0+cu124,12.4,4.57.1,0.7.0,always-continuous,MPK,MPK,continuous_one_mpk_launch,,,,828.0800170898438,1236.5954724987641,,,,,,,,,,[828.0800170898438],30,1.0,1.0,0,0,30,20,True,"[[30, 30, 30, 30, 30, 30, 30, 30, 30, 30, 30, 30, 30, 30, 30, 30, 30, 30, 30, 30, 30, 30, 30, 30, 30, 30, 30, 30, 30, 30, 30, 30]]",,,1.1034838857144584,/data/home/hliu148/mirage/results/qwen3_3d_identical_b1_b64_repeat1/b32_in32_out32/summary.json
32,32,32,32,31,1,0,64,32,32,False,0.28125,93.3447265625,completed,,Qwen/Qwen3-8B,identical,aea21ff6e71842000bec56a7cd803a0e9e1bc0fae358be90b9f42bf47bdd64d4,cec73259ef6b1952599c9ec97de94f12f18e6321,NVIDIA H100 NVL,590.48.01,2.6.0+cu124,12.4,4.57.1,0.7.0,decode-only,NORMAL,MPK,one_prefill_phase_then_decode,359.84765625,243.39605712890625,603.2437133789062,,,7.851485713835685,,,,4075.6617494202947,1697.489716493424,,[359.84765625],[243.39605712890625],,30,1.0,1.0,0,0,30,20,True,"[[30, 30, 30, 30, 30, 30, 30, 30, 30, 30, 30, 30, 30, 30, 30, 30, 30, 30, 30, 30, 30, 30, 30, 30, 30, 30, 30, 30, 30, 30, 30, 30]]",2.1325275744075496,1.5147658146697365,,/data/home/hliu148/mirage/results/qwen3_3d_identical_b1_b64_repeat1/b32_in32_out32/summary.json
32,32,32,32,31,1,0,64,32,32,False,0.28125,93.3447265625,completed,,Qwen/Qwen3-8B,identical,aea21ff6e71842000bec56a7cd803a0e9e1bc0fae358be90b9f42bf47bdd64d4,cec73259ef6b1952599c9ec97de94f12f18e6321,NVIDIA H100 NVL,590.48.01,2.6.0+cu124,12.4,4.57.1,0.7.0,prefill-only,MPK,NORMAL,one_prefill_phase_then_decode,368.6874694824219,834.1407566070557,1202.8282260894775,,,26.907766342163086,16.07823944091797,16.18115234375,250.9250158309934,1189.2477284469967,851.3268792578413,,[368.6874694824219],[834.1407566070557],,30,1.0,1.0,0,0,30,20,True,"[[30, 30, 30, 30, 30, 30, 30, 30, 30, 30, 30, 30, 30, 30, 30, 30, 30, 30, 30, 30, 30, 30, 30, 30, 30, 30, 30, 30, 30, 30, 30, 30]]",0.6222556555571587,0.7596869903124646,,/data/home/hliu148/mirage/results/qwen3_3d_identical_b1_b64_repeat1/b32_in32_out32/summary.json
32,32,64,32,63,1,0,128,32,32,False,0.5625,93.3447265625,completed,,Qwen/Qwen3-8B,identical,aea21ff6e71842000bec56a7cd803a0e9e1bc0fae358be90b9f42bf47bdd64d4,cec73259ef6b1952599c9ec97de94f12f18e6321,NVIDIA H100 NVL,590.48.01,2.6.0+cu124,12.4,4.57.1,0.7.0,normal,NORMAL,NORMAL,one_prefill_phase_then_decode,375.3462219238281,1020.570463180542,1395.9166851043701,,,16.199531161595903,15.937536239624023,16.06552963256836,22.61474937438968,1975.3658103304952,1467.1362709923299,,[375.3462219238281],[1020.570463180542],,,,,0,0,30,20,True,,1.0,1.0,,/data/home/hliu148/mirage/results/qwen3_3d_identical_b1_b64_repeat1/b32_in32_out64/summary.json
32,32,64,32,63,1,0,128,32,32,False,0.5625,93.3447265625,completed,,Qwen/Qwen3-8B,identical,aea21ff6e71842000bec56a7cd803a0e9e1bc0fae358be90b9f42bf47bdd64d4,cec73259ef6b1952599c9ec97de94f12f18e6321,NVIDIA H100 NVL,590.48.01,2.6.0+cu124,12.4,4.57.1,0.7.0,always,MPK,MPK,split_two_mpk_launches,370.3436279296875,491.7021484375,862.0457763671875,,,7.804796006944445,,,,4100.043098055026,2375.743906119037,,[370.3436279296875],[491.7021484375],,30,1.0,1.0,0,0,30,20,True,"[[30, 30, 30, 30, 30, 30, 30, 30, 30, 30, 30, 30, 30, 30, 30, 30, 30, 30, 30, 30, 30, 30, 30, 30, 30, 30, 30, 30, 30, 30, 30, 30]]",2.0755867478383943,1.6193069131282198,,/data/home/hliu148/mirage/results/qwen3_3d_identical_b1_b64_repeat1/b32_in32_out64/summary.json
32,32,64,32,63,1,0,128,32,32,False,0.5625,93.3447265625,completed,,Qwen/Qwen3-8B,identical,aea21ff6e71842000bec56a7cd803a0e9e1bc0fae358be90b9f42bf47bdd64d4,cec73259ef6b1952599c9ec97de94f12f18e6321,NVIDIA H100 NVL,590.48.01,2.6.0+cu124,12.4,4.57.1,0.7.0,always-continuous,MPK,MPK,continuous_one_mpk_launch,,,,1259.97705078125,1625.426430370407,,,,,,,,,,[1259.97705078125],30,1.0,1.0,0,0,30,20,True,"[[30, 30, 30, 30, 30, 30, 30, 30, 30, 30, 30, 30, 30, 30, 30, 30, 30, 30, 30, 30, 30, 30, 30, 30, 30, 30, 30, 30, 30, 30, 30, 30]]",,,1.1078905637518006,/data/home/hliu148/mirage/results/qwen3_3d_identical_b1_b64_repeat1/b32_in32_out64/summary.json
32,32,64,32,63,1,0,128,32,32,False,0.5625,93.3447265625,completed,,Qwen/Qwen3-8B,identical,aea21ff6e71842000bec56a7cd803a0e9e1bc0fae358be90b9f42bf47bdd64d4,cec73259ef6b1952599c9ec97de94f12f18e6321,NVIDIA H100 NVL,590.48.01,2.6.0+cu124,12.4,4.57.1,0.7.0,decode-only,NORMAL,MPK,one_prefill_phase_then_decode,364.0486145019531,494.2702331542969,858.31884765625,,,7.845559256417411,,,,4078.740463762994,2386.0596858525564,,[364.0486145019531],[494.2702331542969],,30,1.0,1.0,0,0,30,20,True,"[[30, 30, 30, 30, 30, 30, 30, 30, 30, 30, 30, 30, 30, 30, 30, 30, 30, 30, 30, 30, 30, 30, 30, 30, 30, 30, 30, 30, 30, 30, 30, 30]]",2.064802601337211,1.626338148015857,,/data/home/hliu148/mirage/results/qwen3_3d_identical_b1_b64_repeat1/b32_in32_out64/summary.json
32,32,64,32,63,1,0,128,32,32,False,0.5625,93.3447265625,completed,,Qwen/Qwen3-8B,identical,aea21ff6e71842000bec56a7cd803a0e9e1bc0fae358be90b9f42bf47bdd64d4,cec73259ef6b1952599c9ec97de94f12f18e6321,NVIDIA H100 NVL,590.48.01,2.6.0+cu124,12.4,4.57.1,0.7.0,prefill-only,MPK,NORMAL,one_prefill_phase_then_decode,370.1719665527344,1344.9944868087769,1715.1664533615112,,,21.349118838234553,15.931584358215332,16.140511322021485,145.16024971008386,1498.8909023584888,1194.053204565759,,[370.1719665527344],[1344.9944868087769],,30,1.0,1.0,0,0,30,20,True,"[[30, 30, 30, 30, 30, 30, 30, 30, 30, 30, 30, 30, 30, 30, 30, 30, 30, 30, 30, 30, 30, 30, 30, 30, 30, 30, 30, 30, 30, 30, 30, 30]]",0.7587915587684044,0.8138665972439867,,/data/home/hliu148/mirage/results/qwen3_3d_identical_b1_b64_repeat1/b32_in32_out64/summary.json
32,32,128,32,127,1,0,256,32,32,False,1.125,93.3447265625,completed,,Qwen/Qwen3-8B,identical,aea21ff6e71842000bec56a7cd803a0e9e1bc0fae358be90b9f42bf47bdd64d4,cec73259ef6b1952599c9ec97de94f12f18e6321,NVIDIA H100 NVL,590.48.01,2.6.0+cu124,12.4,4.57.1,0.7.0,normal,NORMAL,NORMAL,one_prefill_phase_then_decode,390.8895263671875,2047.3891859054565,2438.278712272644,,,16.12117469216895,15.94320011138916,16.126822662353515,17.48686908721923,1984.9670145652833,1679.8735843377992,,[390.8895263671875],[2047.3891859054565],,,,,0,0,30,20,True,,1.0,1.0,,/data/home/hliu148/mirage/results/qwen3_3d_identical_b1_b64_repeat1/b32_in32_out128/summary.json
32,32,128,32,127,1,0,256,32,32,False,1.125,93.3447265625,completed,,Qwen/Qwen3-8B,identical,aea21ff6e71842000bec56a7cd803a0e9e1bc0fae358be90b9f42bf47bdd64d4,cec73259ef6b1952599c9ec97de94f12f18e6321,NVIDIA H100 NVL,590.48.01,2.6.0+cu124,12.4,4.57.1,0.7.0,always,MPK,MPK,split_two_mpk_launches,369.5496520996094,996.767822265625,1366.3174743652344,,,7.848565529650591,,,,4077.1781644823195,2997.839138303435,,[369.5496520996094],[996.767822265625],,30,1.0,1.0,0,0,30,20,True,"[[30, 30, 30, 30, 30, 30, 30, 30, 30, 30, 30, 30, 30, 30, 30, 30, 30, 30, 30, 30, 30, 30, 30, 30, 30, 30, 30, 30, 30, 30, 30, 30]]",2.0540281700223817,1.7845623422224202,,/data/home/hliu148/mirage/results/qwen3_3d_identical_b1_b64_repeat1/b32_in32_out128/summary.json
32,32,128,32,127,1,0,256,32,32,False,1.125,93.3447265625,completed,,Qwen/Qwen3-8B,identical,aea21ff6e71842000bec56a7cd803a0e9e1bc0fae358be90b9f42bf47bdd64d4,cec73259ef6b1952599c9ec97de94f12f18e6321,NVIDIA H100 NVL,590.48.01,2.6.0+cu124,12.4,4.57.1,0.7.0,always-continuous,MPK,MPK,continuous_one_mpk_launch,,,,2150.74951171875,1904.452367736084,,,,,,,,,,[2150.74951171875],30,1.0,1.0,0,0,30,20,True,"[[30, 30, 30, 30, 30, 30, 30, 30, 30, 30, 30, 30, 30, 30, 30, 30, 30, 30, 30, 30, 30, 30, 30, 30, 30, 30, 30, 30, 30, 30, 30, 30]]",,,1.133687906930695,/data/home/hliu148/mirage/results/qwen3_3d_identical_b1_b64_repeat1/b32_in32_out128/summary.json
32,32,128,32,127,1,0,256,32,32,False,1.125,93.3447265625,completed,,Qwen/Qwen3-8B,identical,aea21ff6e71842000bec56a7cd803a0e9e1bc0fae358be90b9f42bf47bdd64d4,cec73259ef6b1952599c9ec97de94f12f18e6321,NVIDIA H100 NVL,590.48.01,2.6.0+cu124,12.4,4.57.1,0.7.0,decode-only,NORMAL,MPK,one_prefill_phase_then_decode,362.6806945800781,1004.2078857421875,1366.8885803222656,,,7.907148706631397,,,,4046.9708092327805,2996.586597449152,,[362.6806945800781],[1004.2078857421875],,30,1.0,1.0,0,0,30,20,True,"[[30, 30, 30, 30, 30, 30, 30, 30, 30, 30, 30, 30, 30, 30, 30, 30, 30, 30, 30, 30, 30, 30, 30, 30, 30, 30, 30, 30, 30, 30, 30, 30]]",2.038810105929687,1.7838167260844195,,/data/home/hliu148/mirage/results/qwen3_3d_identical_b1_b64_repeat1/b32_in32_out128/summary.json
32,32,128,32,127,1,0,256,32,32,False,1.125,93.3447265625,completed,,Qwen/Qwen3-8B,identical,aea21ff6e71842000bec56a7cd803a0e9e1bc0fae358be90b9f42bf47bdd64d4,cec73259ef6b1952599c9ec97de94f12f18e6321,NVIDIA H100 NVL,590.48.01,2.6.0+cu124,12.4,4.57.1,0.7.0,prefill-only,MPK,NORMAL,one_prefill_phase_then_decode,370.1957092285156,2375.5282611846924,2745.723970413208,,,18.704946938462143,16.007104873657227,16.21104621887207,17.46537326812744,1710.7773737759092,1491.774134667873,,[370.1957092285156],[2375.5282611846924],,30,1.0,1.0,0,0,30,20,True,"[[30, 30, 30, 30, 30, 30, 30, 30, 30, 30, 30, 30, 30, 30, 30, 30, 30, 30, 30, 30, 30, 30, 30, 30, 30, 30, 30, 30, 30, 30, 30, 30]]",0.8618669031891076,0.8880276162303758,,/data/home/hliu148/mirage/results/qwen3_3d_identical_b1_b64_repeat1/b32_in32_out128/summary.json
32,32,256,32,255,1,0,512,32,32,False,2.25,93.3447265625,completed,,Qwen/Qwen3-8B,identical,aea21ff6e71842000bec56a7cd803a0e9e1bc0fae358be90b9f42bf47bdd64d4,cec73259ef6b1952599c9ec97de94f12f18e6321,NVIDIA H100 NVL,590.48.01,2.6.0+cu124,12.4,4.57.1,0.7.0,normal,NORMAL,NORMAL,one_prefill_phase_then_decode,396.0821228027344,4075.6699199676514,4471.752042770386,,,15.98301929399079,15.89635181427002,16.017651748657226,16.41672786712647,2002.1248433349003,1831.9441511172895,,[396.0821228027344],[4075.6699199676514],,,,,0,0,30,20,True,,1.0,1.0,,/data/home/hliu148/mirage/results/qwen3_3d_identical_b1_b64_repeat1/b32_in32_out256/summary.json
32,32,256,32,255,1,0,512,32,32,False,2.25,93.3447265625,completed,,Qwen/Qwen3-8B,identical,aea21ff6e71842000bec56a7cd803a0e9e1bc0fae358be90b9f42bf47bdd64d4,cec73259ef6b1952599c9ec97de94f12f18e6321,NVIDIA H100 NVL,590.48.01,2.6.0+cu124,12.4,4.57.1,0.7.0,always,MPK,MPK,split_two_mpk_launches,370.7082214355469,2046.41162109375,2417.119842529297,,,8.025143612132354,,,,3987.4675827137394,3389.1575650745617,,[370.7082214355469],[2046.41162109375],,30,1.0,1.0,0,0,30,20,True,"[[30, 30, 30, 30, 30, 30, 30, 30, 30, 30, 30, 30, 30, 30, 30, 30, 30, 30, 30, 30, 30, 30, 30, 30, 30, 30, 30, 30, 30, 30, 30, 30]]",1.991617853396141,1.8500332354605564,,/data/home/hliu148/mirage/results/qwen3_3d_identical_b1_b64_repeat1/b32_in32_out256/summary.json
32,32,256,32,255,1,0,512,32,32,False,2.25,93.3447265625,completed,,Qwen/Qwen3-8B,identical,aea21ff6e71842000bec56a7cd803a0e9e1bc0fae358be90b9f42bf47bdd64d4,cec73259ef6b1952599c9ec97de94f12f18e6321,NVIDIA H100 NVL,590.48.01,2.6.0+cu124,12.4,4.57.1,0.7.0,always-continuous,MPK,MPK,continuous_one_mpk_launch,,,,3253.735595703125,2517.7214801406526,,,,,,,,,,[3253.735595703125],30,1.0,1.0,0,0,30,20,True,"[[30, 30, 30, 30, 30, 30, 30, 30, 30, 30, 30, 30, 30, 30, 30, 30, 30, 30, 30, 30, 30, 30, 30, 30, 30, 30, 30, 30, 30, 30, 30, 30]]",,,1.3743440151301078,/data/home/hliu148/mirage/results/qwen3_3d_identical_b1_b64_repeat1/b32_in32_out256/summary.json
32,32,256,32,255,1,0,512,32,32,False,2.25,93.3447265625,completed,,Qwen/Qwen3-8B,identical,aea21ff6e71842000bec56a7cd803a0e9e1bc0fae358be90b9f42bf47bdd64d4,cec73259ef6b1952599c9ec97de94f12f18e6321,NVIDIA H100 NVL,590.48.01,2.6.0+cu124,12.4,4.57.1,0.7.0,decode-only,NORMAL,MPK,one_prefill_phase_then_decode,361.3583068847656,2053.825927734375,2415.1842346191406,,,8.05421932444853,,,,3973.0728343669775,3391.873747176818,,[361.3583068847656],[2053.825927734375],,30,1.0,1.0,0,0,30,20,True,"[[30, 30, 30, 30, 30, 30, 30, 30, 30, 30, 30, 30, 30, 30, 30, 30, 30, 30, 30, 30, 30, 30, 30, 30, 30, 30, 30, 30, 30, 30, 30, 30]]",1.9844281177536898,1.8515159128121557,,/data/home/hliu148/mirage/results/qwen3_3d_identical_b1_b64_repeat1/b32_in32_out256/summary.json
32,32,256,32,255,1,0,512,32,32,False,2.25,93.3447265625,completed,,Qwen/Qwen3-8B,identical,aea21ff6e71842000bec56a7cd803a0e9e1bc0fae358be90b9f42bf47bdd64d4,cec73259ef6b1952599c9ec97de94f12f18e6321,NVIDIA H100 NVL,590.48.01,2.6.0+cu124,12.4,4.57.1,0.7.0,prefill-only,MPK,NORMAL,one_prefill_phase_then_decode,370.5307922363281,4397.381019592285,4767.911811828613,,,17.24463144938151,15.876480102539062,16.012569427490234,17.02407615661621,1855.6499797592196,1718.1525840466759,,[370.5307922363281],[4397.381019592285],,30,1.0,1.0,0,0,30,20,True,"[[30, 30, 30, 30, 30, 30, 30, 30, 30, 30, 30, 30, 30, 30, 30, 30, 30, 30, 30, 30, 30, 30, 30, 30, 30, 30, 30, 30, 30, 30, 30, 30]]",0.9268402946682882,0.9378848056032641,,/data/home/hliu148/mirage/results/qwen3_3d_identical_b1_b64_repeat1/b32_in32_out256/summary.json
32,32,512,32,511,1,0,1024,32,32,False,4.5,93.3447265625,completed,,Qwen/Qwen3-8B,identical,aea21ff6e71842000bec56a7cd803a0e9e1bc0fae358be90b9f42bf47bdd64d4,cec73259ef6b1952599c9ec97de94f12f18e6321,NVIDIA H100 NVL,590.48.01,2.6.0+cu124,12.4,4.57.1,0.7.0,normal,NORMAL,NORMAL,one_prefill_phase_then_decode,392.5375671386719,8031.800030708313,8424.337597846985,,,15.717808279272628,15.673088073730469,15.778143882751465,16.001321601867673,2035.9072608233175,1944.8413373399558,,[392.5375671386719],[8031.800030708313],,,,,0,0,30,20,True,,1.0,1.0,,/data/home/hliu148/mirage/results/qwen3_3d_identical_b1_b64_repeat1/b32_in32_out512/summary.json
32,32,512,32,511,1,0,1024,32,32,False,4.5,93.3447265625,completed,,Qwen/Qwen3-8B,identical,aea21ff6e71842000bec56a7cd803a0e9e1bc0fae358be90b9f42bf47bdd64d4,cec73259ef6b1952599c9ec97de94f12f18e6321,NVIDIA H100 NVL,590.48.01,2.6.0+cu124,12.4,4.57.1,0.7.0,always,MPK,MPK,split_two_mpk_launches,370.1463317871094,4240.279296875,4610.425628662109,,,8.29800253791585,,,,3856.349748482628,3553.6849131984463,,[370.1463317871094],[4240.279296875],,30,1.0,1.0,0,0,30,20,True,"[[30, 30, 30, 30, 30, 30, 30, 30, 30, 30, 30, 30, 30, 30, 30, 30, 30, 30, 30, 30, 30, 30, 30, 30, 30, 30, 30, 30, 30, 30, 30, 30]]",1.894167687639724,1.8272364151098186,,/data/home/hliu148/mirage/results/qwen3_3d_identical_b1_b64_repeat1/b32_in32_out512/summary.json
32,32,512,32,511,1,0,1024,32,32,False,4.5,93.3447265625,completed,,Qwen/Qwen3-8B,identical,aea21ff6e71842000bec56a7cd803a0e9e1bc0fae358be90b9f42bf47bdd64d4,cec73259ef6b1952599c9ec97de94f12f18e6321,NVIDIA H100 NVL,590.48.01,2.6.0+cu124,12.4,4.57.1,0.7.0,always-continuous,MPK,MPK,continuous_one_mpk_launch,,,,5520.9609375,2967.599333788983,,,,,,,,,,[5520.9609375],30,1.0,1.0,0,0,30,20,True,"[[30, 30, 30, 30, 30, 30, 30, 30, 30, 30, 30, 30, 30, 30, 30, 30, 30, 30, 30, 30, 30, 30, 30, 30, 30, 30, 30, 30, 30, 30, 30, 30]]",,,1.5258824855337034,/data/home/hliu148/mirage/results/qwen3_3d_identical_b1_b64_repeat1/b32_in32_out512/summary.json
32,32,512,32,511,1,0,1024,32,32,False,4.5,93.3447265625,completed,,Qwen/Qwen3-8B,identical,aea21ff6e71842000bec56a7cd803a0e9e1bc0fae358be90b9f42bf47bdd64d4,cec73259ef6b1952599c9ec97de94f12f18e6321,NVIDIA H100 NVL,590.48.01,2.6.0+cu124,12.4,4.57.1,0.7.0,decode-only,NORMAL,MPK,one_prefill_phase_then_decode,370.9695739746094,4248.8310546875,4619.800628662109,,,8.314737876100782,,,,3848.587950316298,3546.4733907239615,,[370.9695739746094],[4248.8310546875],,30,1.0,1.0,0,0,30,20,True,"[[30, 30, 30, 30, 30, 30, 30, 30, 30, 30, 30, 30, 30, 30, 30, 30, 30, 30, 30, 30, 30, 30, 30, 30, 30, 30, 30, 30, 30, 30, 30, 30]]",1.8903552359059494,1.823528388991684,,/data/home/hliu148/mirage/results/qwen3_3d_identical_b1_b64_repeat1/b32_in32_out512/summary.json
32,32,512,32,511,1,0,1024,32,32,False,4.5,93.3447265625,completed,,Qwen/Qwen3-8B,identical,aea21ff6e71842000bec56a7cd803a0e9e1bc0fae358be90b9f42bf47bdd64d4,cec73259ef6b1952599c9ec97de94f12f18e6321,NVIDIA H100 NVL,590.48.01,2.6.0+cu124,12.4,4.57.1,0.7.0,prefill-only,MPK,NORMAL,one_prefill_phase_then_decode,370.13287353515625,8527.742899894714,8897.87577342987,,,16.68834226985267,16.01862335205078,16.138816833496094,16.83216285705565,1917.5062137722148,1841.3383617834493,,[370.13287353515625],[8527.742899894714],,30,1.0,1.0,0,0,30,20,True,"[[30, 30, 30, 30, 30, 30, 30, 30, 30, 30, 30, 30, 30, 30, 30, 30, 30, 30, 30, 30, 30, 30, 30, 30, 30, 30, 30, 30, 30, 30, 30, 30]]",0.9418435950745508,0.9467807612017997,,/data/home/hliu148/mirage/results/qwen3_3d_identical_b1_b64_repeat1/b32_in32_out512/summary.json
32,64,16,64,15,1,0,128,32,32,False,0.5625,93.3447265625,completed,,Qwen/Qwen3-8B,identical,3598f6613cc16060b87d445400415a6e85f5fb500b80d85db75235c418b93849,cec73259ef6b1952599c9ec97de94f12f18e6321,NVIDIA H100 NVL,590.48.01,2.6.0+cu124,12.4,4.57.1,0.7.0,normal,NORMAL,NORMAL,one_prefill_phase_then_decode,427.09942626953125,257.9965476989746,685.0959739685059,,,17.199769846598308,15.999135971069336,16.291098022460936,30.977411575317372,1860.4900115177306,747.34054709762,,[427.09942626953125],[257.9965476989746],,,,,0,0,16,11,True,,1.0,1.0,,/data/home/hliu148/mirage/results/qwen3_3d_identical_b1_b64_repeat1/b32_in64_out16/summary.json
32,64,16,64,15,1,0,128,32,32,False,0.5625,93.3447265625,completed,,Qwen/Qwen3-8B,identical,3598f6613cc16060b87d445400415a6e85f5fb500b80d85db75235c418b93849,cec73259ef6b1952599c9ec97de94f12f18e6321,NVIDIA H100 NVL,590.48.01,2.6.0+cu124,12.4,4.57.1,0.7.0,always,MPK,MPK,split_two_mpk_launches,740.7391357421875,118.32252502441406,859.0616607666016,,,7.8881683349609375,,,,4056.708559092694,595.9991271675494,,[740.7391357421875],[118.32252502441406],,16,1.0,1.0,0,0,16,11,True,"[[16, 16, 16, 16, 16, 16, 16, 16, 16, 16, 16, 16, 16, 16, 16, 16, 16, 16, 16, 16, 16, 16, 16, 16, 16, 16, 16, 16, 16, 16, 16, 16]]",2.1804516734724935,0.7974933642797494,,/data/home/hliu148/mirage/results/qwen3_3d_identical_b1_b64_repeat1/b32_in64_out16/summary.json
32,64,16,64,15,1,0,128,32,32,False,0.5625,93.3447265625,completed,,Qwen/Qwen3-8B,identical,3598f6613cc16060b87d445400415a6e85f5fb500b80d85db75235c418b93849,cec73259ef6b1952599c9ec97de94f12f18e6321,NVIDIA H100 NVL,590.48.01,2.6.0+cu124,12.4,4.57.1,0.7.0,always-continuous,MPK,MPK,continuous_one_mpk_launch,,,,996.1663208007812,513.9703976223791,,,,,,,,,,[996.1663208007812],16,1.0,1.0,0,0,16,11,True,"[[16, 16, 16, 16, 16, 16, 16, 16, 16, 16, 16, 16, 16, 16, 16, 16, 16, 16, 16, 16, 16, 16, 16, 16, 16, 16, 16, 16, 16, 16, 16, 16]]",,,0.6877325198243829,/data/home/hliu148/mirage/results/qwen3_3d_identical_b1_b64_repeat1/b32_in64_out16/summary.json
32,64,16,64,15,1,0,128,32,32,False,0.5625,93.3447265625,completed,,Qwen/Qwen3-8B,identical,3598f6613cc16060b87d445400415a6e85f5fb500b80d85db75235c418b93849,cec73259ef6b1952599c9ec97de94f12f18e6321,NVIDIA H100 NVL,590.48.01,2.6.0+cu124,12.4,4.57.1,0.7.0,decode-only,NORMAL,MPK,one_prefill_phase_then_decode,400.6685791015625,123.22383880615234,523.8924179077148,,,8.214922587076822,,,,3895.35015830098,977.2998854321849,,[400.6685791015625],[123.22383880615234],,16,1.0,1.0,0,0,16,11,True,"[[16, 16, 16, 16, 16, 16, 16, 16, 16, 16, 16, 16, 16, 16, 16, 16, 16, 16, 16, 16, 16, 16, 16, 16, 16, 16, 16, 16, 16, 16, 16, 16]]",2.093722693583973,1.3077035485731872,,/data/home/hliu148/mirage/results/qwen3_3d_identical_b1_b64_repeat1/b32_in64_out16/summary.json
32,64,16,64,15,1,0,128,32,32,False,0.5625,93.3447265625,completed,,Qwen/Qwen3-8B,identical,3598f6613cc16060b87d445400415a6e85f5fb500b80d85db75235c418b93849,cec73259ef6b1952599c9ec97de94f12f18e6321,NVIDIA H100 NVL,590.48.01,2.6.0+cu124,12.4,4.57.1,0.7.0,prefill-only,MPK,NORMAL,one_prefill_phase_then_decode,740.2560424804688,589.0105419158936,1329.2665843963623,,,39.26736946105957,16.2936954498291,16.86911392211914,312.2312992858885,814.9259917126246,385.1748069274652,,[740.2560424804688],[589.0105419158936],,16,1.0,1.0,0,0,16,11,True,"[[16, 16, 16, 16, 16, 16, 16, 16, 16, 16, 16, 16, 16, 16, 16, 16, 16, 16, 16, 16, 16, 16, 16, 16, 16, 16, 16, 16, 16, 16, 16, 16]]",0.4380168593583757,0.5153939638673887,,/data/home/hliu148/mirage/results/qwen3_3d_identical_b1_b64_repeat1/b32_in64_out16/summary.json
32,64,32,64,31,1,0,128,32,32,False,0.5625,93.3447265625,completed,,Qwen/Qwen3-8B,identical,3598f6613cc16060b87d445400415a6e85f5fb500b80d85db75235c418b93849,cec73259ef6b1952599c9ec97de94f12f18e6321,NVIDIA H100 NVL,590.48.01,2.6.0+cu124,12.4,4.57.1,0.7.0,normal,NORMAL,NORMAL,one_prefill_phase_then_decode,423.5781555175781,516.3094415664673,939.8875970840454,,,16.655143276337654,16.13417625427246,16.30124855041504,27.822195625305163,1921.3284130352176,1089.491980931453,,[423.5781555175781],[516.3094415664673],,,,,0,0,30,20,True,,1.0,1.0,,/data/home/hliu148/mirage/results/qwen3_3d_identical_b1_b64_repeat1/b32_in64_out32/summary.json
32,64,32,64,31,1,0,128,32,32,False,0.5625,93.3447265625,completed,,Qwen/Qwen3-8B,identical,3598f6613cc16060b87d445400415a6e85f5fb500b80d85db75235c418b93849,cec73259ef6b1952599c9ec97de94f12f18e6321,NVIDIA H100 NVL,590.48.01,2.6.0+cu124,12.4,4.57.1,0.7.0,always,MPK,MPK,split_two_mpk_launches,740.521728515625,244.25772094726562,984.7794494628906,,,7.879281320879536,,,,4061.284106610367,1039.826735375622,,[740.521728515625],[244.25772094726562],,30,1.0,1.0,0,0,30,20,True,"[[30, 30, 30, 30, 30, 30, 30, 30, 30, 30, 30, 30, 30, 30, 30, 30, 30, 30, 30, 30, 30, 30, 30, 30, 30, 30, 30, 30, 30, 30, 30, 30]]",2.113789646297145,0.9544143082968174,,/data/home/hliu148/mirage/results/qwen3_3d_identical_b1_b64_repeat1/b32_in64_out32/summary.json
32,64,32,64,31,1,0,128,32,32,False,0.5625,93.3447265625,completed,,Qwen/Qwen3-8B,identical,3598f6613cc16060b87d445400415a6e85f5fb500b80d85db75235c418b93849,cec73259ef6b1952599c9ec97de94f12f18e6321,NVIDIA H100 NVL,590.48.01,2.6.0+cu124,12.4,4.57.1,0.7.0,always-continuous,MPK,MPK,continuous_one_mpk_launch,,,,1256.5443115234375,814.933457267814,,,,,,,,,,[1256.5443115234375],30,1.0,1.0,0,0,30,20,True,"[[30, 30, 30, 30, 30, 30, 30, 30, 30, 30, 30, 30, 30, 30, 30, 30, 30, 30, 30, 30, 30, 30, 30, 30, 30, 30, 30, 30, 30, 30, 30, 30]]",,,0.747993993100429,/data/home/hliu148/mirage/results/qwen3_3d_identical_b1_b64_repeat1/b32_in64_out32/summary.json
32,64,32,64,31,1,0,128,32,32,False,0.5625,93.3447265625,completed,,Qwen/Qwen3-8B,identical,3598f6613cc16060b87d445400415a6e85f5fb500b80d85db75235c418b93849,cec73259ef6b1952599c9ec97de94f12f18e6321,NVIDIA H100 NVL,590.48.01,2.6.0+cu124,12.4,4.57.1,0.7.0,decode-only,NORMAL,MPK,one_prefill_phase_then_decode,399.0317077636719,249.86441040039062,648.8961181640625,,,8.060142270980343,,,,3970.153245956028,1578.064610553116,,[399.0317077636719],[249.86441040039062],,30,1.0,1.0,0,0,30,20,True,"[[30, 30, 30, 30, 30, 30, 30, 30, 30, 30, 30, 30, 30, 30, 30, 30, 30, 30, 30, 30, 30, 30, 30, 30, 30, 30, 30, 30, 30, 30, 30, 30]]",2.066358473137958,1.4484407762266973,,/data/home/hliu148/mirage/results/qwen3_3d_identical_b1_b64_repeat1/b32_in64_out32/summary.json
32,64,32,64,31,1,0,128,32,32,False,0.5625,93.3447265625,completed,,Qwen/Qwen3-8B,identical,3598f6613cc16060b87d445400415a6e85f5fb500b80d85db75235c418b93849,cec73259ef6b1952599c9ec97de94f12f18e6321,NVIDIA H100 NVL,590.48.01,2.6.0+cu124,12.4,4.57.1,0.7.0,prefill-only,MPK,NORMAL,one_prefill_phase_then_decode,740.129638671875,833.2013139724731,1573.3309526443481,,,26.877461741047522,15.95910358428955,16.12726402282715,251.9214935302732,1190.5886168979002,650.8484424582954,,[740.129638671875],[833.2013139724731],,30,1.0,1.0,0,0,30,20,True,"[[30, 30, 30, 30, 30, 30, 30, 30, 30, 30, 30, 30, 30, 30, 30, 30, 30, 30, 30, 30, 30, 30, 30, 30, 30, 30, 30, 30, 30, 30, 30, 30]]",0.6196694999253504,0.5973870885234578,,/data/home/hliu148/mirage/results/qwen3_3d_identical_b1_b64_repeat1/b32_in64_out32/summary.json
32,64,64,64,63,1,0,128,32,32,False,0.5625,93.3447265625,completed,,Qwen/Qwen3-8B,identical,3598f6613cc16060b87d445400415a6e85f5fb500b80d85db75235c418b93849,cec73259ef6b1952599c9ec97de94f12f18e6321,NVIDIA H100 NVL,590.48.01,2.6.0+cu124,12.4,4.57.1,0.7.0,normal,NORMAL,NORMAL,one_prefill_phase_then_decode,425.810546875,1020.1701383590698,1445.9806852340698,,,16.193176799350315,15.892224311828613,16.024108123779296,23.407862396240272,1976.1409633521614,1416.3398037840855,,[425.810546875],[1020.1701383590698],,,,,0,0,30,20,True,,1.0,1.0,,/data/home/hliu148/mirage/results/qwen3_3d_identical_b1_b64_repeat1/b32_in64_out64/summary.json
32,64,64,64,63,1,0,128,32,32,False,0.5625,93.3447265625,completed,,Qwen/Qwen3-8B,identical,3598f6613cc16060b87d445400415a6e85f5fb500b80d85db75235c418b93849,cec73259ef6b1952599c9ec97de94f12f18e6321,NVIDIA H100 NVL,590.48.01,2.6.0+cu124,12.4,4.57.1,0.7.0,always,MPK,MPK,split_two_mpk_launches,741.0829467773438,496.4154052734375,1237.4983520507812,,,7.879609607514881,,,,4061.1149021242377,1654.951698809179,,[741.0829467773438],[496.4154052734375],,30,1.0,1.0,0,0,30,20,True,"[[30, 30, 30, 30, 30, 30, 30, 30, 30, 30, 30, 30, 30, 30, 30, 30, 30, 30, 30, 30, 30, 30, 30, 30, 30, 30, 30, 30, 30, 30, 30, 30]]",2.0550734878929386,1.1684707966178636,,/data/home/hliu148/mirage/results/qwen3_3d_identical_b1_b64_repeat1/b32_in64_out64/summary.json
32,64,64,64,63,1,0,128,32,32,False,0.5625,93.3447265625,completed,,Qwen/Qwen3-8B,identical,3598f6613cc16060b87d445400415a6e85f5fb500b80d85db75235c418b93849,cec73259ef6b1952599c9ec97de94f12f18e6321,NVIDIA H100 NVL,590.48.01,2.6.0+cu124,12.4,4.57.1,0.7.0,always-continuous,MPK,MPK,continuous_one_mpk_launch,,,,1712.3681640625,1196.0044825531163,,,,,,,,,,[1712.3681640625],30,1.0,1.0,0,0,30,20,True,"[[30, 30, 30, 30, 30, 30, 30, 30, 30, 30, 30, 30, 30, 30, 30, 30, 30, 30, 30, 30, 30, 30, 30, 30, 30, 30, 30, 30, 30, 30, 30, 30]]",,,0.8444332916138546,/data/home/hliu148/mirage/results/qwen3_3d_identical_b1_b64_repeat1/b32_in64_out64/summary.json
32,64,64,64,63,1,0,128,32,32,False,0.5625,93.3447265625,completed,,Qwen/Qwen3-8B,identical,3598f6613cc16060b87d445400415a6e85f5fb500b80d85db75235c418b93849,cec73259ef6b1952599c9ec97de94f12f18e6321,NVIDIA H100 NVL,590.48.01,2.6.0+cu124,12.4,4.57.1,0.7.0,decode-only,NORMAL,MPK,one_prefill_phase_then_decode,401.791259765625,503.3023986816406,905.0936584472656,,,7.988926963200645,,,,4005.54419228032,2262.7492535009565,,[401.791259765625],[503.3023986816406],,30,1.0,1.0,0,0,30,20,True,"[[30, 30, 30, 30, 30, 30, 30, 30, 30, 30, 30, 30, 30, 30, 30, 30, 30, 30, 30, 30, 30, 30, 30, 30, 30, 30, 30, 30, 30, 30, 30, 30]]",2.02695266510019,1.5976033769971645,,/data/home/hliu148/mirage/results/qwen3_3d_identical_b1_b64_repeat1/b32_in64_out64/summary.json
32,64,64,64,63,1,0,128,32,32,False,0.5625,93.3447265625,completed,,Qwen/Qwen3-8B,identical,3598f6613cc16060b87d445400415a6e85f5fb500b80d85db75235c418b93849,cec73259ef6b1952599c9ec97de94f12f18e6321,NVIDIA H100 NVL,590.48.01,2.6.0+cu124,12.4,4.57.1,0.7.0,prefill-only,MPK,NORMAL,one_prefill_phase_then_decode,739.0120239257812,1340.4789142608643,2079.4909381866455,,,21.277443083505784,15.847040176391602,15.943610000610352,146.2222063064584,1503.9401056984293,984.8564196129144,,[739.0120239257812],[1340.4789142608643],,30,1.0,1.0,0,0,30,20,True,"[[30, 30, 30, 30, 30, 30, 30, 30, 30, 30, 30, 30, 30, 30, 30, 30, 30, 30, 30, 30, 30, 30, 30, 30, 30, 30, 30, 30, 30, 30, 30, 30]]",0.7610490008502583,0.6953532033637961,,/data/home/hliu148/mirage/results/qwen3_3d_identical_b1_b64_repeat1/b32_in64_out64/summary.json
32,64,128,64,127,1,0,256,32,32,False,1.125,93.3447265625,completed,,Qwen/Qwen3-8B,identical,3598f6613cc16060b87d445400415a6e85f5fb500b80d85db75235c418b93849,cec73259ef6b1952599c9ec97de94f12f18e6321,NVIDIA H100 NVL,590.48.01,2.6.0+cu124,12.4,4.57.1,0.7.0,normal,NORMAL,NORMAL,one_prefill_phase_then_decode,423.97259521484375,2043.9097900390625,2467.8823852539062,,,16.093777874323326,15.950495719909668,16.132972717285156,17.368297805786128,1988.3460707540964,1659.722531541383,,[423.97259521484375],[2043.9097900390625],,,,,0,0,30,20,True,,1.0,1.0,,/data/home/hliu148/mirage/results/qwen3_3d_identical_b1_b64_repeat1/b32_in64_out128/summary.json
32,64,128,64,127,1,0,256,32,32,False,1.125,93.3447265625,completed,,Qwen/Qwen3-8B,identical,3598f6613cc16060b87d445400415a6e85f5fb500b80d85db75235c418b93849,cec73259ef6b1952599c9ec97de94f12f18e6321,NVIDIA H100 NVL,590.48.01,2.6.0+cu124,12.4,4.57.1,0.7.0,always,MPK,MPK,split_two_mpk_launches,738.2605590820312,1008.5808715820312,1746.8414306640625,,,7.941581666000246,,,,4029.4240298503037,2344.8035569221092,,[738.2605590820312],[1008.5808715820312],,30,1.0,1.0,0,0,30,20,True,"[[30, 30, 30, 30, 30, 30, 30, 30, 30, 30, 30, 30, 30, 30, 30, 30, 30, 30, 30, 30, 30, 30, 30, 30, 30, 30, 30, 30, 30, 30, 30, 30]]",2.0265204780584862,1.4127684069845652,,/data/home/hliu148/mirage/results/qwen3_3d_identical_b1_b64_repeat1/b32_in64_out128/summary.json
32,64,128,64,127,1,0,256,32,32,False,1.125,93.3447265625,completed,,Qwen/Qwen3-8B,identical,3598f6613cc16060b87d445400415a6e85f5fb500b80d85db75235c418b93849,cec73259ef6b1952599c9ec97de94f12f18e6321,NVIDIA H100 NVL,590.48.01,2.6.0+cu124,12.4,4.57.1,0.7.0,always-continuous,MPK,MPK,continuous_one_mpk_launch,,,,2569.23193359375,1594.2507744992338,,,,,,,,,,[2569.23193359375],30,1.0,1.0,0,0,30,20,True,"[[30, 30, 30, 30, 30, 30, 30, 30, 30, 30, 30, 30, 30, 30, 30, 30, 30, 30, 30, 30, 30, 30, 30, 30, 30, 30, 30, 30, 30, 30, 30, 30]]",,,0.9605525888828264,/data/home/hliu148/mirage/results/qwen3_3d_identical_b1_b64_repeat1/b32_in64_out128/summary.json
32,64,128,64,127,1,0,256,32,32,False,1.125,93.3447265625,completed,,Qwen/Qwen3-8B,identical,3598f6613cc16060b87d445400415a6e85f5fb500b80d85db75235c418b93849,cec73259ef6b1952599c9ec97de94f12f18e6321,NVIDIA H100 NVL,590.48.01,2.6.0+cu124,12.4,4.57.1,0.7.0,decode-only,NORMAL,MPK,one_prefill_phase_then_decode,399.138427734375,1018.0508422851562,1417.1892700195312,,,8.01614836445005,,,,3991.942083047433,2890.227922727322,,[399.138427734375],[1018.0508422851562],,30,1.0,1.0,0,0,30,20,True,"[[30, 30, 30, 30, 30, 30, 30, 30, 30, 30, 30, 30, 30, 30, 30, 30, 30, 30, 30, 30, 30, 30, 30, 30, 30, 30, 30, 30, 30, 30, 30, 30]]",2.0076696616165295,1.7413922314130241,,/data/home/hliu148/mirage/results/qwen3_3d_identical_b1_b64_repeat1/b32_in64_out128/summary.json
32,64,128,64,127,1,0,256,32,32,False,1.125,93.3447265625,completed,,Qwen/Qwen3-8B,identical,3598f6613cc16060b87d445400415a6e85f5fb500b80d85db75235c418b93849,cec73259ef6b1952599c9ec97de94f12f18e6321,NVIDIA H100 NVL,590.48.01,2.6.0+cu124,12.4,4.57.1,0.7.0,prefill-only,MPK,NORMAL,one_prefill_phase_then_decode,737.8351440429688,2372.6683921813965,3110.5035362243652,,,18.682428284892886,15.970175743103027,16.093990325927734,17.060434226989745,1712.8394399284841,1316.8285945663524,,[737.8351440429688],[2372.6683921813965],,30,1.0,1.0,0,0,30,20,True,"[[30, 30, 30, 30, 30, 30, 30, 30, 30, 30, 30, 30, 30, 30, 30, 30, 30, 30, 30, 30, 30, 30, 30, 30, 30, 30, 30, 30, 30, 30, 30, 30]]",0.8614392962684186,0.7934028547189841,,/data/home/hliu148/mirage/results/qwen3_3d_identical_b1_b64_repeat1/b32_in64_out128/summary.json
32,64,256,64,255,1,0,512,32,32,False,2.25,93.3447265625,completed,,Qwen/Qwen3-8B,identical,3598f6613cc16060b87d445400415a6e85f5fb500b80d85db75235c418b93849,cec73259ef6b1952599c9ec97de94f12f18e6321,NVIDIA H100 NVL,590.48.01,2.6.0+cu124,12.4,4.57.1,0.7.0,normal,NORMAL,NORMAL,one_prefill_phase_then_decode,423.237060546875,4034.544382095337,4457.781442642212,,,15.821742674883675,15.739583969116211,15.86828784942627,16.309444847106935,2022.5332099983273,1837.6854283695984,,[423.237060546875],[4034.544382095337],,,,,0,0,30,20,True,,1.0,1.0,,/data/home/hliu148/mirage/results/qwen3_3d_identical_b1_b64_repeat1/b32_in64_out256/summary.json
32,64,256,64,255,1,0,512,32,32,False,2.25,93.3447265625,completed,,Qwen/Qwen3-8B,identical,3598f6613cc16060b87d445400415a6e85f5fb500b80d85db75235c418b93849,cec73259ef6b1952599c9ec97de94f12f18e6321,NVIDIA H100 NVL,590.48.01,2.6.0+cu124,12.4,4.57.1,0.7.0,always,MPK,MPK,split_two_mpk_launches,738.7077026367188,2064.364501953125,2803.0722045898438,,,8.095547066482844,,,,3952.790310180061,2922.5076637648317,,[738.7077026367188],[2064.364501953125],,30,1.0,1.0,0,0,30,20,True,"[[30, 30, 30, 30, 30, 30, 30, 30, 30, 30, 30, 30, 30, 30, 30, 30, 30, 30, 30, 30, 30, 30, 30, 30, 30, 30, 30, 30, 30, 30, 30, 30]]",1.9543759729825796,1.5903198766492324,,/data/home/hliu148/mirage/results/qwen3_3d_identical_b1_b64_repeat1/b32_in64_out256/summary.json
32,64,256,64,255,1,0,512,32,32,False,2.25,93.3447265625,completed,,Qwen/Qwen3-8B,identical,3598f6613cc16060b87d445400415a6e85f5fb500b80d85db75235c418b93849,cec73259ef6b1952599c9ec97de94f12f18e6321,NVIDIA H100 NVL,590.48.01,2.6.0+cu124,12.4,4.57.1,0.7.0,always-continuous,MPK,MPK,continuous_one_mpk_launch,,,,4456.00830078125,1838.416683057735,,,,,,,,,,[4456.00830078125],30,1.0,1.0,0,0,30,20,True,"[[30, 30, 30, 30, 30, 30, 30, 30, 30, 30, 30, 30, 30, 30, 30, 30, 30, 30, 30, 30, 30, 30, 30, 30, 30, 30, 30, 30, 30, 30, 30, 30]]",,,1.0003979215794214,/data/home/hliu148/mirage/results/qwen3_3d_identical_b1_b64_repeat1/b32_in64_out256/summary.json
32,64,256,64,255,1,0,512,32,32,False,2.25,93.3447265625,completed,,Qwen/Qwen3-8B,identical,3598f6613cc16060b87d445400415a6e85f5fb500b80d85db75235c418b93849,cec73259ef6b1952599c9ec97de94f12f18e6321,NVIDIA H100 NVL,590.48.01,2.6.0+cu124,12.4,4.57.1,0.7.0,decode-only,NORMAL,MPK,one_prefill_phase_then_decode,398.57391357421875,2068.57177734375,2467.1456909179688,,,8.112046185661764,,,,3944.750716109181,3320.4362556116184,,[398.57391357421875],[2068.57177734375],,30,1.0,1.0,0,0,30,20,True,"[[30, 30, 30, 30, 30, 30, 30, 30, 30, 30, 30, 30, 30, 30, 30, 30, 30, 30, 30, 30, 30, 30, 30, 30, 30, 30, 30, 30, 30, 30, 30, 30]]",1.9504009608388302,1.806857802947005,,/data/home/hliu148/mirage/results/qwen3_3d_identical_b1_b64_repeat1/b32_in64_out256/summary.json
32,64,256,64,255,1,0,512,32,32,False,2.25,93.3447265625,completed,,Qwen/Qwen3-8B,identical,3598f6613cc16060b87d445400415a6e85f5fb500b80d85db75235c418b93849,cec73259ef6b1952599c9ec97de94f12f18e6321,NVIDIA H100 NVL,590.48.01,2.6.0+cu124,12.4,4.57.1,0.7.0,prefill-only,MPK,NORMAL,one_prefill_phase_then_decode,740.9060668945312,4451.4656019210815,5192.371668815613,,,17.45672785067091,16.11737632751465,16.268902587890626,17.246734771728516,1833.1041346199456,1577.6990790546793,,[740.9060668945312],[4451.4656019210815],,30,1.0,1.0,0,0,30,20,True,"[[30, 30, 30, 30, 30, 30, 30, 30, 30, 30, 30, 30, 30, 30, 30, 30, 30, 30, 30, 30, 30, 30, 30, 30, 30, 30, 30, 30, 30, 30, 30, 30]]",0.9063406848194407,0.858525107017048,,/data/home/hliu148/mirage/results/qwen3_3d_identical_b1_b64_repeat1/b32_in64_out256/summary.json
32,64,512,64,511,1,0,1024,32,32,False,4.5,93.3447265625,completed,,Qwen/Qwen3-8B,identical,3598f6613cc16060b87d445400415a6e85f5fb500b80d85db75235c418b93849,cec73259ef6b1952599c9ec97de94f12f18e6321,NVIDIA H100 NVL,590.48.01,2.6.0+cu124,12.4,4.57.1,0.7.0,normal,NORMAL,NORMAL,one_prefill_phase_then_decode,414.2831115722656,8149.8123207092285,8564.095432281494,,,15.948752095321387,15.916576385498047,16.03321647644043,16.305126380920406,2006.426572357802,1913.1033895584774,,[414.2831115722656],[8149.8123207092285],,,,,0,0,30,20,True,,1.0,1.0,,/data/home/hliu148/mirage/results/qwen3_3d_identical_b1_b64_repeat1/b32_in64_out512/summary.json
32,64,512,64,511,1,0,1024,32,32,False,4.5,93.3447265625,completed,,Qwen/Qwen3-8B,identical,3598f6613cc16060b87d445400415a6e85f5fb500b80d85db75235c418b93849,cec73259ef6b1952599c9ec97de94f12f18e6321,NVIDIA H100 NVL,590.48.01,2.6.0+cu124,12.4,4.57.1,0.7.0,always,MPK,MPK,split_two_mpk_launches,738.879638671875,4266.08642578125,5004.966064453125,,,8.348505725599315,,,,3833.0212677314553,3273.548669263599,,[738.879638671875],[4266.08642578125],,30,1.0,1.0,0,0,30,20,True,"[[30, 30, 30, 30, 30, 30, 30, 30, 30, 30, 30, 30, 30, 30, 30, 30, 30, 30, 30, 30, 30, 30, 30, 30, 30, 30, 30, 30, 30, 30, 30, 30]]",1.9103720617232338,1.7111195804316133,,/data/home/hliu148/mirage/results/qwen3_3d_identical_b1_b64_repeat1/b32_in64_out512/summary.json
32,64,512,64,511,1,0,1024,32,32,False,4.5,93.3447265625,completed,,Qwen/Qwen3-8B,identical,3598f6613cc16060b87d445400415a6e85f5fb500b80d85db75235c418b93849,cec73259ef6b1952599c9ec97de94f12f18e6321,NVIDIA H100 NVL,590.48.01,2.6.0+cu124,12.4,4.57.1,0.7.0,always-continuous,MPK,MPK,continuous_one_mpk_launch,,,,6819.6494140625,2402.4695413543213,,,,,,,,,,[6819.6494140625],30,1.0,1.0,0,0,30,20,True,"[[30, 30, 30, 30, 30, 30, 30, 30, 30, 30, 30, 30, 30, 30, 30, 30, 30, 30, 30, 30, 30, 30, 30, 30, 30, 30, 30, 30, 30, 30, 30, 30]]",,,1.2557970230290503,/data/home/hliu148/mirage/results/qwen3_3d_identical_b1_b64_repeat1/b32_in64_out512/summary.json
32,64,512,64,511,1,0,1024,32,32,False,4.5,93.3447265625,completed,,Qwen/Qwen3-8B,identical,3598f6613cc16060b87d445400415a6e85f5fb500b80d85db75235c418b93849,cec73259ef6b1952599c9ec97de94f12f18e6321,NVIDIA H100 NVL,590.48.01,2.6.0+cu124,12.4,4.57.1,0.7.0,decode-only,NORMAL,MPK,one_prefill_phase_then_decode,402.0224914550781,4281.55859375,4683.581085205078,,,8.378783940802348,,,,3819.1699685880308,3498.177933068196,,[402.0224914550781],[4281.55859375],,30,1.0,1.0,0,0,30,20,True,"[[30, 30, 30, 30, 30, 30, 30, 30, 30, 30, 30, 30, 30, 30, 30, 30, 30, 30, 30, 30, 30, 30, 30, 30, 30, 30, 30, 30, 30, 30, 30, 30]]",1.9034685949658396,1.8285357457212683,,/data/home/hliu148/mirage/results/qwen3_3d_identical_b1_b64_repeat1/b32_in64_out512/summary.json
32,64,512,64,511,1,0,1024,32,32,False,4.5,93.3447265625,completed,,Qwen/Qwen3-8B,identical,3598f6613cc16060b87d445400415a6e85f5fb500b80d85db75235c418b93849,cec73259ef6b1952599c9ec97de94f12f18e6321,NVIDIA H100 NVL,590.48.01,2.6.0+cu124,12.4,4.57.1,0.7.0,prefill-only,MPK,NORMAL,one_prefill_phase_then_decode,738.9054565429688,8476.58401966095,9215.489476203918,,,16.588227044346283,15.917759895324707,16.044063568115234,16.259175300598145,1929.0789735667665,1777.8762639039944,,[738.9054565429688],[8476.58401966095],,30,1.0,1.0,0,0,30,20,True,"[[30, 30, 30, 30, 30, 30, 30, 30, 30, 30, 30, 30, 30, 30, 30, 30, 30, 30, 30, 30, 30, 30, 30, 30, 30, 30, 30, 30, 30, 30, 30, 30]]",0.9614500725535436,0.9293153070594413,,/data/home/hliu148/mirage/results/qwen3_3d_identical_b1_b64_repeat1/b32_in64_out512/summary.json
32,128,16,128,15,1,0,256,32,32,False,1.125,93.3447265625,completed,,Qwen/Qwen3-8B,identical,8ccfed2880c3cf092eee89f19ec825fa8002a4b6c72a900e388d99f6705163b9,cec73259ef6b1952599c9ec97de94f12f18e6321,NVIDIA H100 NVL,590.48.01,2.6.0+cu124,12.4,4.57.1,0.7.0,normal,NORMAL,NORMAL,one_prefill_phase_then_decode,489.1730041503906,256.13549041748047,745.3084945678711,,,17.075699361165366,16.13488006591797,16.251673889160156,28.514139938354482,1874.0081634826872,686.9638595718098,,[489.1730041503906],[256.13549041748047],,,,,0,0,16,11,True,,1.0,1.0,,/data/home/hliu148/mirage/results/qwen3_3d_identical_b1_b64_repeat1/b32_in128_out16/summary.json
32,128,16,128,15,1,0,256,32,32,False,1.125,93.3447265625,completed,,Qwen/Qwen3-8B,identical,8ccfed2880c3cf092eee89f19ec825fa8002a4b6c72a900e388d99f6705163b9,cec73259ef6b1952599c9ec97de94f12f18e6321,NVIDIA H100 NVL,590.48.01,2.6.0+cu124,12.4,4.57.1,0.7.0,always,MPK,MPK,split_two_mpk_launches,1490.792236328125,120.1048355102539,1610.897071838379,,,8.006989034016927,,,,3996.5085332390317,317.83532849538193,,[1490.792236328125],[120.1048355102539],,16,1.0,1.0,0,0,16,11,True,"[[16, 16, 16, 16, 16, 16, 16, 16, 16, 16, 16, 16, 16, 16, 16, 16, 16, 16, 16, 16, 16, 16, 16, 16, 16, 16, 16, 16, 16, 16, 16, 16]]",2.132599318997552,0.46266673867456615,,/data/home/hliu148/mirage/results/qwen3_3d_identical_b1_b64_repeat1/b32_in128_out16/summary.json
32,128,16,128,15,1,0,256,32,32,False,1.125,93.3447265625,completed,,Qwen/Qwen3-8B,identical,8ccfed2880c3cf092eee89f19ec825fa8002a4b6c72a900e388d99f6705163b9,cec73259ef6b1952599c9ec97de94f12f18e6321,NVIDIA H100 NVL,590.48.01,2.6.0+cu124,12.4,4.57.1,0.7.0,always-continuous,MPK,MPK,continuous_one_mpk_launch,,,,1767.8345947265625,289.619855572061,,,,,,,,,,[1767.8345947265625],16,1.0,1.0,0,0,16,11,True,"[[16, 16, 16, 16, 16, 16, 16, 16, 16, 16, 16, 16, 16, 16, 16, 16, 16, 16, 16, 16, 16, 16, 16, 16, 16, 16, 16, 16, 16, 16, 16, 16]]",,,0.4215940206120645,/data/home/hliu148/mirage/results/qwen3_3d_identical_b1_b64_repeat1/b32_in128_out16/summary.json
32,128,16,128,15,1,0,256,32,32,False,1.125,93.3447265625,completed,,Qwen/Qwen3-8B,identical,8ccfed2880c3cf092eee89f19ec825fa8002a4b6c72a900e388d99f6705163b9,cec73259ef6b1952599c9ec97de94f12f18e6321,NVIDIA H100 NVL,590.48.01,2.6.0+cu124,12.4,4.57.1,0.7.0,decode-only,NORMAL,MPK,one_prefill_phase_then_decode,604.3008422851562,128.80784606933594,733.1086883544922,,,8.587189737955729,,,,3726.481069651774,698.3957605920831,,[604.3008422851562],[128.80784606933594],,16,1.0,1.0,0,0,16,11,True,"[[16, 16, 16, 16, 16, 16, 16, 16, 16, 16, 16, 16, 16, 16, 16, 16, 16, 16, 16, 16, 16, 16, 16, 16, 16, 16, 16, 16, 16, 16, 16, 16]]",1.988508450638988,1.0166411971473999,,/data/home/hliu148/mirage/results/qwen3_3d_identical_b1_b64_repeat1/b32_in128_out16/summary.json
32,128,16,128,15,1,0,256,32,32,False,1.125,93.3447265625,completed,,Qwen/Qwen3-8B,identical,8ccfed2880c3cf092eee89f19ec825fa8002a4b6c72a900e388d99f6705163b9,cec73259ef6b1952599c9ec97de94f12f18e6321,NVIDIA H100 NVL,590.48.01,2.6.0+cu124,12.4,4.57.1,0.7.0,prefill-only,MPK,NORMAL,one_prefill_phase_then_decode,1488.169677734375,584.8663368225098,2073.0360145568848,,,38.99108912150065,16.24630355834961,17.132735443115234,308.4832422637937,820.7003374613204,246.98075499158222,,[1488.169677734375],[584.8663368225098],,16,1.0,1.0,0,0,16,11,True,"[[16, 16, 16, 16, 16, 16, 16, 16, 16, 16, 16, 16, 16, 16, 16, 16, 16, 16, 16, 16, 16, 16, 16, 16, 16, 16, 16, 16, 16, 16, 16, 16]]",0.4379385071280146,0.35952510681643035,,/data/home/hliu148/mirage/results/qwen3_3d_identical_b1_b64_repeat1/b32_in128_out16/summary.json
32,128,32,128,31,1,0,256,32,32,False,1.125,93.3447265625,completed,,Qwen/Qwen3-8B,identical,8ccfed2880c3cf092eee89f19ec825fa8002a4b6c72a900e388d99f6705163b9,cec73259ef6b1952599c9ec97de94f12f18e6321,NVIDIA H100 NVL,590.48.01,2.6.0+cu124,12.4,4.57.1,0.7.0,normal,NORMAL,NORMAL,one_prefill_phase_then_decode,499.4872741699219,520.0283184051514,1019.5155925750732,,,16.775107045327463,16.27168083190918,16.36240005493164,27.649641799926748,1907.5884233426264,1004.398566787586,,[499.4872741699219],[520.0283184051514],,,,,0,0,30,20,True,,1.0,1.0,,/data/home/hliu148/mirage/results/qwen3_3d_identical_b1_b64_repeat1/b32_in128_out32/summary.json
32,128,32,128,31,1,0,256,32,32,False,1.125,93.3447265625,completed,,Qwen/Qwen3-8B,identical,8ccfed2880c3cf092eee89f19ec825fa8002a4b6c72a900e388d99f6705163b9,cec73259ef6b1952599c9ec97de94f12f18e6321,NVIDIA H100 NVL,590.48.01,2.6.0+cu124,12.4,4.57.1,0.7.0,always,MPK,MPK,split_two_mpk_launches,1491.794677734375,248.05043029785156,1739.8451080322266,,,8.001626783801663,,,,3999.1867734671373,588.5581396140195,,[1491.794677734375],[248.05043029785156],,30,1.0,1.0,0,0,30,20,True,"[[30, 30, 30, 30, 30, 30, 30, 30, 30, 30, 30, 30, 30, 30, 30, 30, 30, 30, 30, 30, 30, 30, 30, 30, 30, 30, 30, 30, 30, 30, 30, 30]]",2.096462069349031,0.5859806645248729,,/data/home/hliu148/mirage/results/qwen3_3d_identical_b1_b64_repeat1/b32_in128_out32/summary.json
32,128,32,128,31,1,0,256,32,32,False,1.125,93.3447265625,completed,,Qwen/Qwen3-8B,identical,8ccfed2880c3cf092eee89f19ec825fa8002a4b6c72a900e388d99f6705163b9,cec73259ef6b1952599c9ec97de94f12f18e6321,NVIDIA H100 NVL,590.48.01,2.6.0+cu124,12.4,4.57.1,0.7.0,always-continuous,MPK,MPK,continuous_one_mpk_launch,,,,2041.8472900390625,501.5066528214311,,,,,,,,,,[2041.8472900390625],29,0.9875,1.0,0,0,30,20,True,"[[30, 30, 30, 30, 30, 30, 29, 29, 29, 30, 29, 30, 29, 30, 30, 29, 30, 29, 30, 30, 30, 30, 30, 30, 30, 30, 30, 29, 29, 29, 29, 29]]",,,0.4993104026675614,/data/home/hliu148/mirage/results/qwen3_3d_identical_b1_b64_repeat1/b32_in128_out32/summary.json
32,128,32,128,31,1,0,256,32,32,False,1.125,93.3447265625,completed,,Qwen/Qwen3-8B,identical,8ccfed2880c3cf092eee89f19ec825fa8002a4b6c72a900e388d99f6705163b9,cec73259ef6b1952599c9ec97de94f12f18e6321,NVIDIA H100 NVL,590.48.01,2.6.0+cu124,12.4,4.57.1,0.7.0,decode-only,NORMAL,MPK,one_prefill_phase_then_decode,477.640380859375,256.1737976074219,733.8141784667969,,,8.263670890561995,,,,3872.3710592767497,1395.4486436055327,,[477.640380859375],[256.1737976074219],,30,1.0,1.0,0,0,30,20,True,"[[30, 30, 30, 30, 30, 30, 30, 30, 30, 30, 30, 30, 30, 30, 30, 30, 30, 30, 30, 30, 30, 30, 30, 30, 30, 30, 30, 30, 30, 30, 30, 30]]",2.0299824699561118,1.3893375496031024,,/data/home/hliu148/mirage/results/qwen3_3d_identical_b1_b64_repeat1/b32_in128_out32/summary.json
32,128,32,128,31,1,0,256,32,32,False,1.125,93.3447265625,completed,,Qwen/Qwen3-8B,identical,8ccfed2880c3cf092eee89f19ec825fa8002a4b6c72a900e388d99f6705163b9,cec73259ef6b1952599c9ec97de94f12f18e6321,NVIDIA H100 NVL,590.48.01,2.6.0+cu124,12.4,4.57.1,0.7.0,prefill-only,MPK,NORMAL,one_prefill_phase_then_decode,1488.336669921875,845.7958278656006,2334.1324977874756,,,27.283736382761308,16.28486442565918,16.4006404876709,254.98374500274633,1172.8598880693837,438.7068861646242,,[1488.336669921875],[845.7958278656006],,29,0.9666666666666667,1.0,0,0,30,20,True,"[[29, 29, 29, 29, 29, 29, 29, 29, 29, 29, 29, 29, 29, 29, 29, 29, 29, 29, 29, 29, 29, 29, 29, 29, 29, 29, 29, 29, 29, 29, 29, 29]]",0.6148390678604593,0.4367856552879805,,/data/home/hliu148/mirage/results/qwen3_3d_identical_b1_b64_repeat1/b32_in128_out32/summary.json
32,128,64,128,63,1,0,256,32,32,False,1.125,93.3447265625,completed,,Qwen/Qwen3-8B,identical,8ccfed2880c3cf092eee89f19ec825fa8002a4b6c72a900e388d99f6705163b9,cec73259ef6b1952599c9ec97de94f12f18e6321,NVIDIA H100 NVL,590.48.01,2.6.0+cu124,12.4,4.57.1,0.7.0,normal,NORMAL,NORMAL,one_prefill_phase_then_decode,494.1104736328125,1027.2302103042603,1521.3406839370728,,,16.305241433400955,16.01910400390625,16.196057891845705,23.119982757568394,1962.559102893665,1346.181050453464,,[494.1104736328125],[1027.2302103042603],,,,,0,0,30,20,True,,1.0,1.0,,/data/home/hliu148/mirage/results/qwen3_3d_identical_b1_b64_repeat1/b32_in128_out64/summary.json
32,128,64,128,63,1,0,256,32,32,False,1.125,93.3447265625,completed,,Qwen/Qwen3-8B,identical,8ccfed2880c3cf092eee89f19ec825fa8002a4b6c72a900e388d99f6705163b9,cec73259ef6b1952599c9ec97de94f12f18e6321,NVIDIA H100 NVL,590.48.01,2.6.0+cu124,12.4,4.57.1,0.7.0,always,MPK,MPK,split_two_mpk_launches,1487.3900146484375,504.2437744140625,1991.6337890625,,,8.00386943514385,,,,3998.066217758696,1028.3014936014079,,[1487.3900146484375],[504.2437744140625],,30,1.0,1.0,0,0,30,20,True,"[[30, 30, 30, 30, 30, 30, 30, 30, 30, 30, 30, 30, 30, 30, 30, 30, 30, 30, 30, 30, 30, 30, 30, 30, 30, 30, 30, 30, 30, 30, 30, 30]]",2.0371698421024917,0.763865672641152,,/data/home/hliu148/mirage/results/qwen3_3d_identical_b1_b64_repeat1/b32_in128_out64/summary.json
32,128,64,128,63,1,0,256,32,32,False,1.125,93.3447265625,completed,,Qwen/Qwen3-8B,identical,8ccfed2880c3cf092eee89f19ec825fa8002a4b6c72a900e388d99f6705163b9,cec73259ef6b1952599c9ec97de94f12f18e6321,NVIDIA H100 NVL,590.48.01,2.6.0+cu124,12.4,4.57.1,0.7.0,always-continuous,MPK,MPK,continuous_one_mpk_launch,,,,2568.014892578125,797.5031632094381,,,,,,,,,,[2568.014892578125],29,0.9885416666666667,1.0,0,0,30,20,True,"[[30, 30, 30, 30, 30, 30, 29, 29, 29, 29, 30, 30, 30, 29, 29, 29, 29, 30, 29, 30, 30, 30, 29, 29, 30, 30, 30, 30, 30, 30, 30, 30]]",,,0.5924189491010866,/data/home/hliu148/mirage/results/qwen3_3d_identical_b1_b64_repeat1/b32_in128_out64/summary.json
32,128,64,128,63,1,0,256,32,32,False,1.125,93.3447265625,completed,,Qwen/Qwen3-8B,identical,8ccfed2880c3cf092eee89f19ec825fa8002a4b6c72a900e388d99f6705163b9,cec73259ef6b1952599c9ec97de94f12f18e6321,NVIDIA H100 NVL,590.48.01,2.6.0+cu124,12.4,4.57.1,0.7.0,decode-only,NORMAL,MPK,one_prefill_phase_then_decode,490.2817077636719,514.79248046875,1005.0741882324219,,,8.171309213789682,,,,3916.1411179982833,2037.6605269325682,,[490.2817077636719],[514.79248046875],,30,1.0,1.0,0,0,30,20,True,"[[30, 30, 30, 30, 30, 30, 30, 30, 30, 30, 30, 30, 30, 30, 30, 30, 30, 30, 30, 30, 30, 30, 30, 30, 30, 30, 30, 30, 30, 30, 30, 30]]",1.995425825507211,1.5136600877320163,,/data/home/hliu148/mirage/results/qwen3_3d_identical_b1_b64_repeat1/b32_in128_out64/summary.json
32,128,64,128,63,1,0,256,32,32,False,1.125,93.3447265625,completed,,Qwen/Qwen3-8B,identical,8ccfed2880c3cf092eee89f19ec825fa8002a4b6c72a900e388d99f6705163b9,cec73259ef6b1952599c9ec97de94f12f18e6321,NVIDIA H100 NVL,590.48.01,2.6.0+cu124,12.4,4.57.1,0.7.0,prefill-only,MPK,NORMAL,one_prefill_phase_then_decode,1487.2386474609375,1341.8123779296875,2829.051025390625,,,21.298609173487105,15.939231872558594,16.05284538269043,145.29033176422206,1502.4455230548192,723.9176605933502,,[1487.2386474609375],[1341.8123779296875],,29,0.9666666666666667,1.0,0,0,30,20,True,"[[29, 29, 29, 29, 29, 29, 29, 29, 29, 29, 29, 29, 29, 29, 29, 29, 29, 29, 29, 29, 29, 29, 29, 29, 29, 29, 29, 29, 29, 29, 29, 29]]",0.7655542810606628,0.5377565375396549,,/data/home/hliu148/mirage/results/qwen3_3d_identical_b1_b64_repeat1/b32_in128_out64/summary.json
32,128,128,128,127,1,0,256,32,32,False,1.125,93.3447265625,completed,,Qwen/Qwen3-8B,identical,8ccfed2880c3cf092eee89f19ec825fa8002a4b6c72a900e388d99f6705163b9,cec73259ef6b1952599c9ec97de94f12f18e6321,NVIDIA H100 NVL,590.48.01,2.6.0+cu124,12.4,4.57.1,0.7.0,normal,NORMAL,NORMAL,one_prefill_phase_then_decode,492.21185302734375,2025.7673950195312,2517.979248046875,,,15.95092437023253,15.825632095336914,15.957503700256348,16.22831687927246,2006.1533273719303,1626.7012538634506,,[492.21185302734375],[2025.7673950195312],,,,,0,0,30,20,True,,1.0,1.0,,/data/home/hliu148/mirage/results/qwen3_3d_identical_b1_b64_repeat1/b32_in128_out128/summary.json
32,128,128,128,127,1,0,256,32,32,False,1.125,93.3447265625,completed,,Qwen/Qwen3-8B,identical,8ccfed2880c3cf092eee89f19ec825fa8002a4b6c72a900e388d99f6705163b9,cec73259ef6b1952599c9ec97de94f12f18e6321,NVIDIA H100 NVL,590.48.01,2.6.0+cu124,12.4,4.57.1,0.7.0,always,MPK,MPK,split_two_mpk_launches,1490.6334228515625,1025.142333984375,2515.7757568359375,,,8.071986881766732,,,,3964.3275526478674,1628.1260318493141,,[1490.6334228515625],[1025.142333984375],,30,1.0,1.0,0,0,30,20,True,"[[30, 30, 30, 30, 30, 30, 30, 30, 30, 30, 30, 30, 30, 30, 30, 30, 30, 30, 30, 30, 30, 30, 30, 30, 30, 30, 30, 30, 30, 30, 30, 30]]",1.9760840303473484,1.0008758694827828,,/data/home/hliu148/mirage/results/qwen3_3d_identical_b1_b64_repeat1/b32_in128_out128/summary.json
32,128,128,128,127,1,0,256,32,32,False,1.125,93.3447265625,completed,,Qwen/Qwen3-8B,identical,8ccfed2880c3cf092eee89f19ec825fa8002a4b6c72a900e388d99f6705163b9,cec73259ef6b1952599c9ec97de94f12f18e6321,NVIDIA H100 NVL,590.48.01,2.6.0+cu124,12.4,4.57.1,0.7.0,always-continuous,MPK,MPK,continuous_one_mpk_launch,,,,3511.545166015625,1166.4380796353323,,,,,,,,,,[3511.545166015625],29,0.9895833333333334,1.0,0,0,30,20,True,"[[30, 30, 30, 30, 30, 30, 29, 29, 29, 29, 30, 30, 30, 29, 29, 29, 30, 29, 30, 30, 30, 30, 30, 29, 30, 30, 30, 30, 29, 30, 30, 30]]",,,0.7170573434212439,/data/home/hliu148/mirage/results/qwen3_3d_identical_b1_b64_repeat1/b32_in128_out128/summary.json
32,128,128,128,127,1,0,256,32,32,False,1.125,93.3447265625,completed,,Qwen/Qwen3-8B,identical,8ccfed2880c3cf092eee89f19ec825fa8002a4b6c72a900e388d99f6705163b9,cec73259ef6b1952599c9ec97de94f12f18e6321,NVIDIA H100 NVL,590.48.01,2.6.0+cu124,12.4,4.57.1,0.7.0,decode-only,NORMAL,MPK,one_prefill_phase_then_decode,478.72491455078125,1034.8936767578125,1513.6185913085938,,,8.148769108329232,,,,3926.9734575362218,2706.097839653791,,[478.72491455078125],[1034.8936767578125],,30,1.0,1.0,0,0,30,20,True,"[[30, 30, 30, 30, 30, 30, 30, 30, 30, 30, 30, 30, 30, 30, 30, 30, 30, 30, 30, 30, 30, 30, 30, 30, 30, 30, 30, 30, 30, 30, 30, 30]]",1.957464269533463,1.6635493660724427,,/data/home/hliu148/mirage/results/qwen3_3d_identical_b1_b64_repeat1/b32_in128_out128/summary.json
32,128,128,128,127,1,0,256,32,32,False,1.125,93.3447265625,completed,,Qwen/Qwen3-8B,identical,8ccfed2880c3cf092eee89f19ec825fa8002a4b6c72a900e388d99f6705163b9,cec73259ef6b1952599c9ec97de94f12f18e6321,NVIDIA H100 NVL,590.48.01,2.6.0+cu124,12.4,4.57.1,0.7.0,prefill-only,MPK,NORMAL,one_prefill_phase_then_decode,1486.4420166015625,2393.4453477859497,3879.887364387512,,,18.84602636051929,16.14201545715332,16.28472900390625,17.246421737670897,1697.9706696705618,1055.7007498712799,,[1486.4420166015625],[2393.4453477859497],,29,0.9666666666666667,1.0,0,0,30,20,True,"[[29, 29, 29, 29, 29, 29, 29, 29, 29, 29, 29, 29, 29, 29, 29, 29, 29, 29, 29, 29, 29, 29, 29, 29, 29, 29, 29, 29, 29, 29, 29, 29]]",0.8463813042121316,0.6489825635555193,,/data/home/hliu148/mirage/results/qwen3_3d_identical_b1_b64_repeat1/b32_in128_out128/summary.json
32,128,256,128,255,1,0,512,32,32,False,2.25,93.3447265625,completed,,Qwen/Qwen3-8B,identical,8ccfed2880c3cf092eee89f19ec825fa8002a4b6c72a900e388d99f6705163b9,cec73259ef6b1952599c9ec97de94f12f18e6321,NVIDIA H100 NVL,590.48.01,2.6.0+cu124,12.4,4.57.1,0.7.0,normal,NORMAL,NORMAL,one_prefill_phase_then_decode,500.72344970703125,4103.110235214233,4603.833684921265,,,16.09062837338915,16.012479782104492,16.129330825805663,16.513923187255863,1988.7352598933883,1779.3866070424958,,[500.72344970703125],[4103.110235214233],,,,,0,0,30,20,True,,1.0,1.0,,/data/home/hliu148/mirage/results/qwen3_3d_identical_b1_b64_repeat1/b32_in128_out256/summary.json
32,128,256,128,255,1,0,512,32,32,False,2.25,93.3447265625,completed,,Qwen/Qwen3-8B,identical,8ccfed2880c3cf092eee89f19ec825fa8002a4b6c72a900e388d99f6705163b9,cec73259ef6b1952599c9ec97de94f12f18e6321,NVIDIA H100 NVL,590.48.01,2.6.0+cu124,12.4,4.57.1,0.7.0,always,MPK,MPK,split_two_mpk_launches,1488.6226806640625,2093.80810546875,3582.4307861328125,,,8.211012178308824,,,,3897.205278118448,2286.715498233856,,[1488.6226806640625],[2093.80810546875],,30,1.0,1.0,0,0,30,20,True,"[[30, 30, 30, 30, 30, 30, 30, 30, 30, 30, 30, 30, 30, 30, 30, 30, 30, 30, 30, 30, 30, 30, 30, 30, 30, 30, 30, 30, 30, 30, 30, 30]]",1.9596400570317078,1.2851144822510425,,/data/home/hliu148/mirage/results/qwen3_3d_identical_b1_b64_repeat1/b32_in128_out256/summary.json
32,128,256,128,255,1,0,512,32,32,False,2.25,93.3447265625,completed,,Qwen/Qwen3-8B,identical,8ccfed2880c3cf092eee89f19ec825fa8002a4b6c72a900e388d99f6705163b9,cec73259ef6b1952599c9ec97de94f12f18e6321,NVIDIA H100 NVL,590.48.01,2.6.0+cu124,12.4,4.57.1,0.7.0,always-continuous,MPK,MPK,continuous_one_mpk_launch,,,,5324.3095703125,1538.6032483305034,,,,,,,,,,[5324.3095703125],29,0.9895833333333334,1.0,0,0,30,20,True,"[[30, 30, 30, 30, 30, 30, 29, 29, 29, 29, 30, 30, 30, 29, 29, 29, 30, 29, 30, 30, 30, 30, 30, 30, 30, 29, 30, 29, 30, 30, 30, 30]]",,,0.864681819139801,/data/home/hliu148/mirage/results/qwen3_3d_identical_b1_b64_repeat1/b32_in128_out256/summary.json
32,128,256,128,255,1,0,512,32,32,False,2.25,93.3447265625,completed,,Qwen/Qwen3-8B,identical,8ccfed2880c3cf092eee89f19ec825fa8002a4b6c72a900e388d99f6705163b9,cec73259ef6b1952599c9ec97de94f12f18e6321,NVIDIA H100 NVL,590.48.01,2.6.0+cu124,12.4,4.57.1,0.7.0,decode-only,NORMAL,MPK,one_prefill_phase_then_decode,476.8828125,2101.989501953125,2578.872314453125,,,8.243096086090686,,,,3882.036514653331,3176.582242590476,,[476.8828125],[2101.989501953125],,30,1.0,1.0,0,0,30,20,True,"[[30, 30, 30, 30, 30, 30, 30, 30, 30, 30, 30, 30, 30, 30, 30, 30, 30, 30, 30, 30, 30, 30, 30, 30, 30, 30, 30, 30, 30, 30, 30, 30]]",1.9520127152879254,1.7852119545118124,,/data/home/hliu148/mirage/results/qwen3_3d_identical_b1_b64_repeat1/b32_in128_out256/summary.json
32,128,256,128,255,1,0,512,32,32,False,2.25,93.3447265625,completed,,Qwen/Qwen3-8B,identical,8ccfed2880c3cf092eee89f19ec825fa8002a4b6c72a900e388d99f6705163b9,cec73259ef6b1952599c9ec97de94f12f18e6321,NVIDIA H100 NVL,590.48.01,2.6.0+cu124,12.4,4.57.1,0.7.0,prefill-only,MPK,NORMAL,one_prefill_phase_then_decode,1492.9031982421875,4409.0374546051025,5901.94065284729,,,17.290342959235698,15.942496299743652,16.09368324279785,16.947721824646,1850.744087346578,1388.0180235373784,,[1492.9031982421875],[4409.0374546051025],,29,0.9666666666666667,1.0,0,0,30,20,True,"[[29, 29, 29, 29, 29, 29, 29, 29, 29, 29, 29, 29, 29, 29, 29, 29, 29, 29, 29, 29, 29, 29, 29, 29, 29, 29, 29, 29, 29, 29, 29, 29]]",0.9306136038669081,0.7800542153368187,,/data/home/hliu148/mirage/results/qwen3_3d_identical_b1_b64_repeat1/b32_in128_out256/summary.json
32,128,512,128,511,1,0,1024,32,32,False,4.5,93.3447265625,completed,,Qwen/Qwen3-8B,identical,8ccfed2880c3cf092eee89f19ec825fa8002a4b6c72a900e388d99f6705163b9,cec73259ef6b1952599c9ec97de94f12f18e6321,NVIDIA H100 NVL,590.48.01,2.6.0+cu124,12.4,4.57.1,0.7.0,normal,NORMAL,NORMAL,one_prefill_phase_then_decode,501.53863525390625,8153.9991092681885,8655.537744522095,,,15.956945419311523,15.917856216430664,16.008928298950195,16.565949440002434,2005.3963436681775,1892.8922134698198,,[501.53863525390625],[8153.9991092681885],,,,,0,0,30,20,True,,1.0,1.0,,/data/home/hliu148/mirage/results/qwen3_3d_identical_b1_b64_repeat1/b32_in128_out512/summary.json
32,128,512,128,511,1,0,1024,32,32,False,4.5,93.3447265625,completed,,Qwen/Qwen3-8B,identical,8ccfed2880c3cf092eee89f19ec825fa8002a4b6c72a900e388d99f6705163b9,cec73259ef6b1952599c9ec97de94f12f18e6321,NVIDIA H100 NVL,590.48.01,2.6.0+cu124,12.4,4.57.1,0.7.0,always,MPK,MPK,split_two_mpk_launches,1492.9752197265625,4348.41552734375,5841.3907470703125,,,8.509619427287182,,,,3760.4501909201617,2804.811509693513,,[1492.9752197265625],[4348.41552734375],,30,1.0,1.0,0,0,30,20,True,"[[30, 30, 30, 30, 30, 30, 30, 30, 30, 30, 30, 30, 30, 30, 30, 30, 30, 30, 30, 30, 30, 30, 30, 30, 30, 30, 30, 30, 30, 30, 30, 30]]",1.8751655765172692,1.4817597588148315,,/data/home/hliu148/mirage/results/qwen3_3d_identical_b1_b64_repeat1/b32_in128_out512/summary.json
32,128,512,128,511,1,0,1024,32,32,False,4.5,93.3447265625,completed,,Qwen/Qwen3-8B,identical,8ccfed2880c3cf092eee89f19ec825fa8002a4b6c72a900e388d99f6705163b9,cec73259ef6b1952599c9ec97de94f12f18e6321,NVIDIA H100 NVL,590.48.01,2.6.0+cu124,12.4,4.57.1,0.7.0,always-continuous,MPK,MPK,continuous_one_mpk_launch,,,,9442.5341796875,1735.1274232339847,,,,,,,,,,[9442.5341796875],29,0.9875,1.0,0,0,30,20,True,"[[30, 30, 30, 30, 30, 30, 29, 29, 29, 29, 30, 30, 30, 29, 29, 29, 30, 29, 30, 30, 30, 30, 30, 30, 30, 29, 30, 29, 30, 29, 29, 30]]",,,0.9166541078709178,/data/home/hliu148/mirage/results/qwen3_3d_identical_b1_b64_repeat1/b32_in128_out512/summary.json
32,128,512,128,511,1,0,1024,32,32,False,4.5,93.3447265625,completed,,Qwen/Qwen3-8B,identical,8ccfed2880c3cf092eee89f19ec825fa8002a4b6c72a900e388d99f6705163b9,cec73259ef6b1952599c9ec97de94f12f18e6321,NVIDIA H100 NVL,590.48.01,2.6.0+cu124,12.4,4.57.1,0.7.0,decode-only,NORMAL,MPK,one_prefill_phase_then_decode,476.9369201660156,4345.0361328125,4821.973052978516,,,8.503006130748533,,,,3763.3749179930314,3397.7792534281502,,[476.9369201660156],[4345.0361328125],,30,1.0,1.0,0,0,30,20,True,"[[30, 30, 30, 30, 30, 30, 30, 30, 30, 30, 30, 30, 30, 30, 30, 30, 30, 30, 30, 30, 30, 30, 30, 30, 30, 30, 30, 30, 30, 30, 30, 30]]",1.8766240049631493,1.7950199325928626,,/data/home/hliu148/mirage/results/qwen3_3d_identical_b1_b64_repeat1/b32_in128_out512/summary.json
32,128,512,128,511,1,0,1024,32,32,False,4.5,93.3447265625,completed,,Qwen/Qwen3-8B,identical,8ccfed2880c3cf092eee89f19ec825fa8002a4b6c72a900e388d99f6705163b9,cec73259ef6b1952599c9ec97de94f12f18e6321,NVIDIA H100 NVL,590.48.01,2.6.0+cu124,12.4,4.57.1,0.7.0,prefill-only,MPK,NORMAL,one_prefill_phase_then_decode,1488.156982421875,8474.984839439392,9963.141821861267,,,16.585097533149494,15.891679763793945,16.01590347290039,16.867474746704083,1929.4429795206172,1644.4611843274172,,[1488.156982421875],[8474.984839439392],,29,0.9666666666666667,1.0,0,0,30,20,True,"[[29, 29, 29, 29, 29, 29, 29, 29, 29, 29, 29, 29, 29, 29, 29, 29, 29, 29, 29, 29, 29, 29, 29, 29, 29, 29, 29, 29, 29, 29, 29, 29]]",0.962125509808884,0.8687558502409342,,/data/home/hliu148/mirage/results/qwen3_3d_identical_b1_b64_repeat1/b32_in128_out512/summary.json
32,256,16,256,15,1,0,512,32,32,False,2.25,93.3447265625,completed,,Qwen/Qwen3-8B,identical,0d04f159fc6bba28a5a1757e6fe90876ed78ca47479180ed9bc21f471a236dbc,cec73259ef6b1952599c9ec97de94f12f18e6321,NVIDIA H100 NVL,590.48.01,2.6.0+cu124,12.4,4.57.1,0.7.0,normal,NORMAL,NORMAL,one_prefill_phase_then_decode,662.3590698242188,259.03679943084717,921.3958692550659,,,17.26911996205648,16.107967376708984,16.34688720703125,31.030509414672842,1853.018571317476,555.6786361696454,,[662.3590698242188],[259.03679943084717],,,,,0,0,16,11,True,,1.0,1.0,,/data/home/hliu148/mirage/results/qwen3_3d_identical_b1_b64_repeat1/b32_in256_out16/summary.json
32,256,16,256,15,1,0,512,32,32,False,2.25,93.3447265625,completed,,Qwen/Qwen3-8B,identical,0d04f159fc6bba28a5a1757e6fe90876ed78ca47479180ed9bc21f471a236dbc,cec73259ef6b1952599c9ec97de94f12f18e6321,NVIDIA H100 NVL,590.48.01,2.6.0+cu124,12.4,4.57.1,0.7.0,always,MPK,MPK,split_two_mpk_launches,3025.34912109375,124.60435485839844,3149.9534759521484,,,8.306956990559895,,,,3852.1928109613546,162.54208321131975,,[3025.34912109375],[124.60435485839844],,16,1.0,1.0,0,0,16,11,True,"[[16, 16, 16, 16, 16, 16, 16, 16, 16, 16, 16, 16, 16, 16, 16, 16, 16, 16, 16, 16, 16, 16, 16, 16, 16, 16, 16, 16, 16, 16, 16, 16]]",2.0788743677957244,0.2925109454121547,,/data/home/hliu148/mirage/results/qwen3_3d_identical_b1_b64_repeat1/b32_in256_out16/summary.json
32,256,16,256,15,1,0,512,32,32,False,2.25,93.3447265625,completed,,Qwen/Qwen3-8B,identical,0d04f159fc6bba28a5a1757e6fe90876ed78ca47479180ed9bc21f471a236dbc,cec73259ef6b1952599c9ec97de94f12f18e6321,NVIDIA H100 NVL,590.48.01,2.6.0+cu124,12.4,4.57.1,0.7.0,always-continuous,MPK,MPK,continuous_one_mpk_launch,,,,3355.7333984375,152.57469506916073,,,,,,,,,,[3355.7333984375],16,1.0,1.0,0,0,16,11,True,"[[16, 16, 16, 16, 16, 16, 16, 16, 16, 16, 16, 16, 16, 16, 16, 16, 16, 16, 16, 16, 16, 16, 16, 16, 16, 16, 16, 16, 16, 16, 16, 16]]",,,0.2745736206827656,/data/home/hliu148/mirage/results/qwen3_3d_identical_b1_b64_repeat1/b32_in256_out16/summary.json
32,256,16,256,15,1,0,512,32,32,False,2.25,93.3447265625,completed,,Qwen/Qwen3-8B,identical,0d04f159fc6bba28a5a1757e6fe90876ed78ca47479180ed9bc21f471a236dbc,cec73259ef6b1952599c9ec97de94f12f18e6321,NVIDIA H100 NVL,590.48.01,2.6.0+cu124,12.4,4.57.1,0.7.0,decode-only,NORMAL,MPK,one_prefill_phase_then_decode,627.9068603515625,137.6689910888672,765.5758514404297,,,9.177932739257812,,,,3486.6239390841,668.7776254131747,,[627.9068603515625],[137.6689910888672],,16,1.0,1.0,0,0,16,11,True,"[[16, 16, 16, 16, 16, 16, 16, 16, 16, 16, 16, 16, 16, 16, 16, 16, 16, 16, 16, 16, 16, 16, 16, 16, 16, 16, 16, 16, 16, 16, 16, 16]]",1.8815914708319132,1.2035330888787323,,/data/home/hliu148/mirage/results/qwen3_3d_identical_b1_b64_repeat1/b32_in256_out16/summary.json
32,256,16,256,15,1,0,512,32,32,False,2.25,93.3447265625,completed,,Qwen/Qwen3-8B,identical,0d04f159fc6bba28a5a1757e6fe90876ed78ca47479180ed9bc21f471a236dbc,cec73259ef6b1952599c9ec97de94f12f18e6321,NVIDIA H100 NVL,590.48.01,2.6.0+cu124,12.4,4.57.1,0.7.0,prefill-only,MPK,NORMAL,one_prefill_phase_then_decode,3031.630859375,599.1426620483398,3630.77352142334,,,39.94284413655599,16.43631935119629,17.168403244018556,318.7434320449827,801.1447530025374,141.0167825062482,,[3031.630859375],[599.1426620483398],,16,1.0,1.0,0,0,16,11,True,"[[16, 16, 16, 16, 16, 16, 16, 16, 16, 16, 16, 16, 16, 16, 16, 16, 16, 16, 16, 16, 16, 16, 16, 16, 16, 16, 16, 16, 16, 16, 16, 16]]",0.43234577645540395,0.2537739861267522,,/data/home/hliu148/mirage/results/qwen3_3d_identical_b1_b64_repeat1/b32_in256_out16/summary.json
32,256,32,256,31,1,0,512,32,32,False,2.25,93.3447265625,completed,,Qwen/Qwen3-8B,identical,0d04f159fc6bba28a5a1757e6fe90876ed78ca47479180ed9bc21f471a236dbc,cec73259ef6b1952599c9ec97de94f12f18e6321,NVIDIA H100 NVL,590.48.01,2.6.0+cu124,12.4,4.57.1,0.7.0,normal,NORMAL,NORMAL,one_prefill_phase_then_decode,660.704833984375,515.6799936294556,1176.3848276138306,,,16.634838504175985,16.06870460510254,16.130239486694336,28.403996086120593,1923.6736197929883,870.4634537637427,,[660.704833984375],[515.6799936294556],,,,,0,0,30,20,True,,1.0,1.0,,/data/home/hliu148/mirage/results/qwen3_3d_identical_b1_b64_repeat1/b32_in256_out32/summary.json
32,256,32,256,31,1,0,512,32,32,False,2.25,93.3447265625,completed,,Qwen/Qwen3-8B,identical,0d04f159fc6bba28a5a1757e6fe90876ed78ca47479180ed9bc21f471a236dbc,cec73259ef6b1952599c9ec97de94f12f18e6321,NVIDIA H100 NVL,590.48.01,2.6.0+cu124,12.4,4.57.1,0.7.0,always,MPK,MPK,split_two_mpk_launches,3029.95263671875,257.398193359375,3287.350830078125,,,8.303167527721774,,,,3853.9509040569933,311.4970238742861,,[3029.95263671875],[257.398193359375],,30,1.0,1.0,0,0,30,20,True,"[[30, 30, 30, 30, 30, 30, 30, 30, 30, 30, 30, 30, 30, 30, 30, 30, 30, 30, 30, 30, 30, 30, 30, 30, 30, 30, 30, 30, 30, 30, 30, 30]]",2.0034328403753476,0.35785192649665365,,/data/home/hliu148/mirage/results/qwen3_3d_identical_b1_b64_repeat1/b32_in256_out32/summary.json
32,256,32,256,31,1,0,512,32,32,False,2.25,93.3447265625,completed,,Qwen/Qwen3-8B,identical,0d04f159fc6bba28a5a1757e6fe90876ed78ca47479180ed9bc21f471a236dbc,cec73259ef6b1952599c9ec97de94f12f18e6321,NVIDIA H100 NVL,590.48.01,2.6.0+cu124,12.4,4.57.1,0.7.0,always-continuous,MPK,MPK,continuous_one_mpk_launch,,,,3654.07373046875,280.2351773752085,,,,,,,,,,[3654.07373046875],30,1.0,1.0,0,0,30,20,True,"[[30, 30, 30, 30, 30, 30, 30, 30, 30, 30, 30, 30, 30, 30, 30, 30, 30, 30, 30, 30, 30, 30, 30, 30, 30, 30, 30, 30, 30, 30, 30, 30]]",,,0.3219379011990878,/data/home/hliu148/mirage/results/qwen3_3d_identical_b1_b64_repeat1/b32_in256_out32/summary.json
32,256,32,256,31,1,0,512,32,32,False,2.25,93.3447265625,completed,,Qwen/Qwen3-8B,identical,0d04f159fc6bba28a5a1757e6fe90876ed78ca47479180ed9bc21f471a236dbc,cec73259ef6b1952599c9ec97de94f12f18e6321,NVIDIA H100 NVL,590.48.01,2.6.0+cu124,12.4,4.57.1,0.7.0,decode-only,NORMAL,MPK,one_prefill_phase_then_decode,630.6160278320312,268.91436767578125,899.5303955078125,,,8.674657021799396,,,,3688.906652975912,1138.3717605472582,,[630.6160278320312],[268.91436767578125],,30,1.0,1.0,0,0,30,20,True,"[[30, 30, 30, 30, 30, 30, 30, 30, 30, 30, 30, 30, 30, 30, 30, 30, 30, 30, 30, 30, 30, 30, 30, 30, 30, 30, 30, 30, 30, 30, 30, 30]]",1.9176364509135833,1.3077766282146868,,/data/home/hliu148/mirage/results/qwen3_3d_identical_b1_b64_repeat1/b32_in256_out32/summary.json
32,256,32,256,31,1,0,512,32,32,False,2.25,93.3447265625,completed,,Qwen/Qwen3-8B,identical,0d04f159fc6bba28a5a1757e6fe90876ed78ca47479180ed9bc21f471a236dbc,cec73259ef6b1952599c9ec97de94f12f18e6321,NVIDIA H100 NVL,590.48.01,2.6.0+cu124,12.4,4.57.1,0.7.0,prefill-only,MPK,NORMAL,one_prefill_phase_then_decode,3031.60498046875,844.8669261932373,3876.4719066619873,,,27.253771812685073,16.053600311279297,16.164703369140625,258.7119028091428,1174.1494065458428,264.1577250283137,,[3031.60498046875],[844.8669261932373],,30,1.0,1.0,0,0,30,20,True,"[[30, 30, 30, 30, 30, 30, 30, 30, 30, 30, 30, 30, 30, 30, 30, 30, 30, 30, 30, 30, 30, 30, 30, 30, 30, 30, 30, 30, 30, 30, 30, 30]]",0.6103683049270053,0.3034679099807563,,/data/home/hliu148/mirage/results/qwen3_3d_identical_b1_b64_repeat1/b32_in256_out32/summary.json
32,256,64,256,63,1,0,512,32,32,False,2.25,93.3447265625,completed,,Qwen/Qwen3-8B,identical,0d04f159fc6bba28a5a1757e6fe90876ed78ca47479180ed9bc21f471a236dbc,cec73259ef6b1952599c9ec97de94f12f18e6321,NVIDIA H100 NVL,590.48.01,2.6.0+cu124,12.4,4.57.1,0.7.0,normal,NORMAL,NORMAL,one_prefill_phase_then_decode,661.1721801757812,1019.4227199554443,1680.5949001312256,,,16.181313015165784,15.893183708190918,16.102022171020508,22.380508575439492,1977.589826610999,1218.6160982876281,,[661.1721801757812],[1019.4227199554443],,,,,0,0,30,20,True,,1.0,1.0,,/data/home/hliu148/mirage/results/qwen3_3d_identical_b1_b64_repeat1/b32_in256_out64/summary.json
32,256,64,256,63,1,0,512,32,32,False,2.25,93.3447265625,completed,,Qwen/Qwen3-8B,identical,0d04f159fc6bba28a5a1757e6fe90876ed78ca47479180ed9bc21f471a236dbc,cec73259ef6b1952599c9ec97de94f12f18e6321,NVIDIA H100 NVL,590.48.01,2.6.0+cu124,12.4,4.57.1,0.7.0,always,MPK,MPK,split_two_mpk_launches,3021.743896484375,523.0936889648438,3544.8375854492188,,,8.303074428013392,,,,3853.9941171714117,577.7415609692786,,[3021.743896484375],[523.0936889648438],,30,1.0,1.0,0,0,30,20,True,"[[30, 30, 30, 30, 30, 30, 30, 30, 30, 30, 30, 30, 30, 30, 30, 30, 30, 30, 30, 30, 30, 30, 30, 30, 30, 30, 30, 30, 30, 30, 30, 30]]",1.9488339115174413,0.47409644578067534,,/data/home/hliu148/mirage/results/qwen3_3d_identical_b1_b64_repeat1/b32_in256_out64/summary.json
32,256,64,256,63,1,0,512,32,32,False,2.25,93.3447265625,completed,,Qwen/Qwen3-8B,identical,0d04f159fc6bba28a5a1757e6fe90876ed78ca47479180ed9bc21f471a236dbc,cec73259ef6b1952599c9ec97de94f12f18e6321,NVIDIA H100 NVL,590.48.01,2.6.0+cu124,12.4,4.57.1,0.7.0,always-continuous,MPK,MPK,continuous_one_mpk_launch,,,,4210.2626953125,486.43045534430496,,,,,,,,,,[4210.2626953125],30,1.0,1.0,0,0,30,20,True,"[[30, 30, 30, 30, 30, 30, 30, 30, 30, 30, 30, 30, 30, 30, 30, 30, 30, 30, 30, 30, 30, 30, 30, 30, 30, 30, 30, 30, 30, 30, 30, 30]]",,,0.3991662805274164,/data/home/hliu148/mirage/results/qwen3_3d_identical_b1_b64_repeat1/b32_in256_out64/summary.json
32,256,64,256,63,1,0,512,32,32,False,2.25,93.3447265625,completed,,Qwen/Qwen3-8B,identical,0d04f159fc6bba28a5a1757e6fe90876ed78ca47479180ed9bc21f471a236dbc,cec73259ef6b1952599c9ec97de94f12f18e6321,NVIDIA H100 NVL,590.48.01,2.6.0+cu124,12.4,4.57.1,0.7.0,decode-only,NORMAL,MPK,one_prefill_phase_then_decode,633.149169921875,533.5618286132812,1166.7109985351562,,,8.469235374813987,,,,3778.381233229431,1755.3618698815137,,[633.149169921875],[533.5618286132812],,30,1.0,1.0,0,0,30,20,True,"[[30, 30, 30, 30, 30, 30, 30, 30, 30, 30, 30, 30, 30, 30, 30, 30, 30, 30, 30, 30, 30, 30, 30, 30, 30, 30, 30, 30, 30, 30, 30, 30]]",1.910599044547298,1.440455178910002,,/data/home/hliu148/mirage/results/qwen3_3d_identical_b1_b64_repeat1/b32_in256_out64/summary.json
32,256,64,256,63,1,0,512,32,32,False,2.25,93.3447265625,completed,,Qwen/Qwen3-8B,identical,0d04f159fc6bba28a5a1757e6fe90876ed78ca47479180ed9bc21f471a236dbc,cec73259ef6b1952599c9ec97de94f12f18e6321,NVIDIA H100 NVL,590.48.01,2.6.0+cu124,12.4,4.57.1,0.7.0,prefill-only,MPK,NORMAL,one_prefill_phase_then_decode,3031.191650390625,1348.3443088531494,4379.535959243774,,,21.40229061671666,15.88265609741211,16.163737869262697,147.30898162841885,1495.1670628659629,467.6294518549023,,[3031.191650390625],[1348.3443088531494],,30,1.0,1.0,0,0,30,20,True,"[[30, 30, 30, 30, 30, 30, 30, 30, 30, 30, 30, 30, 30, 30, 30, 30, 30, 30, 30, 30, 30, 30, 30, 30, 30, 30, 30, 30, 30, 30, 30, 30]]",0.7560551954437562,0.38373812106372523,,/data/home/hliu148/mirage/results/qwen3_3d_identical_b1_b64_repeat1/b32_in256_out64/summary.json
32,256,128,256,127,1,0,512,32,32,False,2.25,93.3447265625,completed,,Qwen/Qwen3-8B,identical,0d04f159fc6bba28a5a1757e6fe90876ed78ca47479180ed9bc21f471a236dbc,cec73259ef6b1952599c9ec97de94f12f18e6321,NVIDIA H100 NVL,590.48.01,2.6.0+cu124,12.4,4.57.1,0.7.0,normal,NORMAL,NORMAL,one_prefill_phase_then_decode,645.637939453125,2033.9587879180908,2679.596727371216,,,16.015423526914102,15.871904373168945,16.00618896484375,17.28543266296386,1998.0739158239328,1528.5882230563584,,[645.637939453125],[2033.9587879180908],,,,,0,0,30,20,True,,1.0,1.0,,/data/home/hliu148/mirage/results/qwen3_3d_identical_b1_b64_repeat1/b32_in256_out128/summary.json
32,256,128,256,127,1,0,512,32,32,False,2.25,93.3447265625,completed,,Qwen/Qwen3-8B,identical,0d04f159fc6bba28a5a1757e6fe90876ed78ca47479180ed9bc21f471a236dbc,cec73259ef6b1952599c9ec97de94f12f18e6321,NVIDIA H100 NVL,590.48.01,2.6.0+cu124,12.4,4.57.1,0.7.0,always,MPK,MPK,split_two_mpk_launches,3029.1806640625,1063.3306884765625,4092.5113525390625,,,8.372682586429626,,,,3821.9530801114247,1000.8524466178385,,[3029.1806640625],[1063.3306884765625],,30,1.0,1.0,0,0,30,20,True,"[[30, 30, 30, 30, 30, 30, 30, 30, 30, 30, 30, 30, 30, 30, 30, 30, 30, 30, 30, 30, 30, 30, 30, 30, 30, 30, 30, 30, 30, 30, 30, 30]]",1.9128186649368226,0.6547560889986901,,/data/home/hliu148/mirage/results/qwen3_3d_identical_b1_b64_repeat1/b32_in256_out128/summary.json
32,256,128,256,127,1,0,512,32,32,False,2.25,93.3447265625,completed,,Qwen/Qwen3-8B,identical,0d04f159fc6bba28a5a1757e6fe90876ed78ca47479180ed9bc21f471a236dbc,cec73259ef6b1952599c9ec97de94f12f18e6321,NVIDIA H100 NVL,590.48.01,2.6.0+cu124,12.4,4.57.1,0.7.0,always-continuous,MPK,MPK,continuous_one_mpk_launch,,,,5306.97265625,771.814792596709,,,,,,,,,,[5306.97265625],30,1.0,1.0,0,0,30,20,True,"[[30, 30, 30, 30, 30, 30, 30, 30, 30, 30, 30, 30, 30, 30, 30, 30, 30, 30, 30, 30, 30, 30, 30, 30, 30, 30, 30, 30, 30, 30, 30, 30]]",,,0.5049200176706141,/data/home/hliu148/mirage/results/qwen3_3d_identical_b1_b64_repeat1/b32_in256_out128/summary.json
32,256,128,256,127,1,0,512,32,32,False,2.25,93.3447265625,completed,,Qwen/Qwen3-8B,identical,0d04f159fc6bba28a5a1757e6fe90876ed78ca47479180ed9bc21f471a236dbc,cec73259ef6b1952599c9ec97de94f12f18e6321,NVIDIA H100 NVL,590.48.01,2.6.0+cu124,12.4,4.57.1,0.7.0,decode-only,NORMAL,MPK,one_prefill_phase_then_decode,636.33056640625,1070.10546875,1706.43603515625,,,8.426027312992126,,,,3797.756500344957,2400.3243693953928,,[636.33056640625],[1070.10546875],,30,1.0,1.0,0,0,30,20,True,"[[30, 30, 30, 30, 30, 30, 30, 30, 30, 30, 30, 30, 30, 30, 30, 30, 30, 30, 30, 30, 30, 30, 30, 30, 30, 30, 30, 30, 30, 30, 30, 30]]",1.900708712659862,1.570288409389959,,/data/home/hliu148/mirage/results/qwen3_3d_identical_b1_b64_repeat1/b32_in256_out128/summary.json
32,256,128,256,127,1,0,512,32,32,False,2.25,93.3447265625,completed,,Qwen/Qwen3-8B,identical,0d04f159fc6bba28a5a1757e6fe90876ed78ca47479180ed9bc21f471a236dbc,cec73259ef6b1952599c9ec97de94f12f18e6321,NVIDIA H100 NVL,590.48.01,2.6.0+cu124,12.4,4.57.1,0.7.0,prefill-only,MPK,NORMAL,one_prefill_phase_then_decode,3031.4599609375,2377.7231550216675,5409.1831159591675,,,18.722229567099745,15.927616119384766,16.053996276855468,17.078246383666993,1709.198142524278,757.2307892323385,,[3031.4599609375],[2377.7231550216675],,30,1.0,1.0,0,0,30,20,True,"[[30, 30, 30, 30, 30, 30, 30, 30, 30, 30, 30, 30, 30, 30, 30, 30, 30, 30, 30, 30, 30, 30, 30, 30, 30, 30, 30, 30, 30, 30, 30, 30]]",0.8554228794981625,0.49537918571574635,,/data/home/hliu148/mirage/results/qwen3_3d_identical_b1_b64_repeat1/b32_in256_out128/summary.json
32,256,256,256,255,1,0,512,32,32,False,2.25,93.3447265625,completed,,Qwen/Qwen3-8B,identical,0d04f159fc6bba28a5a1757e6fe90876ed78ca47479180ed9bc21f471a236dbc,cec73259ef6b1952599c9ec97de94f12f18e6321,NVIDIA H100 NVL,590.48.01,2.6.0+cu124,12.4,4.57.1,0.7.0,normal,NORMAL,NORMAL,one_prefill_phase_then_decode,658.3741455078125,4085.598487854004,4743.972633361816,,,16.021954854329426,15.928128242492676,16.113330841064453,16.33475738525391,1997.2594037957242,1726.8227776842673,,[658.3741455078125],[4085.598487854004],,,,,0,0,30,20,True,,1.0,1.0,,/data/home/hliu148/mirage/results/qwen3_3d_identical_b1_b64_repeat1/b32_in256_out256/summary.json
32,256,256,256,255,1,0,512,32,32,False,2.25,93.3447265625,completed,,Qwen/Qwen3-8B,identical,0d04f159fc6bba28a5a1757e6fe90876ed78ca47479180ed9bc21f471a236dbc,cec73259ef6b1952599c9ec97de94f12f18e6321,NVIDIA H100 NVL,590.48.01,2.6.0+cu124,12.4,4.57.1,0.7.0,always,MPK,MPK,split_two_mpk_launches,3025.67333984375,2171.670166015625,5197.343505859375,,,8.516353592218136,,,,3757.4766774879063,1576.1898344345555,,[3025.67333984375],[2171.670166015625],,30,1.0,1.0,0,0,30,20,True,"[[30, 30, 30, 30, 30, 30, 30, 30, 30, 30, 30, 30, 30, 30, 30, 30, 30, 30, 30, 30, 30, 30, 30, 30, 30, 30, 30, 30, 30, 30, 30, 30]]",1.8813163029033426,0.9127687304126737,,/data/home/hliu148/mirage/results/qwen3_3d_identical_b1_b64_repeat1/b32_in256_out256/summary.json
32,256,256,256,255,1,0,512,32,32,False,2.25,93.3447265625,completed,,Qwen/Qwen3-8B,identical,0d04f159fc6bba28a5a1757e6fe90876ed78ca47479180ed9bc21f471a236dbc,cec73259ef6b1952599c9ec97de94f12f18e6321,NVIDIA H100 NVL,590.48.01,2.6.0+cu124,12.4,4.57.1,0.7.0,always-continuous,MPK,MPK,continuous_one_mpk_launch,,,,7300.046875,1122.184575013431,,,,,,,,,,[7300.046875],30,1.0,1.0,0,0,30,20,True,"[[30, 30, 30, 30, 30, 30, 30, 30, 30, 30, 30, 30, 30, 30, 30, 30, 30, 30, 30, 30, 30, 30, 30, 30, 30, 30, 30, 30, 30, 30, 30, 30]]",,,0.6498550919732028,/data/home/hliu148/mirage/results/qwen3_3d_identical_b1_b64_repeat1/b32_in256_out256/summary.json
32,256,256,256,255,1,0,512,32,32,False,2.25,93.3447265625,completed,,Qwen/Qwen3-8B,identical,0d04f159fc6bba28a5a1757e6fe90876ed78ca47479180ed9bc21f471a236dbc,cec73259ef6b1952599c9ec97de94f12f18e6321,NVIDIA H100 NVL,590.48.01,2.6.0+cu124,12.4,4.57.1,0.7.0,decode-only,NORMAL,MPK,one_prefill_phase_then_decode,631.6434326171875,2176.05810546875,2807.7015380859375,,,8.533561197916667,,,,3749.8998668706204,2917.689038124985,,[631.6434326171875],[2176.05810546875],,30,1.0,1.0,0,0,30,20,True,"[[30, 30, 30, 30, 30, 30, 30, 30, 30, 30, 30, 30, 30, 30, 30, 30, 30, 30, 30, 30, 30, 30, 30, 30, 30, 30, 30, 30, 30, 30, 30, 30]]",1.8775226992267815,1.6896285338775257,,/data/home/hliu148/mirage/results/qwen3_3d_identical_b1_b64_repeat1/b32_in256_out256/summary.json
32,256,256,256,255,1,0,512,32,32,False,2.25,93.3447265625,completed,,Qwen/Qwen3-8B,identical,0d04f159fc6bba28a5a1757e6fe90876ed78ca47479180ed9bc21f471a236dbc,cec73259ef6b1952599c9ec97de94f12f18e6321,NVIDIA H100 NVL,590.48.01,2.6.0+cu124,12.4,4.57.1,0.7.0,prefill-only,MPK,NORMAL,one_prefill_phase_then_decode,3025.70166015625,4395.017680168152,7420.719340324402,,,17.23536345163981,15.882399559020996,16.034482574462892,16.779954872131352,1856.6478211955227,1103.9361043456308,,[3025.70166015625],[4395.017680168152],,30,1.0,1.0,0,0,30,20,True,"[[30, 30, 30, 30, 30, 30, 30, 30, 30, 30, 30, 30, 30, 30, 30, 30, 30, 30, 30, 30, 30, 30, 30, 30, 30, 30, 30, 30, 30, 30, 30, 30]]",0.9295977366119925,0.6392874350580722,,/data/home/hliu148/mirage/results/qwen3_3d_identical_b1_b64_repeat1/b32_in256_out256/summary.json
32,256,512,256,511,1,0,1024,32,32,False,4.5,93.3447265625,completed,,Qwen/Qwen3-8B,identical,0d04f159fc6bba28a5a1757e6fe90876ed78ca47479180ed9bc21f471a236dbc,cec73259ef6b1952599c9ec97de94f12f18e6321,NVIDIA H100 NVL,590.48.01,2.6.0+cu124,12.4,4.57.1,0.7.0,normal,NORMAL,NORMAL,one_prefill_phase_then_decode,661.7405395507812,8264.834122657776,8926.574662208557,,,16.173843684261794,16.130752563476562,16.23347282409668,16.423900032043456,1978.503108147267,1835.4184690083994,,[661.7405395507812],[8264.834122657776],,,,,0,0,30,20,True,,1.0,1.0,,/data/home/hliu148/mirage/results/qwen3_3d_identical_b1_b64_repeat1/b32_in256_out512/summary.json
32,256,512,256,511,1,0,1024,32,32,False,4.5,93.3447265625,completed,,Qwen/Qwen3-8B,identical,0d04f159fc6bba28a5a1757e6fe90876ed78ca47479180ed9bc21f471a236dbc,cec73259ef6b1952599c9ec97de94f12f18e6321,NVIDIA H100 NVL,590.48.01,2.6.0+cu124,12.4,4.57.1,0.7.0,always,MPK,MPK,split_two_mpk_launches,3030.41796875,4496.533203125,7526.951171875,,,8.799477892612524,,,,3636.5793960190686,2176.711343793488,,[3030.41796875],[4496.533203125],,30,1.0,1.0,0,0,30,20,True,"[[30, 30, 30, 30, 30, 30, 30, 30, 30, 30, 30, 30, 30, 30, 30, 30, 30, 30, 30, 30, 30, 30, 30, 30, 30, 30, 30, 30, 30, 30, 30, 30]]",1.8380458342693617,1.1859482622344293,,/data/home/hliu148/mirage/results/qwen3_3d_identical_b1_b64_repeat1/b32_in256_out512/summary.json
32,256,512,256,511,1,0,1024,32,32,False,4.5,93.3447265625,completed,,Qwen/Qwen3-8B,identical,0d04f159fc6bba28a5a1757e6fe90876ed78ca47479180ed9bc21f471a236dbc,cec73259ef6b1952599c9ec97de94f12f18e6321,NVIDIA H100 NVL,590.48.01,2.6.0+cu124,12.4,4.57.1,0.7.0,always-continuous,MPK,MPK,continuous_one_mpk_launch,,,,11250.8818359375,1456.2414074660642,,,,,,,,,,[11250.8818359375],30,1.0,1.0,0,0,30,20,True,"[[30, 30, 30, 30, 30, 30, 30, 30, 30, 30, 30, 30, 30, 30, 30, 30, 30, 30, 30, 30, 30, 30, 30, 30, 30, 30, 30, 30, 30, 30, 30, 30]]",,,0.7934111114468686,/data/home/hliu148/mirage/results/qwen3_3d_identical_b1_b64_repeat1/b32_in256_out512/summary.json
32,256,512,256,511,1,0,1024,32,32,False,4.5,93.3447265625,completed,,Qwen/Qwen3-8B,identical,0d04f159fc6bba28a5a1757e6fe90876ed78ca47479180ed9bc21f471a236dbc,cec73259ef6b1952599c9ec97de94f12f18e6321,NVIDIA H100 NVL,590.48.01,2.6.0+cu124,12.4,4.57.1,0.7.0,decode-only,NORMAL,MPK,one_prefill_phase_then_decode,628.150390625,4496.904296875,5125.0546875,,,8.80020410347358,,,,3636.279298041404,3196.843936116535,,[628.150390625],[4496.904296875],,30,1.0,1.0,0,0,30,20,True,"[[30, 30, 30, 30, 30, 30, 30, 30, 30, 30, 30, 30, 30, 30, 30, 30, 30, 30, 30, 30, 30, 30, 30, 30, 30, 30, 30, 30, 30, 30, 30, 30]]",1.8378941549637147,1.741752080027645,,/data/home/hliu148/mirage/results/qwen3_3d_identical_b1_b64_repeat1/b32_in256_out512/summary.json
32,256,512,256,511,1,0,1024,32,32,False,4.5,93.3447265625,completed,,Qwen/Qwen3-8B,identical,0d04f159fc6bba28a5a1757e6fe90876ed78ca47479180ed9bc21f471a236dbc,cec73259ef6b1952599c9ec97de94f12f18e6321,NVIDIA H100 NVL,590.48.01,2.6.0+cu124,12.4,4.57.1,0.7.0,prefill-only,MPK,NORMAL,one_prefill_phase_then_decode,3028.996826171875,8532.97179031372,11561.968616485596,,,16.698574932120785,15.988767623901367,16.127456665039062,16.554905891418453,1916.331191738161,1417.0597191069112,,[3028.996826171875],[8532.97179031372],,30,1.0,1.0,0,0,30,20,True,"[[30, 30, 30, 30, 30, 30, 30, 30, 30, 30, 30, 30, 30, 30, 30, 30, 30, 30, 30, 30, 30, 30, 30, 30, 30, 30, 30, 30, 30, 30, 30, 30]]",0.9685762857015039,0.7720635609995196,,/data/home/hliu148/mirage/results/qwen3_3d_identical_b1_b64_repeat1/b32_in256_out512/summary.json
32,512,16,512,15,1,0,1024,32,32,False,4.5,93.3447265625,completed,,Qwen/Qwen3-8B,identical,b2b1521babacbbbb47ee4977ae0e9e68dedfb81ea84fd969c2579d734789b830,cec73259ef6b1952599c9ec97de94f12f18e6321,NVIDIA H100 NVL,590.48.01,2.6.0+cu124,12.4,4.57.1,0.7.0,normal,NORMAL,NORMAL,one_prefill_phase_then_decode,973.2133178710938,258.647554397583,1231.8608722686768,,,17.243170293172202,15.881823539733887,17.403296279907227,31.374906425476066,1855.8072243055606,415.631352148613,,[973.2133178710938],[258.647554397583],,,,,0,0,16,11,True,,1.0,1.0,,/data/home/hliu148/mirage/results/qwen3_3d_identical_b1_b64_repeat1/b32_in512_out16/summary.json
32,512,16,512,15,1,0,1024,32,32,False,4.5,93.3447265625,completed,,Qwen/Qwen3-8B,identical,b2b1521babacbbbb47ee4977ae0e9e68dedfb81ea84fd969c2579d734789b830,cec73259ef6b1952599c9ec97de94f12f18e6321,NVIDIA H100 NVL,590.48.01,2.6.0+cu124,12.4,4.57.1,0.7.0,always,MPK,MPK,split_two_mpk_launches,6196.72998046875,133.1387176513672,6329.868698120117,,,8.875914510091146,,,,3605.2623043652316,80.88635395423871,,[6196.72998046875],[133.1387176513672],,16,1.0,1.0,0,0,16,11,True,"[[16, 16, 16, 16, 16, 16, 16, 16, 16, 16, 16, 16, 16, 16, 16, 16, 16, 16, 16, 16, 16, 16, 16, 16, 16, 16, 16, 16, 16, 16, 16, 16]]",1.9426922458038784,0.19461080964199498,,/data/home/hliu148/mirage/results/qwen3_3d_identical_b1_b64_repeat1/b32_in512_out16/summary.json
32,512,16,512,15,1,0,1024,32,32,False,4.5,93.3447265625,completed,,Qwen/Qwen3-8B,identical,b2b1521babacbbbb47ee4977ae0e9e68dedfb81ea84fd969c2579d734789b830,cec73259ef6b1952599c9ec97de94f12f18e6321,NVIDIA H100 NVL,590.48.01,2.6.0+cu124,12.4,4.57.1,0.7.0,always-continuous,MPK,MPK,continuous_one_mpk_launch,,,,6641.4833984375,77.09121129783371,,,,,,,,,,[6641.4833984375],16,1.0,1.0,0,0,16,11,True,"[[16, 16, 16, 16, 16, 16, 16, 16, 16, 16, 16, 16, 16, 16, 16, 16, 16, 16, 16, 16, 16, 16, 16, 16, 16, 16, 16, 16, 16, 16, 16, 16]]",,,0.18547977889374667,/data/home/hliu148/mirage/results/qwen3_3d_identical_b1_b64_repeat1/b32_in512_out16/summary.json
32,512,16,512,15,1,0,1024,32,32,False,4.5,93.3447265625,completed,,Qwen/Qwen3-8B,identical,b2b1521babacbbbb47ee4977ae0e9e68dedfb81ea84fd969c2579d734789b830,cec73259ef6b1952599c9ec97de94f12f18e6321,NVIDIA H100 NVL,590.48.01,2.6.0+cu124,12.4,4.57.1,0.7.0,decode-only,NORMAL,MPK,one_prefill_phase_then_decode,939.0250854492188,142.6149139404297,1081.6399993896484,,,9.507660929361979,,,,3365.706900755809,473.35527558976474,,[939.0250854492188],[142.6149139404297],,16,1.0,1.0,0,0,16,11,True,"[[16, 16, 16, 16, 16, 16, 16, 16, 16, 16, 16, 16, 16, 16, 16, 16, 16, 16, 16, 16, 16, 16, 16, 16, 16, 16, 16, 16, 16, 16, 16, 16]]",1.8136080389574136,1.1388825052363036,,/data/home/hliu148/mirage/results/qwen3_3d_identical_b1_b64_repeat1/b32_in512_out16/summary.json
32,512,16,512,15,1,0,1024,32,32,False,4.5,93.3447265625,correctness_failed,Batch match fraction: 0.375; passing-request fraction: 0.000; both require 0.667; invalid token IDs: 0; incomplete requests: 0,Qwen/Qwen3-8B,identical,b2b1521babacbbbb47ee4977ae0e9e68dedfb81ea84fd969c2579d734789b830,cec73259ef6b1952599c9ec97de94f12f18e6321,NVIDIA H100 NVL,590.48.01,2.6.0+cu124,12.4,4.57.1,0.7.0,prefill-only,MPK,NORMAL,one_prefill_phase_then_decode,6197.99169921875,602.8402633666992,6800.831962585449,,,40.18935089111328,16.280927658081055,16.977567672729492,324.0311414718626,796.2308245957732,75.28490673152211,,[6197.99169921875],[602.8402633666992],,6,0.375,0.0,0,0,16,11,True,"[[6, 6, 6, 6, 6, 6, 6, 6, 6, 6, 6, 6, 6, 6, 6, 6, 6, 6, 6, 6, 6, 6, 6, 6, 6, 6, 6, 6, 6, 6, 6, 6]]",0.4290482406618075,0.1811338493651539,,/data/home/hliu148/mirage/results/qwen3_3d_identical_b1_b64_repeat1/b32_in512_out16/summary.json
32,512,32,512,31,1,0,1024,32,32,False,4.5,93.3447265625,completed,,Qwen/Qwen3-8B,identical,b2b1521babacbbbb47ee4977ae0e9e68dedfb81ea84fd969c2579d734789b830,cec73259ef6b1952599c9ec97de94f12f18e6321,NVIDIA H100 NVL,590.48.01,2.6.0+cu124,12.4,4.57.1,0.7.0,normal,NORMAL,NORMAL,one_prefill_phase_then_decode,969.2451171875,509.4638423919678,1478.7089595794678,,,16.43431749651509,15.812128067016602,15.985631942749023,28.223203659057607,1947.1450522229247,692.4959731705534,,[969.2451171875],[509.4638423919678],,,,,0,0,30,20,True,,1.0,1.0,,/data/home/hliu148/mirage/results/qwen3_3d_identical_b1_b64_repeat1/b32_in512_out32/summary.json
32,512,32,512,31,1,0,1024,32,32,False,4.5,93.3447265625,completed,,Qwen/Qwen3-8B,identical,b2b1521babacbbbb47ee4977ae0e9e68dedfb81ea84fd969c2579d734789b830,cec73259ef6b1952599c9ec97de94f12f18e6321,NVIDIA H100 NVL,590.48.01,2.6.0+cu124,12.4,4.57.1,0.7.0,always,MPK,MPK,split_two_mpk_launches,6194.56201171875,274.8937072753906,6469.455718994141,,,8.867538944367439,,,,3608.6675458387513,158.28224884414382,,[6194.56201171875],[274.8937072753906],,30,1.0,1.0,0,0,30,20,True,"[[30, 30, 30, 30, 30, 30, 30, 30, 30, 30, 30, 30, 30, 30, 30, 30, 30, 30, 30, 30, 30, 30, 30, 30, 30, 30, 30, 30, 30, 30, 30, 30]]",1.8533121308651237,0.2285677534259984,,/data/home/hliu148/mirage/results/qwen3_3d_identical_b1_b64_repeat1/b32_in512_out32/summary.json
32,512,32,512,31,1,0,1024,32,32,False,4.5,93.3447265625,completed,,Qwen/Qwen3-8B,identical,b2b1521babacbbbb47ee4977ae0e9e68dedfb81ea84fd969c2579d734789b830,cec73259ef6b1952599c9ec97de94f12f18e6321,NVIDIA H100 NVL,590.48.01,2.6.0+cu124,12.4,4.57.1,0.7.0,always-continuous,MPK,MPK,continuous_one_mpk_launch,,,,6978.380859375,146.73890987539363,,,,,,,,,,[6978.380859375],30,1.0,1.0,0,0,30,20,True,"[[30, 30, 30, 30, 30, 30, 30, 30, 30, 30, 30, 30, 30, 30, 30, 30, 30, 30, 30, 30, 30, 30, 30, 30, 30, 30, 30, 30, 30, 30, 30, 30]]",,,0.21189857495280134,/data/home/hliu148/mirage/results/qwen3_3d_identical_b1_b64_repeat1/b32_in512_out32/summary.json
32,512,32,512,31,1,0,1024,32,32,False,4.5,93.3447265625,completed,,Qwen/Qwen3-8B,identical,b2b1521babacbbbb47ee4977ae0e9e68dedfb81ea84fd969c2579d734789b830,cec73259ef6b1952599c9ec97de94f12f18e6321,NVIDIA H100 NVL,590.48.01,2.6.0+cu124,12.4,4.57.1,0.7.0,decode-only,NORMAL,MPK,one_prefill_phase_then_decode,947.171142578125,287.4765319824219,1234.6476745605469,,,9.273436515561995,,,,3450.716457302529,829.3864080410441,,[947.171142578125],[287.4765319824219],,30,1.0,1.0,0,0,30,20,True,"[[30, 30, 30, 30, 30, 30, 30, 30, 30, 30, 30, 30, 30, 30, 30, 30, 30, 30, 30, 30, 30, 30, 30, 30, 30, 30, 30, 30, 30, 30, 30, 30]]",1.772192807804985,1.1976768676989495,,/data/home/hliu148/mirage/results/qwen3_3d_identical_b1_b64_repeat1/b32_in512_out32/summary.json
32,512,32,512,31,1,0,1024,32,32,False,4.5,93.3447265625,correctness_failed,Batch match fraction: 0.267; passing-request fraction: 0.000; both require 0.667; invalid token IDs: 0; incomplete requests: 0,Qwen/Qwen3-8B,identical,b2b1521babacbbbb47ee4977ae0e9e68dedfb81ea84fd969c2579d734789b830,cec73259ef6b1952599c9ec97de94f12f18e6321,NVIDIA H100 NVL,590.48.01,2.6.0+cu124,12.4,4.57.1,0.7.0,prefill-only,MPK,NORMAL,one_prefill_phase_then_decode,6195.146484375,862.9355640411377,7058.082048416138,,,27.836631098101215,16.164287567138672,16.268096923828125,269.6416662216184,1149.5643954624513,145.08190652583724,,[6195.146484375],[862.9355640411377],,8,0.26666666666666666,0.0,0,0,30,20,True,"[[8, 8, 8, 8, 8, 8, 8, 8, 8, 8, 8, 8, 8, 8, 8, 8, 8, 8, 8, 8, 8, 8, 8, 8, 8, 8, 8, 8, 8, 8, 8, 8]]",0.59038457055373,0.20950577641858045,,/data/home/hliu148/mirage/results/qwen3_3d_identical_b1_b64_repeat1/b32_in512_out32/summary.json
32,512,64,512,63,1,0,1024,32,32,False,4.5,93.3447265625,completed,,Qwen/Qwen3-8B,identical,b2b1521babacbbbb47ee4977ae0e9e68dedfb81ea84fd969c2579d734789b830,cec73259ef6b1952599c9ec97de94f12f18e6321,NVIDIA H100 NVL,590.48.01,2.6.0+cu124,12.4,4.57.1,0.7.0,normal,NORMAL,NORMAL,one_prefill_phase_then_decode,969.5026245117188,1021.4558382034302,1990.958462715149,,,16.21358473338778,15.869024276733398,16.04816017150879,24.103742713928263,1973.6536075272784,1028.6502899749407,,[969.5026245117188],[1021.4558382034302],,,,,0,0,30,20,True,,1.0,1.0,,/data/home/hliu148/mirage/results/qwen3_3d_identical_b1_b64_repeat1/b32_in512_out64/summary.json
32,512,64,512,63,1,0,1024,32,32,False,4.5,93.3447265625,completed,,Qwen/Qwen3-8B,identical,b2b1521babacbbbb47ee4977ae0e9e68dedfb81ea84fd969c2579d734789b830,cec73259ef6b1952599c9ec97de94f12f18e6321,NVIDIA H100 NVL,590.48.01,2.6.0+cu124,12.4,4.57.1,0.7.0,always,MPK,MPK,split_two_mpk_launches,6193.16552734375,558.731689453125,6751.897216796875,,,8.868756975446429,,,,3608.1719330672277,303.3221529061692,,[6193.16552734375],[558.731689453125],,30,1.0,1.0,0,0,30,20,True,"[[30, 30, 30, 30, 30, 30, 30, 30, 30, 30, 30, 30, 30, 30, 30, 30, 30, 30, 30, 30, 30, 30, 30, 30, 30, 30, 30, 30, 30, 30, 30, 30]]",1.8281687927942838,0.294873929324959,,/data/home/hliu148/mirage/results/qwen3_3d_identical_b1_b64_repeat1/b32_in512_out64/summary.json
32,512,64,512,63,1,0,1024,32,32,False,4.5,93.3447265625,completed,,Qwen/Qwen3-8B,identical,b2b1521babacbbbb47ee4977ae0e9e68dedfb81ea84fd969c2579d734789b830,cec73259ef6b1952599c9ec97de94f12f18e6321,NVIDIA H100 NVL,590.48.01,2.6.0+cu124,12.4,4.57.1,0.7.0,always-continuous,MPK,MPK,continuous_one_mpk_launch,,,,7588.033203125,269.89866084884375,,,,,,,,,,[7588.033203125],30,1.0,1.0,0,0,30,20,True,"[[30, 30, 30, 30, 30, 30, 30, 30, 30, 30, 30, 30, 30, 30, 30, 30, 30, 30, 30, 30, 30, 30, 30, 30, 30, 30, 30, 30, 30, 30, 30, 30]]",,,0.2623813588342243,/data/home/hliu148/mirage/results/qwen3_3d_identical_b1_b64_repeat1/b32_in512_out64/summary.json
32,512,64,512,63,1,0,1024,32,32,False,4.5,93.3447265625,completed,,Qwen/Qwen3-8B,identical,b2b1521babacbbbb47ee4977ae0e9e68dedfb81ea84fd969c2579d734789b830,cec73259ef6b1952599c9ec97de94f12f18e6321,NVIDIA H100 NVL,590.48.01,2.6.0+cu124,12.4,4.57.1,0.7.0,decode-only,NORMAL,MPK,one_prefill_phase_then_decode,947.1515502929688,572.5388793945312,1519.6904296875,,,9.087918720548116,,,,3521.158252400171,1347.642888309258,,[947.1515502929688],[572.5388793945312],,30,1.0,1.0,0,0,30,20,True,"[[30, 30, 30, 30, 30, 30, 30, 30, 30, 30, 30, 30, 30, 30, 30, 30, 30, 30, 30, 30, 30, 30, 30, 30, 30, 30, 30, 30, 30, 30, 30, 30]]",1.7840811776549317,1.310107916600197,,/data/home/hliu148/mirage/results/qwen3_3d_identical_b1_b64_repeat1/b32_in512_out64/summary.json
32,512,64,512,63,1,0,1024,32,32,False,4.5,93.3447265625,correctness_failed,Batch match fraction: 0.267; passing-request fraction: 0.000; both require 0.667; invalid token IDs: 0; incomplete requests: 0,Qwen/Qwen3-8B,identical,b2b1521babacbbbb47ee4977ae0e9e68dedfb81ea84fd969c2579d734789b830,cec73259ef6b1952599c9ec97de94f12f18e6321,NVIDIA H100 NVL,590.48.01,2.6.0+cu124,12.4,4.57.1,0.7.0,prefill-only,MPK,NORMAL,one_prefill_phase_then_decode,6210.72314453125,1406.3666038513184,7617.089748382568,,,22.323279426211403,16.242271423339844,16.431449127197265,161.8467069625864,1433.481138189152,268.8690914315244,,[6210.72314453125],[1406.3666038513184],,8,0.26666666666666666,0.0,0,0,30,20,True,"[[8, 8, 8, 8, 8, 8, 8, 8, 8, 8, 8, 8, 8, 8, 8, 8, 8, 8, 8, 8, 8, 8, 8, 8, 8, 8, 8, 8, 8, 8, 8, 8]]",0.726308371804468,0.26138046530670245,,/data/home/hliu148/mirage/results/qwen3_3d_identical_b1_b64_repeat1/b32_in512_out64/summary.json
32,512,128,512,127,1,0,1024,32,32,False,4.5,93.3447265625,completed,,Qwen/Qwen3-8B,identical,b2b1521babacbbbb47ee4977ae0e9e68dedfb81ea84fd969c2579d734789b830,cec73259ef6b1952599c9ec97de94f12f18e6321,NVIDIA H100 NVL,590.48.01,2.6.0+cu124,12.4,4.57.1,0.7.0,normal,NORMAL,NORMAL,one_prefill_phase_then_decode,970.4888916015625,2027.9499883651733,2998.438879966736,,,15.968110144607664,15.817888259887695,15.96278419494629,16.35985179901123,2003.994192813494,1366.0441863151937,,[970.4888916015625],[2027.9499883651733],,,,,0,0,30,20,True,,1.0,1.0,,/data/home/hliu148/mirage/results/qwen3_3d_identical_b1_b64_repeat1/b32_in512_out128/summary.json
32,512,128,512,127,1,0,1024,32,32,False,4.5,93.3447265625,completed,,Qwen/Qwen3-8B,identical,b2b1521babacbbbb47ee4977ae0e9e68dedfb81ea84fd969c2579d734789b830,cec73259ef6b1952599c9ec97de94f12f18e6321,NVIDIA H100 NVL,590.48.01,2.6.0+cu124,12.4,4.57.1,0.7.0,always,MPK,MPK,split_two_mpk_launches,6204.9951171875,1136.5347900390625,7341.5299072265625,,,8.949092834953248,,,,3575.781432841419,557.9218571279187,,[6204.9951171875],[1136.5347900390625],,30,1.0,1.0,0,0,30,20,True,"[[30, 30, 30, 30, 30, 30, 30, 30, 30, 30, 30, 30, 30, 30, 30, 30, 30, 30, 30, 30, 30, 30, 30, 30, 30, 30, 30, 30, 30, 30, 30, 30]]",1.7843272428954622,0.40842153037001894,,/data/home/hliu148/mirage/results/qwen3_3d_identical_b1_b64_repeat1/b32_in512_out128/summary.json
32,512,128,512,127,1,0,1024,32,32,False,4.5,93.3447265625,completed,,Qwen/Qwen3-8B,identical,b2b1521babacbbbb47ee4977ae0e9e68dedfb81ea84fd969c2579d734789b830,cec73259ef6b1952599c9ec97de94f12f18e6321,NVIDIA H100 NVL,590.48.01,2.6.0+cu124,12.4,4.57.1,0.7.0,always-continuous,MPK,MPK,continuous_one_mpk_launch,,,,8786.5263671875,466.16829322861275,,,,,,,,,,[8786.5263671875],30,1.0,1.0,0,0,30,20,True,"[[30, 30, 30, 30, 30, 30, 30, 30, 30, 30, 30, 30, 30, 30, 30, 30, 30, 30, 30, 30, 30, 30, 30, 30, 30, 30, 30, 30, 30, 30, 30, 30]]",,,0.341254183355568,/data/home/hliu148/mirage/results/qwen3_3d_identical_b1_b64_repeat1/b32_in512_out128/summary.json
32,512,128,512,127,1,0,1024,32,32,False,4.5,93.3447265625,completed,,Qwen/Qwen3-8B,identical,b2b1521babacbbbb47ee4977ae0e9e68dedfb81ea84fd969c2579d734789b830,cec73259ef6b1952599c9ec97de94f12f18e6321,NVIDIA H100 NVL,590.48.01,2.6.0+cu124,12.4,4.57.1,0.7.0,decode-only,NORMAL,MPK,one_prefill_phase_then_decode,935.6373291015625,1148.6663818359375,2084.3037109375,,,9.044617179810531,,,,3538.015967268428,1965.1646631467436,,[935.6373291015625],[1148.6663818359375],,30,1.0,1.0,0,0,30,20,True,"[[30, 30, 30, 30, 30, 30, 30, 30, 30, 30, 30, 30, 30, 30, 30, 30, 30, 30, 30, 30, 30, 30, 30, 30, 30, 30, 30, 30, 30, 30, 30, 30]]",1.7654821455850902,1.4385805985146314,,/data/home/hliu148/mirage/results/qwen3_3d_identical_b1_b64_repeat1/b32_in512_out128/summary.json
32,512,128,512,127,1,0,1024,32,32,False,4.5,93.3447265625,correctness_failed,Batch match fraction: 0.267; passing-request fraction: 0.000; both require 0.667; invalid token IDs: 0; incomplete requests: 0,Qwen/Qwen3-8B,identical,b2b1521babacbbbb47ee4977ae0e9e68dedfb81ea84fd969c2579d734789b830,cec73259ef6b1952599c9ec97de94f12f18e6321,NVIDIA H100 NVL,590.48.01,2.6.0+cu124,12.4,4.57.1,0.7.0,prefill-only,MPK,NORMAL,one_prefill_phase_then_decode,6208.9306640625,2371.0748167037964,8580.005480766296,,,18.669880446486587,15.926655769348145,16.204018783569335,17.014676094055176,1713.9906220461073,477.3889724408636,,[6208.9306640625],[2371.0748167037964],,8,0.26666666666666666,0.0,0,0,30,20,True,"[[8, 8, 8, 8, 8, 8, 8, 8, 8, 8, 8, 8, 8, 8, 8, 8, 8, 8, 8, 8, 8, 8, 8, 8, 8, 8, 8, 8, 8, 8, 8, 8]]",0.8552872199892765,0.34946817769386085,,/data/home/hliu148/mirage/results/qwen3_3d_identical_b1_b64_repeat1/b32_in512_out128/summary.json
32,512,256,512,255,1,0,1024,32,32,False,4.5,93.3447265625,completed,,Qwen/Qwen3-8B,identical,b2b1521babacbbbb47ee4977ae0e9e68dedfb81ea84fd969c2579d734789b830,cec73259ef6b1952599c9ec97de94f12f18e6321,NVIDIA H100 NVL,590.48.01,2.6.0+cu124,12.4,4.57.1,0.7.0,normal,NORMAL,NORMAL,one_prefill_phase_then_decode,970.455322265625,4092.2359685897827,5062.691290855408,,,16.047984190548167,15.974623680114746,16.104652404785156,16.326964836120606,1994.0199105409852,1618.111697783543,,[970.455322265625],[4092.2359685897827],,,,,0,0,30,20,True,,1.0,1.0,,/data/home/hliu148/mirage/results/qwen3_3d_identical_b1_b64_repeat1/b32_in512_out256/summary.json
32,512,256,512,255,1,0,1024,32,32,False,4.5,93.3447265625,completed,,Qwen/Qwen3-8B,identical,b2b1521babacbbbb47ee4977ae0e9e68dedfb81ea84fd969c2579d734789b830,cec73259ef6b1952599c9ec97de94f12f18e6321,NVIDIA H100 NVL,590.48.01,2.6.0+cu124,12.4,4.57.1,0.7.0,always,MPK,MPK,split_two_mpk_launches,6210.18359375,2318.88134765625,8529.06494140625,,,9.09365234375,,,,3518.9381329266853,960.4804344061337,,[6210.18359375],[2318.88134765625],,30,1.0,1.0,0,0,30,20,True,"[[30, 30, 30, 30, 30, 30, 30, 30, 30, 30, 30, 30, 30, 30, 30, 30, 30, 30, 30, 30, 30, 30, 30, 30, 30, 30, 30, 30, 30, 30, 30, 30]]",1.7647457351476417,0.5935810461798037,,/data/home/hliu148/mirage/results/qwen3_3d_identical_b1_b64_repeat1/b32_in512_out256/summary.json
32,512,256,512,255,1,0,1024,32,32,False,4.5,93.3447265625,completed,,Qwen/Qwen3-8B,identical,b2b1521babacbbbb47ee4977ae0e9e68dedfb81ea84fd969c2579d734789b830,cec73259ef6b1952599c9ec97de94f12f18e6321,NVIDIA H100 NVL,590.48.01,2.6.0+cu124,12.4,4.57.1,0.7.0,always-continuous,MPK,MPK,continuous_one_mpk_launch,,,,11114.9423828125,737.0258628301692,,,,,,,,,,[11114.9423828125],30,1.0,1.0,0,0,30,20,True,"[[30, 30, 30, 30, 30, 30, 30, 30, 30, 30, 30, 30, 30, 30, 30, 30, 30, 30, 30, 30, 30, 30, 30, 30, 30, 30, 30, 30, 30, 30, 30, 30]]",,,0.45548515831121705,/data/home/hliu148/mirage/results/qwen3_3d_identical_b1_b64_repeat1/b32_in512_out256/summary.json
32,512,256,512,255,1,0,1024,32,32,False,4.5,93.3447265625,completed,,Qwen/Qwen3-8B,identical,b2b1521babacbbbb47ee4977ae0e9e68dedfb81ea84fd969c2579d734789b830,cec73259ef6b1952599c9ec97de94f12f18e6321,NVIDIA H100 NVL,590.48.01,2.6.0+cu124,12.4,4.57.1,0.7.0,decode-only,NORMAL,MPK,one_prefill_phase_then_decode,938.4840087890625,2333.4111328125,3271.8951416015625,,,9.150631893382354,,,,3497.026257076529,2503.7477197359362,,[938.4840087890625],[2333.4111328125],,30,1.0,1.0,0,0,30,20,True,"[[30, 30, 30, 30, 30, 30, 30, 30, 30, 30, 30, 30, 30, 30, 30, 30, 30, 30, 30, 30, 30, 30, 30, 30, 30, 30, 30, 30, 30, 30, 30, 30]]",1.753756940234249,1.5473268768562267,,/data/home/hliu148/mirage/results/qwen3_3d_identical_b1_b64_repeat1/b32_in512_out256/summary.json
32,512,256,512,255,1,0,1024,32,32,False,4.5,93.3447265625,correctness_failed,Batch match fraction: 0.267; passing-request fraction: 0.000; both require 0.667; invalid token IDs: 0; incomplete requests: 0,Qwen/Qwen3-8B,identical,b2b1521babacbbbb47ee4977ae0e9e68dedfb81ea84fd969c2579d734789b830,cec73259ef6b1952599c9ec97de94f12f18e6321,NVIDIA H100 NVL,590.48.01,2.6.0+cu124,12.4,4.57.1,0.7.0,prefill-only,MPK,NORMAL,one_prefill_phase_then_decode,6195.2431640625,4425.806802749634,10621.049966812134,,,17.356105108822092,15.988384246826172,16.10588836669922,16.742859497070317,1843.7316321468015,771.2985086783088,,[6195.2431640625],[4425.806802749634],,8,0.26666666666666666,0.0,0,0,30,20,True,"[[8, 8, 8, 8, 8, 8, 8, 8, 8, 8, 8, 8, 8, 8, 8, 8, 8, 8, 8, 8, 8, 8, 8, 8, 8, 8, 8, 8, 8, 8, 8, 8]]",0.924630502634545,0.47666580109075174,,/data/home/hliu148/mirage/results/qwen3_3d_identical_b1_b64_repeat1/b32_in512_out256/summary.json
32,512,512,512,511,1,0,1024,32,32,False,4.5,93.3447265625,completed,,Qwen/Qwen3-8B,identical,b2b1521babacbbbb47ee4977ae0e9e68dedfb81ea84fd969c2579d734789b830,cec73259ef6b1952599c9ec97de94f12f18e6321,NVIDIA H100 NVL,590.48.01,2.6.0+cu124,12.4,4.57.1,0.7.0,normal,NORMAL,NORMAL,one_prefill_phase_then_decode,977.5181884765625,8082.871591567993,9060.389780044556,,,15.817752625377677,15.777695655822754,15.882431983947754,16.362166404724118,2023.043396737654,1808.310723682732,,[977.5181884765625],[8082.871591567993],,,,,0,0,30,20,True,,1.0,1.0,,/data/home/hliu148/mirage/results/qwen3_3d_identical_b1_b64_repeat1/b32_in512_out512/summary.json
32,512,512,512,511,1,0,1024,32,32,False,4.5,93.3447265625,completed,,Qwen/Qwen3-8B,identical,b2b1521babacbbbb47ee4977ae0e9e68dedfb81ea84fd969c2579d734789b830,cec73259ef6b1952599c9ec97de94f12f18e6321,NVIDIA H100 NVL,590.48.01,2.6.0+cu124,12.4,4.57.1,0.7.0,always,MPK,MPK,split_two_mpk_launches,6204.75927734375,4811.16943359375,11015.9287109375,,,9.41520437102495,,,,3398.75787491976,1487.300837716265,,[6204.75927734375],[4811.16943359375],,30,1.0,1.0,0,0,30,20,True,"[[30, 30, 30, 30, 30, 30, 30, 30, 30, 30, 30, 30, 30, 30, 30, 30, 30, 30, 30, 30, 30, 30, 30, 30, 30, 30, 30, 30, 30, 30, 30, 30]]",1.6800222280948467,0.8224807928403415,,/data/home/hliu148/mirage/results/qwen3_3d_identical_b1_b64_repeat1/b32_in512_out512/summary.json
32,512,512,512,511,1,0,1024,32,32,False,4.5,93.3447265625,completed,,Qwen/Qwen3-8B,identical,b2b1521babacbbbb47ee4977ae0e9e68dedfb81ea84fd969c2579d734789b830,cec73259ef6b1952599c9ec97de94f12f18e6321,NVIDIA H100 NVL,590.48.01,2.6.0+cu124,12.4,4.57.1,0.7.0,always-continuous,MPK,MPK,continuous_one_mpk_launch,,,,15546.6708984375,1053.8590613406923,,,,,,,,,,[15546.6708984375],30,1.0,1.0,0,0,30,20,True,"[[30, 30, 30, 30, 30, 30, 30, 30, 30, 30, 30, 30, 30, 30, 30, 30, 30, 30, 30, 30, 30, 30, 30, 30, 30, 30, 30, 30, 30, 30, 30, 30]]",,,0.5827864910265232,/data/home/hliu148/mirage/results/qwen3_3d_identical_b1_b64_repeat1/b32_in512_out512/summary.json
32,512,512,512,511,1,0,1024,32,32,False,4.5,93.3447265625,completed,,Qwen/Qwen3-8B,identical,b2b1521babacbbbb47ee4977ae0e9e68dedfb81ea84fd969c2579d734789b830,cec73259ef6b1952599c9ec97de94f12f18e6321,NVIDIA H100 NVL,590.48.01,2.6.0+cu124,12.4,4.57.1,0.7.0,decode-only,NORMAL,MPK,one_prefill_phase_then_decode,943.8734741210938,4824.94970703125,5768.823181152344,,,9.442171638025929,,,,3389.050869519062,2840.0939819977693,,[943.8734741210938],[4824.94970703125],,30,1.0,1.0,0,0,30,20,True,"[[30, 30, 30, 30, 30, 30, 30, 30, 30, 30, 30, 30, 30, 30, 30, 30, 30, 30, 30, 30, 30, 30, 30, 30, 30, 30, 30, 30, 30, 30, 30, 30]]",1.6752240090273012,1.5705785210485008,,/data/home/hliu148/mirage/results/qwen3_3d_identical_b1_b64_repeat1/b32_in512_out512/summary.json
32,512,512,512,511,1,0,1024,32,32,False,4.5,93.3447265625,correctness_failed,Batch match fraction: 0.267; passing-request fraction: 0.000; both require 0.667; invalid token IDs: 0; incomplete requests: 0,Qwen/Qwen3-8B,identical,b2b1521babacbbbb47ee4977ae0e9e68dedfb81ea84fd969c2579d734789b830,cec73259ef6b1952599c9ec97de94f12f18e6321,NVIDIA H100 NVL,590.48.01,2.6.0+cu124,12.4,4.57.1,0.7.0,prefill-only,MPK,NORMAL,one_prefill_phase_then_decode,6210.0146484375,8553.967963218689,14763.982611656189,,,16.73966333310898,16.058080673217773,16.172224044799805,16.426934432983398,1911.6274541022558,1109.7276684046487,,[6210.0146484375],[8553.967963218689],,8,0.26666666666666666,0.0,0,0,30,20,True,"[[8, 8, 8, 8, 8, 8, 8, 8, 8, 8, 8, 8, 8, 8, 8, 8, 8, 8, 8, 8, 8, 8, 8, 8, 8, 8, 8, 8, 8, 8, 8, 8]]",0.9449265681521876,0.6136819595609224,,/data/home/hliu148/mirage/results/qwen3_3d_identical_b1_b64_repeat1/b32_in512_out512/summary.json
64,16,16,16,15,1,0,64,64,64,False,0.5625,93.3447265625,completed,,Qwen/Qwen3-8B,identical,4f2596aa9e037699b02fe05557864d5fd021a554c818ad47764e9725a849c54d,cec73259ef6b1952599c9ec97de94f12f18e6321,NVIDIA H100 NVL,590.48.01,2.6.0+cu124,12.4,4.57.1,0.7.0,normal,NORMAL,NORMAL,one_prefill_phase_then_decode,390.90338134765625,260.46316719055176,651.366548538208,,,17.364211146036784,16.22332763671875,16.471245193481444,30.792572593688956,3685.7418665176388,1572.07950315848,,[390.90338134765625],[260.46316719055176],,,,,0,0,16,11,True,,1.0,1.0,,/data/home/hliu148/mirage/results/qwen3_3d_identical_b1_b64_repeat1/b64_in16_out16/summary.json
64,16,16,16,15,1,0,64,64,64,False,0.5625,93.3447265625,completed,,Qwen/Qwen3-8B,identical,4f2596aa9e037699b02fe05557864d5fd021a554c818ad47764e9725a849c54d,cec73259ef6b1952599c9ec97de94f12f18e6321,NVIDIA H100 NVL,590.48.01,2.6.0+cu124,12.4,4.57.1,0.7.0,always,MPK,MPK,split_two_mpk_launches,271.5254821777344,143.53575134277344,415.0612335205078,,,9.56905008951823,,,,6688.229176488948,2467.1058564408304,,[271.5254821777344],[143.53575134277344],,16,1.0,1.0,0,0,16,11,True,"[[16, 16, 16, 16, 16, 16, 16, 16, 16, 16, 16, 16, 16, 16, 16, 16, 16, 16, 16, 16, 16, 16, 16, 16, 16, 16, 16, 16, 16, 16, 16, 16, 16, 16, 16, 16, 16, 16, 16, 16, 16, 16, 16, 16, 16, 16, 16, 16, 16, 16, 16, 16, 16, 16, 16, 16, 16, 16, 16, 16, 16, 16, 16, 16]]",1.8146222439630908,1.5693263931526011,,/data/home/hliu148/mirage/results/qwen3_3d_identical_b1_b64_repeat1/b64_in16_out16/summary.json
64,16,16,16,15,1,0,64,64,64,False,0.5625,93.3447265625,completed,,Qwen/Qwen3-8B,identical,4f2596aa9e037699b02fe05557864d5fd021a554c818ad47764e9725a849c54d,cec73259ef6b1952599c9ec97de94f12f18e6321,NVIDIA H100 NVL,590.48.01,2.6.0+cu124,12.4,4.57.1,0.7.0,always-continuous,MPK,MPK,continuous_one_mpk_launch,,,,597.0828857421875,1715.0047748013158,,,,,,,,,,[597.0828857421875],16,1.0,1.0,0,0,16,11,True,"[[16, 16, 16, 16, 16, 16, 16, 16, 16, 16, 16, 16, 16, 16, 16, 16, 16, 16, 16, 16, 16, 16, 16, 16, 16, 16, 16, 16, 16, 16, 16, 16, 16, 16, 16, 16, 16, 16, 16, 16, 16, 16, 16, 16, 16, 16, 16, 16, 16, 16, 16, 16, 16, 16, 16, 16, 16, 16, 16, 16, 16, 16, 16, 16]]",,,1.0909147860242967,/data/home/hliu148/mirage/results/qwen3_3d_identical_b1_b64_repeat1/b64_in16_out16/summary.json
64,16,16,16,15,1,0,64,64,64,False,0.5625,93.3447265625,completed,,Qwen/Qwen3-8B,identical,4f2596aa9e037699b02fe05557864d5fd021a554c818ad47764e9725a849c54d,cec73259ef6b1952599c9ec97de94f12f18e6321,NVIDIA H100 NVL,590.48.01,2.6.0+cu124,12.4,4.57.1,0.7.0,decode-only,NORMAL,MPK,one_prefill_phase_then_decode,355.446533203125,147.26480102539062,502.7113342285156,,,9.817653401692708,,,,6518.8693653582695,2036.9542723190802,,[355.446533203125],[147.26480102539062],,16,1.0,1.0,0,0,16,11,True,"[[16, 16, 16, 16, 16, 16, 16, 16, 16, 16, 16, 16, 16, 16, 16, 16, 16, 16, 16, 16, 16, 16, 16, 16, 16, 16, 16, 16, 16, 16, 16, 16, 16, 16, 16, 16, 16, 16, 16, 16, 16, 16, 16, 16, 16, 16, 16, 16, 16, 16, 16, 16, 16, 16, 16, 16, 16, 16, 16, 16, 16, 16, 16, 16]]",1.7686722514611217,1.2957069080963246,,/data/home/hliu148/mirage/results/qwen3_3d_identical_b1_b64_repeat1/b64_in16_out16/summary.json
64,16,16,16,15,1,0,64,64,64,False,0.5625,93.3447265625,completed,,Qwen/Qwen3-8B,identical,4f2596aa9e037699b02fe05557864d5fd021a554c818ad47764e9725a849c54d,cec73259ef6b1952599c9ec97de94f12f18e6321,NVIDIA H100 NVL,590.48.01,2.6.0+cu124,12.4,4.57.1,0.7.0,prefill-only,MPK,NORMAL,one_prefill_phase_then_decode,272.1148986816406,569.8422393798828,841.9571380615234,,,37.98948262532552,16.297536849975586,17.223756790161133,295.0217786025999,1684.676799397491,1216.2139302691846,,[272.1148986816406],[569.8422393798828],,16,1.0,1.0,0,0,16,11,True,"[[16, 16, 16, 16, 16, 16, 16, 16, 16, 16, 16, 16, 16, 16, 16, 16, 16, 16, 16, 16, 16, 16, 16, 16, 16, 16, 16, 16, 16, 16, 16, 16, 16, 16, 16, 16, 16, 16, 16, 16, 16, 16, 16, 16, 16, 16, 16, 16, 16, 16, 16, 16, 16, 16, 16, 16, 16, 16, 16, 16, 16, 16, 16, 16]]",0.45707943214949204,0.7736338574643825,,/data/home/hliu148/mirage/results/qwen3_3d_identical_b1_b64_repeat1/b64_in16_out16/summary.json
64,16,32,16,31,1,0,64,64,64,False,0.5625,93.3447265625,completed,,Qwen/Qwen3-8B,identical,4f2596aa9e037699b02fe05557864d5fd021a554c818ad47764e9725a849c54d,cec73259ef6b1952599c9ec97de94f12f18e6321,NVIDIA H100 NVL,590.48.01,2.6.0+cu124,12.4,4.57.1,0.7.0,normal,NORMAL,NORMAL,one_prefill_phase_then_decode,391.1072998046875,510.16101932525635,901.2683191299438,,,16.456807075008268,15.91926383972168,16.047199249267578,27.624412727355946,3888.968237173543,2272.3532565496976,,[391.1072998046875],[510.16101932525635],,,,,0,0,30,20,True,,1.0,1.0,,/data/home/hliu148/mirage/results/qwen3_3d_identical_b1_b64_repeat1/b64_in16_out32/summary.json
64,16,32,16,31,1,0,64,64,64,False,0.5625,93.3447265625,completed,,Qwen/Qwen3-8B,identical,4f2596aa9e037699b02fe05557864d5fd021a554c818ad47764e9725a849c54d,cec73259ef6b1952599c9ec97de94f12f18e6321,NVIDIA H100 NVL,590.48.01,2.6.0+cu124,12.4,4.57.1,0.7.0,always,MPK,MPK,split_two_mpk_launches,272.04913330078125,297.3601379394531,569.4092712402344,,,9.592262514175907,,,,6672.0442549834015,3596.7099649418014,,[272.04913330078125],[297.3601379394531],,30,1.0,1.0,0,0,30,20,True,"[[30, 30, 30, 30, 30, 30, 30, 30, 30, 30, 30, 30, 30, 30, 30, 30, 30, 30, 30, 30, 30, 30, 30, 30, 30, 30, 30, 30, 30, 30, 30, 30, 30, 30, 30, 30, 30, 30, 30, 30, 30, 30, 30, 30, 30, 30, 30, 30, 30, 30, 30, 30, 30, 30, 30, 30, 30, 30, 30, 30, 30, 30, 30, 30]]",1.7156335171902988,1.582812863525887,,/data/home/hliu148/mirage/results/qwen3_3d_identical_b1_b64_repeat1/b64_in16_out32/summary.json
64,16,32,16,31,1,0,64,64,64,False,0.5625,93.3447265625,completed,,Qwen/Qwen3-8B,identical,4f2596aa9e037699b02fe05557864d5fd021a554c818ad47764e9725a849c54d,cec73259ef6b1952599c9ec97de94f12f18e6321,NVIDIA H100 NVL,590.48.01,2.6.0+cu124,12.4,4.57.1,0.7.0,always-continuous,MPK,MPK,continuous_one_mpk_launch,,,,897.1893310546875,2282.6842998595193,,,,,,,,,,[897.1893310546875],30,1.0,1.0,0,0,30,20,True,"[[30, 30, 30, 30, 30, 30, 30, 30, 30, 30, 30, 30, 30, 30, 30, 30, 30, 30, 30, 30, 30, 30, 30, 30, 30, 30, 30, 30, 30, 30, 30, 30, 30, 30, 30, 30, 30, 30, 30, 30, 30, 30, 30, 30, 30, 30, 30, 30, 30, 30, 30, 30, 30, 30, 30, 30, 30, 30, 30, 30, 30, 30, 30, 30]]",,,1.00454640724546,/data/home/hliu148/mirage/results/qwen3_3d_identical_b1_b64_repeat1/b64_in16_out32/summary.json
64,16,32,16,31,1,0,64,64,64,False,0.5625,93.3447265625,correctness_failed,Batch match fraction: 0.633; passing-request fraction: 0.000; both require 0.667; invalid token IDs: 0; incomplete requests: 0,Qwen/Qwen3-8B,identical,4f2596aa9e037699b02fe05557864d5fd021a554c818ad47764e9725a849c54d,cec73259ef6b1952599c9ec97de94f12f18e6321,NVIDIA H100 NVL,590.48.01,2.6.0+cu124,12.4,4.57.1,0.7.0,decode-only,NORMAL,MPK,one_prefill_phase_then_decode,354.6002502441406,300.1143798828125,654.7146301269531,,,9.681109028477822,,,,6610.812853335134,3128.08039680262,,[354.6002502441406],[300.1143798828125],,19,0.6333333333333333,0.0,0,0,30,20,True,"[[19, 19, 19, 19, 19, 19, 19, 19, 19, 19, 19, 19, 19, 19, 19, 19, 19, 19, 19, 19, 19, 19, 19, 19, 19, 19, 19, 19, 19, 19, 19, 19, 19, 19, 19, 19, 19, 19, 19, 19, 19, 19, 19, 19, 19, 19, 19, 19, 19, 19, 19, 19, 19, 19, 19, 19, 19, 19, 19, 19, 19, 19, 19, 19]]",1.6998886208800192,1.3765819147117309,,/data/home/hliu148/mirage/results/qwen3_3d_identical_b1_b64_repeat1/b64_in16_out32/summary.json
64,16,32,16,31,1,0,64,64,64,False,0.5625,93.3447265625,completed,,Qwen/Qwen3-8B,identical,4f2596aa9e037699b02fe05557864d5fd021a554c818ad47764e9725a849c54d,cec73259ef6b1952599c9ec97de94f12f18e6321,NVIDIA H100 NVL,590.48.01,2.6.0+cu124,12.4,4.57.1,0.7.0,prefill-only,MPK,NORMAL,one_prefill_phase_then_decode,272.93817138671875,828.662015914917,1101.6001873016357,,,26.731032771448934,16.15932846069336,16.338016510009766,245.1170663833616,2394.2209995102608,1859.1136998774173,,[272.93817138671875],[828.662015914917],,29,0.9666666666666667,1.0,0,0,30,20,True,"[[29, 29, 29, 29, 29, 29, 29, 29, 29, 29, 29, 29, 29, 29, 29, 29, 29, 29, 29, 29, 29, 29, 29, 29, 29, 29, 29, 29, 29, 29, 29, 29, 29, 29, 29, 29, 29, 29, 29, 29, 29, 29, 29, 29, 29, 29, 29, 29, 29, 29, 29, 29, 29, 29, 29, 29, 29, 29, 29, 29, 29, 29, 29, 29]]",0.6156442669355285,0.8181446676562357,,/data/home/hliu148/mirage/results/qwen3_3d_identical_b1_b64_repeat1/b64_in16_out32/summary.json
64,16,64,16,63,1,0,128,64,64,False,1.125,93.3447265625,completed,,Qwen/Qwen3-8B,identical,4f2596aa9e037699b02fe05557864d5fd021a554c818ad47764e9725a849c54d,cec73259ef6b1952599c9ec97de94f12f18e6321,NVIDIA H100 NVL,590.48.01,2.6.0+cu124,12.4,4.57.1,0.7.0,normal,NORMAL,NORMAL,one_prefill_phase_then_decode,396.0715026855469,1027.6354875564575,1423.7069902420044,,,16.311674405658056,16.013408660888672,16.16879997253418,23.46259193420415,3923.5702239005104,2876.996480366901,,[396.0715026855469],[1027.6354875564575],,,,,0,0,30,20,True,,1.0,1.0,,/data/home/hliu148/mirage/results/qwen3_3d_identical_b1_b64_repeat1/b64_in16_out64/summary.json
64,16,64,16,63,1,0,128,64,64,False,1.125,93.3447265625,completed,,Qwen/Qwen3-8B,identical,4f2596aa9e037699b02fe05557864d5fd021a554c818ad47764e9725a849c54d,cec73259ef6b1952599c9ec97de94f12f18e6321,NVIDIA H100 NVL,590.48.01,2.6.0+cu124,12.4,4.57.1,0.7.0,always,MPK,MPK,split_two_mpk_launches,272.72265625,608.9926147460938,881.7152709960938,,,9.666549440414187,,,,6620.769944280942,4645.49059626999,,[272.72265625],[608.9926147460938],,30,1.0,1.0,0,0,30,20,True,"[[30, 30, 30, 30, 30, 30, 30, 30, 30, 30, 30, 30, 30, 30, 30, 30, 30, 30, 30, 30, 30, 30, 30, 30, 30, 30, 30, 30, 30, 30, 30, 30, 30, 30, 30, 30, 30, 30, 30, 30, 30, 30, 30, 30, 30, 30, 30, 30, 30, 30, 30, 30, 30, 30, 30, 30, 30, 30, 30, 30, 30, 30, 30, 30]]",1.6874350569668366,1.614701522219991,,/data/home/hliu148/mirage/results/qwen3_3d_identical_b1_b64_repeat1/b64_in16_out64/summary.json
64,16,64,16,63,1,0,128,64,64,False,1.125,93.3447265625,completed,,Qwen/Qwen3-8B,identical,4f2596aa9e037699b02fe05557864d5fd021a554c818ad47764e9725a849c54d,cec73259ef6b1952599c9ec97de94f12f18e6321,NVIDIA H100 NVL,590.48.01,2.6.0+cu124,12.4,4.57.1,0.7.0,always-continuous,MPK,MPK,continuous_one_mpk_launch,,,,1466.5726318359375,2792.906338960109,,,,,,,,,,[1466.5726318359375],30,1.0,1.0,0,0,30,20,True,"[[30, 30, 30, 30, 30, 30, 30, 30, 30, 30, 30, 30, 30, 30, 30, 30, 30, 30, 30, 30, 30, 30, 30, 30, 30, 30, 30, 30, 30, 30, 30, 30, 30, 30, 30, 30, 30, 30, 30, 30, 30, 30, 30, 30, 30, 30, 30, 30, 30, 30, 30, 30, 30, 30, 30, 30, 30, 30, 30, 30, 30, 30, 30, 30]]",,,0.9707715522140411,/data/home/hliu148/mirage/results/qwen3_3d_identical_b1_b64_repeat1/b64_in16_out64/summary.json
64,16,64,16,63,1,0,128,64,64,False,1.125,93.3447265625,correctness_failed,Batch match fraction: 0.633; passing-request fraction: 0.000; both require 0.667; invalid token IDs: 0; incomplete requests: 0,Qwen/Qwen3-8B,identical,4f2596aa9e037699b02fe05557864d5fd021a554c818ad47764e9725a849c54d,cec73259ef6b1952599c9ec97de94f12f18e6321,NVIDIA H100 NVL,590.48.01,2.6.0+cu124,12.4,4.57.1,0.7.0,decode-only,NORMAL,MPK,one_prefill_phase_then_decode,359.3649597167969,614.3856811523438,973.7506408691406,,,9.752153669084821,,,,6562.652945357659,4206.415716804082,,[359.3649597167969],[614.3856811523438],,19,0.6333333333333333,0.0,0,0,30,20,True,"[[19, 19, 19, 19, 19, 19, 19, 19, 19, 19, 19, 19, 19, 19, 19, 19, 19, 19, 19, 19, 19, 19, 19, 19, 19, 19, 19, 19, 19, 19, 19, 19, 19, 19, 19, 19, 19, 19, 19, 19, 19, 19, 19, 19, 19, 19, 19, 19, 19, 19, 19, 19, 19, 19, 19, 19, 19, 19, 19, 19, 19, 19, 19, 19]]",1.6726227825313589,1.4620858056342292,,/data/home/hliu148/mirage/results/qwen3_3d_identical_b1_b64_repeat1/b64_in16_out64/summary.json
64,16,64,16,63,1,0,128,64,64,False,1.125,93.3447265625,completed,,Qwen/Qwen3-8B,identical,4f2596aa9e037699b02fe05557864d5fd021a554c818ad47764e9725a849c54d,cec73259ef6b1952599c9ec97de94f12f18e6321,NVIDIA H100 NVL,590.48.01,2.6.0+cu124,12.4,4.57.1,0.7.0,prefill-only,MPK,NORMAL,one_prefill_phase_then_decode,274.0004577636719,1345.230390548706,1619.230848312378,,,21.352863342042955,16.159008026123047,16.34710350036621,140.35249187469566,2997.2561044769345,2529.5960759820023,,[274.0004577636719],[1345.230390548706],,29,0.9666666666666667,1.0,0,0,30,20,True,"[[29, 29, 29, 29, 29, 29, 29, 29, 29, 29, 29, 29, 29, 29, 29, 29, 29, 29, 29, 29, 29, 29, 29, 29, 29, 29, 29, 29, 29, 29, 29, 29, 29, 29, 29, 29, 29, 29, 29, 29, 29, 29, 29, 29, 29, 29, 29, 29, 29, 29, 29, 29, 29, 29, 29, 29, 29, 29, 29, 29, 29, 29, 29, 29]]",0.763910401353106,0.8792489296543753,,/data/home/hliu148/mirage/results/qwen3_3d_identical_b1_b64_repeat1/b64_in16_out64/summary.json
64,16,128,16,127,1,0,256,64,64,False,2.25,93.3447265625,completed,,Qwen/Qwen3-8B,identical,4f2596aa9e037699b02fe05557864d5fd021a554c818ad47764e9725a849c54d,cec73259ef6b1952599c9ec97de94f12f18e6321,NVIDIA H100 NVL,590.48.01,2.6.0+cu124,12.4,4.57.1,0.7.0,normal,NORMAL,NORMAL,one_prefill_phase_then_decode,388.519775390625,2040.7742719650269,2429.294047355652,,,16.069088755630133,15.909952163696289,16.0608642578125,17.667792663574208,3982.8020725553774,3372.173084158832,,[388.519775390625],[2040.7742719650269],,,,,0,0,30,20,True,,1.0,1.0,,/data/home/hliu148/mirage/results/qwen3_3d_identical_b1_b64_repeat1/b64_in16_out128/summary.json
64,16,128,16,127,1,0,256,64,64,False,2.25,93.3447265625,completed,,Qwen/Qwen3-8B,identical,4f2596aa9e037699b02fe05557864d5fd021a554c818ad47764e9725a849c54d,cec73259ef6b1952599c9ec97de94f12f18e6321,NVIDIA H100 NVL,590.48.01,2.6.0+cu124,12.4,4.57.1,0.7.0,always,MPK,MPK,split_two_mpk_launches,272.29522705078125,1245.7547607421875,1518.0499877929688,,,9.809092604269193,,,,6524.558650016761,5396.396736519867,,[272.29522705078125],[1245.7547607421875],,30,1.0,1.0,0,0,30,20,True,"[[30, 30, 30, 30, 30, 30, 30, 30, 30, 30, 30, 30, 30, 30, 30, 30, 30, 30, 30, 30, 30, 30, 30, 30, 30, 30, 30, 30, 30, 30, 30, 30, 30, 30, 30, 30, 30, 30, 30, 30, 30, 30, 30, 30, 30, 30, 30, 30, 30, 30, 30, 30, 30, 30, 30, 30, 30, 30, 30, 30, 30, 30, 30, 30]]",1.6381830006005258,1.6002727623531712,,/data/home/hliu148/mirage/results/qwen3_3d_identical_b1_b64_repeat1/b64_in16_out128/summary.json
64,16,128,16,127,1,0,256,64,64,False,2.25,93.3447265625,completed,,Qwen/Qwen3-8B,identical,4f2596aa9e037699b02fe05557864d5fd021a554c818ad47764e9725a849c54d,cec73259ef6b1952599c9ec97de94f12f18e6321,NVIDIA H100 NVL,590.48.01,2.6.0+cu124,12.4,4.57.1,0.7.0,always-continuous,MPK,MPK,continuous_one_mpk_launch,,,,2200.440185546875,3722.8914713553295,,,,,,,,,,[2200.440185546875],30,1.0,1.0,0,0,30,20,True,"[[30, 30, 30, 30, 30, 30, 30, 30, 30, 30, 30, 30, 30, 30, 30, 30, 30, 30, 30, 30, 30, 30, 30, 30, 30, 30, 30, 30, 30, 30, 30, 30, 30, 30, 30, 30, 30, 30, 30, 30, 30, 30, 30, 30, 30, 30, 30, 30, 30, 30, 30, 30, 30, 30, 30, 30, 30, 30, 30, 30, 30, 30, 30, 30]]",,,1.1040036731341096,/data/home/hliu148/mirage/results/qwen3_3d_identical_b1_b64_repeat1/b64_in16_out128/summary.json
64,16,128,16,127,1,0,256,64,64,False,2.25,93.3447265625,correctness_failed,Batch match fraction: 0.633; passing-request fraction: 0.000; both require 0.667; invalid token IDs: 0; incomplete requests: 0,Qwen/Qwen3-8B,identical,4f2596aa9e037699b02fe05557864d5fd021a554c818ad47764e9725a849c54d,cec73259ef6b1952599c9ec97de94f12f18e6321,NVIDIA H100 NVL,590.48.01,2.6.0+cu124,12.4,4.57.1,0.7.0,decode-only,NORMAL,MPK,one_prefill_phase_then_decode,361.34539794921875,1250.48486328125,1611.8302612304688,,,9.846337506151574,,,,6499.878757966148,5082.421019782963,,[361.34539794921875],[1250.48486328125],,19,0.6333333333333333,0.0,0,0,30,20,True,"[[19, 19, 19, 19, 19, 19, 19, 19, 19, 19, 19, 19, 19, 19, 19, 19, 19, 19, 19, 19, 19, 19, 19, 19, 19, 19, 19, 19, 19, 19, 19, 19, 19, 19, 19, 19, 19, 19, 19, 19, 19, 19, 19, 19, 19, 19, 19, 19, 19, 19, 19, 19, 19, 19, 19, 19, 19, 19, 19, 19, 19, 19, 19, 19]]",1.6319863853530154,1.5071649328020014,,/data/home/hliu148/mirage/results/qwen3_3d_identical_b1_b64_repeat1/b64_in16_out128/summary.json
64,16,128,16,127,1,0,256,64,64,False,2.25,93.3447265625,completed,,Qwen/Qwen3-8B,identical,4f2596aa9e037699b02fe05557864d5fd021a554c818ad47764e9725a849c54d,cec73259ef6b1952599c9ec97de94f12f18e6321,NVIDIA H100 NVL,590.48.01,2.6.0+cu124,12.4,4.57.1,0.7.0,prefill-only,MPK,NORMAL,one_prefill_phase_then_decode,274.2109375,2367.9522495269775,2642.1631870269775,,,18.645293303362028,16.04102325439453,16.23734474182129,17.198424263000486,3432.501648470171,3100.489795718419,,[274.2109375],[2367.9522495269775],,29,0.9666666666666667,1.0,0,0,30,20,True,"[[29, 29, 29, 29, 29, 29, 29, 29, 29, 29, 29, 29, 29, 29, 29, 29, 29, 29, 29, 29, 29, 29, 29, 29, 29, 29, 29, 29, 29, 29, 29, 29, 29, 29, 29, 29, 29, 29, 29, 29, 29, 29, 29, 29, 29, 29, 29, 29, 29, 29, 29, 29, 29, 29, 29, 29, 29, 29, 29, 29, 29, 29, 29, 29]]",0.861830838173655,0.9194337652130976,,/data/home/hliu148/mirage/results/qwen3_3d_identical_b1_b64_repeat1/b64_in16_out128/summary.json
64,16,256,16,255,1,0,512,64,64,False,4.5,93.3447265625,completed,,Qwen/Qwen3-8B,identical,4f2596aa9e037699b02fe05557864d5fd021a554c818ad47764e9725a849c54d,cec73259ef6b1952599c9ec97de94f12f18e6321,NVIDIA H100 NVL,590.48.01,2.6.0+cu124,12.4,4.57.1,0.7.0,normal,NORMAL,NORMAL,one_prefill_phase_then_decode,391.19000244140625,4054.826629638672,4446.016632080078,,,15.901280900543812,15.821311950683594,15.988089561462402,16.390500259399417,4024.832993033363,3685.096425816723,,[391.19000244140625],[4054.826629638672],,,,,0,0,30,20,True,,1.0,1.0,,/data/home/hliu148/mirage/results/qwen3_3d_identical_b1_b64_repeat1/b64_in16_out256/summary.json
64,16,256,16,255,1,0,512,64,64,False,4.5,93.3447265625,completed,,Qwen/Qwen3-8B,identical,4f2596aa9e037699b02fe05557864d5fd021a554c818ad47764e9725a849c54d,cec73259ef6b1952599c9ec97de94f12f18e6321,NVIDIA H100 NVL,590.48.01,2.6.0+cu124,12.4,4.57.1,0.7.0,always,MPK,MPK,split_two_mpk_launches,273.2814025878906,2570.0380859375,2843.3194885253906,,,10.078580729166667,,,,6350.100447654176,5762.27893703817,,[273.2814025878906],[2570.0380859375],,30,1.0,1.0,0,0,30,20,True,"[[30, 30, 30, 30, 30, 30, 30, 30, 30, 30, 30, 30, 30, 30, 30, 30, 30, 30, 30, 30, 30, 30, 30, 30, 30, 30, 30, 30, 30, 30, 30, 30, 30, 30, 30, 30, 30, 30, 30, 30, 30, 30, 30, 30, 30, 30, 30, 30, 30, 30, 30, 30, 30, 30, 30, 30, 30, 30, 30, 30, 30, 30, 30, 30]]",1.577730171325282,1.5636711421360117,,/data/home/hliu148/mirage/results/qwen3_3d_identical_b1_b64_repeat1/b64_in16_out256/summary.json
64,16,256,16,255,1,0,512,64,64,False,4.5,93.3447265625,completed,,Qwen/Qwen3-8B,identical,4f2596aa9e037699b02fe05557864d5fd021a554c818ad47764e9725a849c54d,cec73259ef6b1952599c9ec97de94f12f18e6321,NVIDIA H100 NVL,590.48.01,2.6.0+cu124,12.4,4.57.1,0.7.0,always-continuous,MPK,MPK,continuous_one_mpk_launch,,,,3585.286376953125,4569.788373202024,,,,,,,,,,[3585.286376953125],30,1.0,1.0,0,0,30,20,True,"[[30, 30, 30, 30, 30, 30, 30, 30, 30, 30, 30, 30, 30, 30, 30, 30, 30, 30, 30, 30, 30, 30, 30, 30, 30, 30, 30, 30, 30, 30, 30, 30, 30, 30, 30, 30, 30, 30, 30, 30, 30, 30, 30, 30, 30, 30, 30, 30, 30, 30, 30, 30, 30, 30, 30, 30, 30, 30, 30, 30, 30, 30, 30, 30]]",,,1.2400729438685525,/data/home/hliu148/mirage/results/qwen3_3d_identical_b1_b64_repeat1/b64_in16_out256/summary.json
64,16,256,16,255,1,0,512,64,64,False,4.5,93.3447265625,correctness_failed,Batch match fraction: 0.633; passing-request fraction: 0.000; both require 0.667; invalid token IDs: 0; incomplete requests: 0,Qwen/Qwen3-8B,identical,4f2596aa9e037699b02fe05557864d5fd021a554c818ad47764e9725a849c54d,cec73259ef6b1952599c9ec97de94f12f18e6321,NVIDIA H100 NVL,590.48.01,2.6.0+cu124,12.4,4.57.1,0.7.0,decode-only,NORMAL,MPK,one_prefill_phase_then_decode,357.0682678222656,2571.0595703125,2928.1278381347656,,,10.082586550245098,,,,6347.577546799657,5595.384117667725,,[357.0682678222656],[2571.0595703125],,19,0.6333333333333333,0.0,0,0,30,20,True,"[[19, 19, 19, 19, 19, 19, 19, 19, 19, 19, 19, 19, 19, 19, 19, 19, 19, 19, 19, 19, 19, 19, 19, 19, 19, 19, 19, 19, 19, 19, 19, 19, 19, 19, 19, 19, 19, 19, 19, 19, 19, 19, 19, 19, 19, 19, 19, 19, 19, 19, 19, 19, 19, 19, 19, 19, 19, 19, 19, 19, 19, 19, 19, 19]]",1.5771033376507209,1.518382009889369,,/data/home/hliu148/mirage/results/qwen3_3d_identical_b1_b64_repeat1/b64_in16_out256/summary.json
64,16,256,16,255,1,0,512,64,64,False,4.5,93.3447265625,completed,,Qwen/Qwen3-8B,identical,4f2596aa9e037699b02fe05557864d5fd021a554c818ad47764e9725a849c54d,cec73259ef6b1952599c9ec97de94f12f18e6321,NVIDIA H100 NVL,590.48.01,2.6.0+cu124,12.4,4.57.1,0.7.0,prefill-only,MPK,NORMAL,one_prefill_phase_then_decode,273.032958984375,4415.458048820496,4688.491007804871,,,17.315521760080376,16.011775970458984,16.145746994018555,16.96511070251465,3696.105776468553,3494.5145405474314,,[273.032958984375],[4415.458048820496],,29,0.9666666666666667,1.0,0,0,30,20,True,"[[29, 29, 29, 29, 29, 29, 29, 29, 29, 29, 29, 29, 29, 29, 29, 29, 29, 29, 29, 29, 29, 29, 29, 29, 29, 29, 29, 29, 29, 29, 29, 29, 29, 29, 29, 29, 29, 29, 29, 29, 29, 29, 29, 29, 29, 29, 29, 29, 29, 29, 29, 29, 29, 29, 29, 29, 29, 29, 29, 29, 29, 29, 29, 29]]",0.918325252964829,0.9482830669140351,,/data/home/hliu148/mirage/results/qwen3_3d_identical_b1_b64_repeat1/b64_in16_out256/summary.json
64,16,512,16,511,1,0,1024,64,64,False,9.0,93.3447265625,completed,,Qwen/Qwen3-8B,identical,4f2596aa9e037699b02fe05557864d5fd021a554c818ad47764e9725a849c54d,cec73259ef6b1952599c9ec97de94f12f18e6321,NVIDIA H100 NVL,590.48.01,2.6.0+cu124,12.4,4.57.1,0.7.0,normal,NORMAL,NORMAL,one_prefill_phase_then_decode,392.81640625,8176.001404762268,8568.817811012268,,,16.000002749045535,15.951199531555176,16.07855987548828,16.444854545593262,3999.9993127387343,3824.0981104637335,,[392.81640625],[8176.001404762268],,,,,0,0,30,20,True,,1.0,1.0,,/data/home/hliu148/mirage/results/qwen3_3d_identical_b1_b64_repeat1/b64_in16_out512/summary.json
64,16,512,16,511,1,0,1024,64,64,False,9.0,93.3447265625,completed,,Qwen/Qwen3-8B,identical,4f2596aa9e037699b02fe05557864d5fd021a554c818ad47764e9725a849c54d,cec73259ef6b1952599c9ec97de94f12f18e6321,NVIDIA H100 NVL,590.48.01,2.6.0+cu124,12.4,4.57.1,0.7.0,always,MPK,MPK,split_two_mpk_launches,273.1719665527344,5454.66796875,5727.839935302734,,,10.674497003424657,,,,5995.598666566409,5720.830255405541,,[273.1719665527344],[5454.66796875],,30,1.0,1.0,0,0,30,20,True,"[[30, 30, 30, 30, 30, 30, 30, 30, 30, 30, 30, 30, 30, 30, 30, 30, 30, 30, 30, 30, 30, 30, 30, 30, 30, 30, 30, 30, 30, 30, 30, 30, 30, 30, 30, 30, 30, 30, 30, 30, 30, 30, 30, 30, 30, 30, 30, 30, 30, 30, 30, 30, 30, 30, 30, 30, 30, 30, 30, 30, 30, 30, 30, 30]]",1.4988999241755667,1.495994634591579,,/data/home/hliu148/mirage/results/qwen3_3d_identical_b1_b64_repeat1/b64_in16_out512/summary.json
64,16,512,16,511,1,0,1024,64,64,False,9.0,93.3447265625,completed,,Qwen/Qwen3-8B,identical,4f2596aa9e037699b02fe05557864d5fd021a554c818ad47764e9725a849c54d,cec73259ef6b1952599c9ec97de94f12f18e6321,NVIDIA H100 NVL,590.48.01,2.6.0+cu124,12.4,4.57.1,0.7.0,always-continuous,MPK,MPK,continuous_one_mpk_launch,,,,6585.48876953125,4975.788608372709,,,,,,,,,,[6585.48876953125],30,1.0,1.0,0,0,30,20,True,"[[30, 30, 30, 30, 30, 30, 30, 30, 30, 30, 30, 30, 30, 30, 30, 30, 30, 30, 30, 30, 30, 30, 30, 30, 30, 30, 30, 30, 30, 30, 30, 30, 30, 30, 30, 30, 30, 30, 30, 30, 30, 30, 30, 30, 30, 30, 30, 30, 30, 30, 30, 30, 30, 30, 30, 30, 30, 30, 30, 30, 30, 30, 30, 30]]",,,1.3011665665056156,/data/home/hliu148/mirage/results/qwen3_3d_identical_b1_b64_repeat1/b64_in16_out512/summary.json
64,16,512,16,511,1,0,1024,64,64,False,9.0,93.3447265625,correctness_failed,Batch match fraction: 0.633; passing-request fraction: 0.000; both require 0.667; invalid token IDs: 0; incomplete requests: 0,Qwen/Qwen3-8B,identical,4f2596aa9e037699b02fe05557864d5fd021a554c818ad47764e9725a849c54d,cec73259ef6b1952599c9ec97de94f12f18e6321,NVIDIA H100 NVL,590.48.01,2.6.0+cu124,12.4,4.57.1,0.7.0,decode-only,NORMAL,MPK,one_prefill_phase_then_decode,353.6233215332031,5451.80810546875,5805.431427001953,,,10.668900402091488,,,,5998.743786890513,5644.3694860628275,,[353.6233215332031],[5451.80810546875],,19,0.6333333333333333,0.0,0,0,30,20,True,"[[19, 19, 19, 19, 19, 19, 19, 19, 19, 19, 19, 19, 19, 19, 19, 19, 19, 19, 19, 19, 19, 19, 19, 19, 19, 19, 19, 19, 19, 19, 19, 19, 19, 19, 19, 19, 19, 19, 19, 19, 19, 19, 19, 19, 19, 19, 19, 19, 19, 19, 19, 19, 19, 19, 19, 19, 19, 19, 19, 19, 19, 19, 19, 19]]",1.4996862043916879,1.4760001765170079,,/data/home/hliu148/mirage/results/qwen3_3d_identical_b1_b64_repeat1/b64_in16_out512/summary.json
64,16,512,16,511,1,0,1024,64,64,False,9.0,93.3447265625,completed,,Qwen/Qwen3-8B,identical,4f2596aa9e037699b02fe05557864d5fd021a554c818ad47764e9725a849c54d,cec73259ef6b1952599c9ec97de94f12f18e6321,NVIDIA H100 NVL,590.48.01,2.6.0+cu124,12.4,4.57.1,0.7.0,prefill-only,MPK,NORMAL,one_prefill_phase_then_decode,274.1706848144531,8614.025650978088,8888.196335792542,,,16.85719305475164,16.18627166748047,16.316511154174805,16.99078674316405,3796.5988638873614,3686.6872379994684,,[274.1706848144531],[8614.025650978088],,29,0.9666666666666667,1.0,0,0,30,20,True,"[[29, 29, 29, 29, 29, 29, 29, 29, 29, 29, 29, 29, 29, 29, 29, 29, 29, 29, 29, 29, 29, 29, 29, 29, 29, 29, 29, 29, 29, 29, 29, 29, 29, 29, 29, 29, 29, 29, 29, 29, 29, 29, 29, 29, 29, 29, 29, 29, 29, 29, 29, 29, 29, 29, 29, 29, 29, 29, 29, 29, 29, 29, 29, 29]]",0.9491498790503271,0.9640671163513632,,/data/home/hliu148/mirage/results/qwen3_3d_identical_b1_b64_repeat1/b64_in16_out512/summary.json
64,32,16,32,15,1,0,64,64,64,False,0.5625,93.3447265625,completed,,Qwen/Qwen3-8B,identical,85dbb5a41385188deedf671e2fb37373842f61342dfaa7c7ee9a0d900487fd75,cec73259ef6b1952599c9ec97de94f12f18e6321,NVIDIA H100 NVL,590.48.01,2.6.0+cu124,12.4,4.57.1,0.7.0,normal,NORMAL,NORMAL,one_prefill_phase_then_decode,430.1547546386719,258.06428623199463,688.2190408706665,,,17.20428574879964,15.99824047088623,16.12196464538574,31.815721321105947,3720.00331396875,1487.8983858170166,,[430.1547546386719],[258.06428623199463],,,,,0,0,16,11,True,,1.0,1.0,,/data/home/hliu148/mirage/results/qwen3_3d_identical_b1_b64_repeat1/b64_in32_out16/summary.json
64,32,16,32,15,1,0,64,64,64,False,0.5625,93.3447265625,completed,,Qwen/Qwen3-8B,identical,85dbb5a41385188deedf671e2fb37373842f61342dfaa7c7ee9a0d900487fd75,cec73259ef6b1952599c9ec97de94f12f18e6321,NVIDIA H100 NVL,590.48.01,2.6.0+cu124,12.4,4.57.1,0.7.0,always,MPK,MPK,split_two_mpk_launches,542.4076538085938,144.41317749023438,686.8208312988281,,,9.627545166015626,,,,6647.592807553299,1490.9274054247037,,[542.4076538085938],[144.41317749023438],,16,1.0,1.0,0,0,16,11,True,"[[16, 16, 16, 16, 16, 16, 16, 16, 16, 16, 16, 16, 16, 16, 16, 16, 16, 16, 16, 16, 16, 16, 16, 16, 16, 16, 16, 16, 16, 16, 16, 16, 16, 16, 16, 16, 16, 16, 16, 16, 16, 16, 16, 16, 16, 16, 16, 16, 16, 16, 16, 16, 16, 16, 16, 16, 16, 16, 16, 16, 16, 16, 16, 16]]",1.786985721918941,1.0020357704777159,,/data/home/hliu148/mirage/results/qwen3_3d_identical_b1_b64_repeat1/b64_in32_out16/summary.json
64,32,16,32,15,1,0,64,64,64,False,0.5625,93.3447265625,completed,,Qwen/Qwen3-8B,identical,85dbb5a41385188deedf671e2fb37373842f61342dfaa7c7ee9a0d900487fd75,cec73259ef6b1952599c9ec97de94f12f18e6321,NVIDIA H100 NVL,590.48.01,2.6.0+cu124,12.4,4.57.1,0.7.0,always-continuous,MPK,MPK,continuous_one_mpk_launch,,,,888.0919799804688,1153.0337206992008,,,,,,,,,,[888.0919799804688],16,1.0,1.0,0,0,16,11,True,"[[16, 16, 16, 16, 16, 16, 16, 16, 16, 16, 16, 16, 16, 16, 16, 16, 16, 16, 16, 16, 16, 16, 16, 16, 16, 16, 16, 16, 16, 16, 16, 16, 16, 16, 16, 16, 16, 16, 16, 16, 16, 16, 16, 16, 16, 16, 16, 16, 16, 16, 16, 16, 16, 16, 16, 16, 16, 16, 16, 16, 16, 16, 16, 16]]",,,0.7749411731944725,/data/home/hliu148/mirage/results/qwen3_3d_identical_b1_b64_repeat1/b64_in32_out16/summary.json
64,32,16,32,15,1,0,64,64,64,False,0.5625,93.3447265625,completed,,Qwen/Qwen3-8B,identical,85dbb5a41385188deedf671e2fb37373842f61342dfaa7c7ee9a0d900487fd75,cec73259ef6b1952599c9ec97de94f12f18e6321,NVIDIA H100 NVL,590.48.01,2.6.0+cu124,12.4,4.57.1,0.7.0,decode-only,NORMAL,MPK,one_prefill_phase_then_decode,394.3484802246094,150.27987670898438,544.6283569335938,,,10.018658447265626,,,,6388.0808330647715,1880.1812042351216,,[394.3484802246094],[150.27987670898438],,16,1.0,1.0,0,0,16,11,True,"[[16, 16, 16, 16, 16, 16, 16, 16, 16, 16, 16, 16, 16, 16, 16, 16, 16, 16, 16, 16, 16, 16, 16, 16, 16, 16, 16, 16, 16, 16, 16, 16, 16, 16, 16, 16, 16, 16, 16, 16, 16, 16, 16, 16, 16, 16, 16, 16, 16, 16, 16, 16, 16, 16, 16, 16, 16, 16, 16, 16, 16, 16, 16, 16]]",1.7172245006011935,1.2636489307048342,,/data/home/hliu148/mirage/results/qwen3_3d_identical_b1_b64_repeat1/b64_in32_out16/summary.json
64,32,16,32,15,1,0,64,64,64,False,0.5625,93.3447265625,completed,,Qwen/Qwen3-8B,identical,85dbb5a41385188deedf671e2fb37373842f61342dfaa7c7ee9a0d900487fd75,cec73259ef6b1952599c9ec97de94f12f18e6321,NVIDIA H100 NVL,590.48.01,2.6.0+cu124,12.4,4.57.1,0.7.0,prefill-only,MPK,NORMAL,one_prefill_phase_then_decode,542.58740234375,567.4993543624878,1110.0867567062378,,,37.83329029083252,16.112096786499023,16.727104568481444,295.95314922332744,1691.6318804951522,922.4504245400894,,[542.58740234375],[567.4993543624878],,16,1.0,1.0,0,0,16,11,True,"[[16, 16, 16, 16, 16, 16, 16, 16, 16, 16, 16, 16, 16, 16, 16, 16, 16, 16, 16, 16, 16, 16, 16, 16, 16, 16, 16, 16, 16, 16, 16, 16, 16, 16, 16, 16, 16, 16, 16, 16, 16, 16, 16, 16, 16, 16, 16, 16, 16, 16, 16, 16, 16, 16, 16, 16, 16, 16, 16, 16, 16, 16, 16, 16]]",0.45473934771590446,0.6199686976833197,,/data/home/hliu148/mirage/results/qwen3_3d_identical_b1_b64_repeat1/b64_in32_out16/summary.json
64,32,32,32,31,1,0,64,64,64,False,0.5625,93.3447265625,completed,,Qwen/Qwen3-8B,identical,85dbb5a41385188deedf671e2fb37373842f61342dfaa7c7ee9a0d900487fd75,cec73259ef6b1952599c9ec97de94f12f18e6321,NVIDIA H100 NVL,590.48.01,2.6.0+cu124,12.4,4.57.1,0.7.0,normal,NORMAL,NORMAL,one_prefill_phase_then_decode,429.0134582519531,520.8353309631348,949.8487892150879,,,16.80113970848822,16.22275161743164,16.323488235473633,28.71500759124755,3809.2653897560367,2156.132663697318,,[429.0134582519531],[520.8353309631348],,,,,0,0,30,20,True,,1.0,1.0,,/data/home/hliu148/mirage/results/qwen3_3d_identical_b1_b64_repeat1/b64_in32_out32/summary.json
64,32,32,32,31,1,0,64,64,64,False,0.5625,93.3447265625,completed,,Qwen/Qwen3-8B,identical,85dbb5a41385188deedf671e2fb37373842f61342dfaa7c7ee9a0d900487fd75,cec73259ef6b1952599c9ec97de94f12f18e6321,NVIDIA H100 NVL,590.48.01,2.6.0+cu124,12.4,4.57.1,0.7.0,always,MPK,MPK,split_two_mpk_launches,541.8535766601562,298.8365478515625,840.6901245117188,,,9.639888640372984,,,,6639.0808429010785,2436.093799947393,,[541.8535766601562],[298.8365478515625],,30,1.0,1.0,0,0,30,20,True,"[[30, 30, 30, 30, 30, 30, 30, 30, 30, 30, 30, 30, 30, 30, 30, 30, 30, 30, 30, 30, 30, 30, 30, 30, 30, 30, 30, 30, 30, 30, 30, 30, 30, 30, 30, 30, 30, 30, 30, 30, 30, 30, 30, 30, 30, 30, 30, 30, 30, 30, 30, 30, 30, 30, 30, 30, 30, 30, 30, 30, 30, 30, 30, 30]]",1.7428769496488865,1.1298441144015694,,/data/home/hliu148/mirage/results/qwen3_3d_identical_b1_b64_repeat1/b64_in32_out32/summary.json
64,32,32,32,31,1,0,64,64,64,False,0.5625,93.3447265625,completed,,Qwen/Qwen3-8B,identical,85dbb5a41385188deedf671e2fb37373842f61342dfaa7c7ee9a0d900487fd75,cec73259ef6b1952599c9ec97de94f12f18e6321,NVIDIA H100 NVL,590.48.01,2.6.0+cu124,12.4,4.57.1,0.7.0,always-continuous,MPK,MPK,continuous_one_mpk_launch,,,,1216.840087890625,1683.0477729823801,,,,,,,,,,[1216.840087890625],30,1.0,1.0,0,0,30,20,True,"[[30, 30, 30, 30, 30, 30, 30, 30, 30, 30, 30, 30, 30, 30, 30, 30, 30, 30, 30, 30, 30, 30, 30, 30, 30, 30, 30, 30, 30, 30, 30, 30, 30, 30, 30, 30, 30, 30, 30, 30, 30, 30, 30, 30, 30, 30, 30, 30, 30, 30, 30, 30, 30, 30, 30, 30, 30, 30, 30, 30, 30, 30, 30, 30]]",,,0.7805863717570624,/data/home/hliu148/mirage/results/qwen3_3d_identical_b1_b64_repeat1/b64_in32_out32/summary.json
64,32,32,32,31,1,0,64,64,64,False,0.5625,93.3447265625,completed,,Qwen/Qwen3-8B,identical,85dbb5a41385188deedf671e2fb37373842f61342dfaa7c7ee9a0d900487fd75,cec73259ef6b1952599c9ec97de94f12f18e6321,NVIDIA H100 NVL,590.48.01,2.6.0+cu124,12.4,4.57.1,0.7.0,decode-only,NORMAL,MPK,one_prefill_phase_then_decode,398.5381164550781,305.47637939453125,704.0144958496094,,,9.854076754662298,,,,6494.773847759957,2909.031010119273,,[398.5381164550781],[305.47637939453125],,30,1.0,1.0,0,0,30,20,True,"[[30, 30, 30, 30, 30, 30, 30, 30, 30, 30, 30, 30, 30, 30, 30, 30, 30, 30, 30, 30, 30, 30, 30, 30, 30, 30, 30, 30, 30, 30, 30, 30, 30, 30, 30, 30, 30, 30, 30, 30, 30, 30, 30, 30, 30, 30, 30, 30, 30, 30, 30, 30, 30, 30, 30, 30, 30, 30, 30, 30, 30, 30, 30, 30]]",1.7049937936132908,1.3491892493901054,,/data/home/hliu148/mirage/results/qwen3_3d_identical_b1_b64_repeat1/b64_in32_out32/summary.json
64,32,32,32,31,1,0,64,64,64,False,0.5625,93.3447265625,completed,,Qwen/Qwen3-8B,identical,85dbb5a41385188deedf671e2fb37373842f61342dfaa7c7ee9a0d900487fd75,cec73259ef6b1952599c9ec97de94f12f18e6321,NVIDIA H100 NVL,590.48.01,2.6.0+cu124,12.4,4.57.1,0.7.0,prefill-only,MPK,NORMAL,one_prefill_phase_then_decode,541.8812866210938,833.6620426177979,1375.5433292388916,,,26.892323955412834,16.287904739379883,16.381343841552734,246.88196334838844,2379.8612610093223,1488.866222144517,,[541.8812866210938],[833.6620426177979],,30,1.0,1.0,0,0,30,20,True,"[[30, 30, 30, 30, 30, 30, 30, 30, 30, 30, 30, 30, 30, 30, 30, 30, 30, 30, 30, 30, 30, 30, 30, 30, 30, 30, 30, 30, 30, 30, 30, 30, 30, 30, 30, 30, 30, 30, 30, 30, 30, 30, 30, 30, 30, 30, 30, 30, 30, 30, 30, 30, 30, 30, 30, 30, 30, 30, 30, 30, 30, 30, 30, 30]]",0.6247559614536965,0.6905262589878962,,/data/home/hliu148/mirage/results/qwen3_3d_identical_b1_b64_repeat1/b64_in32_out32/summary.json
64,32,64,32,63,1,0,128,64,64,False,1.125,93.3447265625,completed,,Qwen/Qwen3-8B,identical,85dbb5a41385188deedf671e2fb37373842f61342dfaa7c7ee9a0d900487fd75,cec73259ef6b1952599c9ec97de94f12f18e6321,NVIDIA H100 NVL,590.48.01,2.6.0+cu124,12.4,4.57.1,0.7.0,normal,NORMAL,NORMAL,one_prefill_phase_then_decode,439.1231994628906,1049.099775314331,1488.2229747772217,,,16.65237738594176,16.308063507080078,16.469100952148438,24.800010223388725,3843.2950753344057,2752.2757472637104,,[439.1231994628906],[1049.099775314331],,,,,0,0,30,20,True,,1.0,1.0,,/data/home/hliu148/mirage/results/qwen3_3d_identical_b1_b64_repeat1/b64_in32_out64/summary.json
64,32,64,32,63,1,0,128,64,64,False,1.125,93.3447265625,completed,,Qwen/Qwen3-8B,identical,85dbb5a41385188deedf671e2fb37373842f61342dfaa7c7ee9a0d900487fd75,cec73259ef6b1952599c9ec97de94f12f18e6321,NVIDIA H100 NVL,590.48.01,2.6.0+cu124,12.4,4.57.1,0.7.0,always,MPK,MPK,split_two_mpk_launches,544.1456909179688,614.5315551757812,1158.67724609375,,,9.754469129774305,,,,6561.095139934161,3535.0655359884295,,[544.1456909179688],[614.5315551757812],,30,1.0,1.0,0,0,30,20,True,"[[30, 30, 30, 30, 30, 30, 30, 30, 30, 30, 30, 30, 30, 30, 30, 30, 30, 30, 30, 30, 30, 30, 30, 30, 30, 30, 30, 30, 30, 30, 30, 30, 30, 30, 30, 30, 30, 30, 30, 30, 30, 30, 30, 30, 30, 30, 30, 30, 30, 30, 30, 30, 30, 30, 30, 30, 30, 30, 30, 30, 30, 30, 30, 30]]",1.707153630238313,1.2844154658205895,,/data/home/hliu148/mirage/results/qwen3_3d_identical_b1_b64_repeat1/b64_in32_out64/summary.json
64,32,64,32,63,1,0,128,64,64,False,1.125,93.3447265625,completed,,Qwen/Qwen3-8B,identical,85dbb5a41385188deedf671e2fb37373842f61342dfaa7c7ee9a0d900487fd75,cec73259ef6b1952599c9ec97de94f12f18e6321,NVIDIA H100 NVL,590.48.01,2.6.0+cu124,12.4,4.57.1,0.7.0,always-continuous,MPK,MPK,continuous_one_mpk_launch,,,,1852.9503173828125,2210.5287775796214,,,,,,,,,,[1852.9503173828125],30,1.0,1.0,0,0,30,20,True,"[[30, 30, 30, 30, 30, 30, 30, 30, 30, 30, 30, 30, 30, 30, 30, 30, 30, 30, 30, 30, 30, 30, 30, 30, 30, 30, 30, 30, 30, 30, 30, 30, 30, 30, 30, 30, 30, 30, 30, 30, 30, 30, 30, 30, 30, 30, 30, 30, 30, 30, 30, 30, 30, 30, 30, 30, 30, 30, 30, 30, 30, 30, 30, 30]]",,,0.8031639924805175,/data/home/hliu148/mirage/results/qwen3_3d_identical_b1_b64_repeat1/b64_in32_out64/summary.json
64,32,64,32,63,1,0,128,64,64,False,1.125,93.3447265625,completed,,Qwen/Qwen3-8B,identical,85dbb5a41385188deedf671e2fb37373842f61342dfaa7c7ee9a0d900487fd75,cec73259ef6b1952599c9ec97de94f12f18e6321,NVIDIA H100 NVL,590.48.01,2.6.0+cu124,12.4,4.57.1,0.7.0,decode-only,NORMAL,MPK,one_prefill_phase_then_decode,505.4150085449219,621.5765991210938,1126.9916076660156,,,9.866295224144345,,,,6486.730687257577,3634.4547484987584,,[505.4150085449219],[621.5765991210938],,30,1.0,1.0,0,0,30,20,True,"[[30, 30, 30, 30, 30, 30, 30, 30, 30, 30, 30, 30, 30, 30, 30, 30, 30, 30, 30, 30, 30, 30, 30, 30, 30, 30, 30, 30, 30, 30, 30, 30, 30, 30, 30, 30, 30, 30, 30, 30, 30, 30, 30, 30, 30, 30, 30, 30, 30, 30, 30, 30, 30, 30, 30, 30, 30, 30, 30, 30, 30, 30, 30, 30]]",1.6878044907059773,1.3205271136484427,,/data/home/hliu148/mirage/results/qwen3_3d_identical_b1_b64_repeat1/b64_in32_out64/summary.json
64,32,64,32,63,1,0,128,64,64,False,1.125,93.3447265625,completed,,Qwen/Qwen3-8B,identical,85dbb5a41385188deedf671e2fb37373842f61342dfaa7c7ee9a0d900487fd75,cec73259ef6b1952599c9ec97de94f12f18e6321,NVIDIA H100 NVL,590.48.01,2.6.0+cu124,12.4,4.57.1,0.7.0,prefill-only,MPK,NORMAL,one_prefill_phase_then_decode,543.8246459960938,1352.7779655456543,1896.602611541748,,,21.472666119772292,16.251359939575195,16.397324752807616,141.80652286529624,2980.533467200332,2159.651144142611,,[543.8246459960938],[1352.7779655456543],,30,1.0,1.0,0,0,30,20,True,"[[30, 30, 30, 30, 30, 30, 30, 30, 30, 30, 30, 30, 30, 30, 30, 30, 30, 30, 30, 30, 30, 30, 30, 30, 30, 30, 30, 30, 30, 30, 30, 30, 30, 30, 30, 30, 30, 30, 30, 30, 30, 30, 30, 30, 30, 30, 30, 30, 30, 30, 30, 30, 30, 30, 30, 30, 30, 30, 30, 30, 30, 30, 30, 30]]",0.7755151266757718,0.7846783325724968,,/data/home/hliu148/mirage/results/qwen3_3d_identical_b1_b64_repeat1/b64_in32_out64/summary.json
64,32,128,32,127,1,0,256,64,64,False,2.25,93.3447265625,completed,,Qwen/Qwen3-8B,identical,85dbb5a41385188deedf671e2fb37373842f61342dfaa7c7ee9a0d900487fd75,cec73259ef6b1952599c9ec97de94f12f18e6321,NVIDIA H100 NVL,590.48.01,2.6.0+cu124,12.4,4.57.1,0.7.0,normal,NORMAL,NORMAL,one_prefill_phase_then_decode,427.6396179199219,2052.693462371826,2480.333080291748,,,16.162940648597058,16.010719299316406,16.161056137084962,17.519730873107903,3959.675494171613,3302.782221102506,,[427.6396179199219],[2052.693462371826],,,,,0,0,30,20,True,,1.0,1.0,,/data/home/hliu148/mirage/results/qwen3_3d_identical_b1_b64_repeat1/b64_in32_out128/summary.json
64,32,128,32,127,1,0,256,64,64,False,2.25,93.3447265625,completed,,Qwen/Qwen3-8B,identical,85dbb5a41385188deedf671e2fb37373842f61342dfaa7c7ee9a0d900487fd75,cec73259ef6b1952599c9ec97de94f12f18e6321,NVIDIA H100 NVL,590.48.01,2.6.0+cu124,12.4,4.57.1,0.7.0,always,MPK,MPK,split_two_mpk_launches,544.6251220703125,1255.662353515625,1800.2874755859375,,,9.887105145792322,,,,6473.0777165080135,4550.384375325257,,[544.6251220703125],[1255.662353515625],,30,1.0,1.0,0,0,30,20,True,"[[30, 30, 30, 30, 30, 30, 30, 30, 30, 30, 30, 30, 30, 30, 30, 30, 30, 30, 30, 30, 30, 30, 30, 30, 30, 30, 30, 30, 30, 30, 30, 30, 30, 30, 30, 30, 30, 30, 30, 30, 30, 30, 30, 30, 30, 30, 30, 30, 30, 30, 30, 30, 30, 30, 30, 30, 30, 30, 30, 30, 30, 30, 30, 30]]",1.6347495460261747,1.377742784931877,,/data/home/hliu148/mirage/results/qwen3_3d_identical_b1_b64_repeat1/b64_in32_out128/summary.json
64,32,128,32,127,1,0,256,64,64,False,2.25,93.3447265625,completed,,Qwen/Qwen3-8B,identical,85dbb5a41385188deedf671e2fb37373842f61342dfaa7c7ee9a0d900487fd75,cec73259ef6b1952599c9ec97de94f12f18e6321,NVIDIA H100 NVL,590.48.01,2.6.0+cu124,12.4,4.57.1,0.7.0,always-continuous,MPK,MPK,continuous_one_mpk_launch,,,,3014.304931640625,2717.7077919390395,,,,,,,,,,[3014.304931640625],30,1.0,1.0,0,0,30,20,True,"[[30, 30, 30, 30, 30, 30, 30, 30, 30, 30, 30, 30, 30, 30, 30, 30, 30, 30, 30, 30, 30, 30, 30, 30, 30, 30, 30, 30, 30, 30, 30, 30, 30, 30, 30, 30, 30, 30, 30, 30, 30, 30, 30, 30, 30, 30, 30, 30, 30, 30, 30, 30, 30, 30, 30, 30, 30, 30, 30, 30, 30, 30, 30, 30]]",,,0.8228540696915335,/data/home/hliu148/mirage/results/qwen3_3d_identical_b1_b64_repeat1/b64_in32_out128/summary.json
64,32,128,32,127,1,0,256,64,64,False,2.25,93.3447265625,completed,,Qwen/Qwen3-8B,identical,85dbb5a41385188deedf671e2fb37373842f61342dfaa7c7ee9a0d900487fd75,cec73259ef6b1952599c9ec97de94f12f18e6321,NVIDIA H100 NVL,590.48.01,2.6.0+cu124,12.4,4.57.1,0.7.0,decode-only,NORMAL,MPK,one_prefill_phase_then_decode,394.3498229980469,1262.0699462890625,1656.4197692871094,,,9.937558632197343,,,,6440.213574453009,4945.606271969137,,[394.3498229980469],[1262.0699462890625],,30,1.0,1.0,0,0,30,20,True,"[[30, 30, 30, 30, 30, 30, 30, 30, 30, 30, 30, 30, 30, 30, 30, 30, 30, 30, 30, 30, 30, 30, 30, 30, 30, 30, 30, 30, 30, 30, 30, 30, 30, 30, 30, 30, 30, 30, 30, 30, 30, 30, 30, 30, 30, 30, 30, 30, 30, 30, 30, 30, 30, 30, 30, 30, 30, 30, 30, 30, 30, 30, 30, 30]]",1.6264498401277043,1.4974061082108643,,/data/home/hliu148/mirage/results/qwen3_3d_identical_b1_b64_repeat1/b64_in32_out128/summary.json
64,32,128,32,127,1,0,256,64,64,False,2.25,93.3447265625,completed,,Qwen/Qwen3-8B,identical,85dbb5a41385188deedf671e2fb37373842f61342dfaa7c7ee9a0d900487fd75,cec73259ef6b1952599c9ec97de94f12f18e6321,NVIDIA H100 NVL,590.48.01,2.6.0+cu124,12.4,4.57.1,0.7.0,prefill-only,MPK,NORMAL,one_prefill_phase_then_decode,543.9200439453125,2368.7775735855103,2912.6976175308228,,,18.651791917996142,16.011104583740234,16.267814254760744,17.282681350708007,3431.3057041050156,2812.5130293973302,,[543.9200439453125],[2368.7775735855103],,30,1.0,1.0,0,0,30,20,True,"[[30, 30, 30, 30, 30, 30, 30, 30, 30, 30, 30, 30, 30, 30, 30, 30, 30, 30, 30, 30, 30, 30, 30, 30, 30, 30, 30, 30, 30, 30, 30, 30, 30, 30, 30, 30, 30, 30, 30, 30, 30, 30, 30, 30, 30, 30, 30, 30, 30, 30, 30, 30, 30, 30, 30, 30, 30, 30, 30, 30, 30, 30, 30, 30]]",0.8665623506662797,0.8515587287067572,,/data/home/hliu148/mirage/results/qwen3_3d_identical_b1_b64_repeat1/b64_in32_out128/summary.json
64,32,256,32,255,1,0,512,64,64,False,4.5,93.3447265625,completed,,Qwen/Qwen3-8B,identical,85dbb5a41385188deedf671e2fb37373842f61342dfaa7c7ee9a0d900487fd75,cec73259ef6b1952599c9ec97de94f12f18e6321,NVIDIA H100 NVL,590.48.01,2.6.0+cu124,12.4,4.57.1,0.7.0,normal,NORMAL,NORMAL,one_prefill_phase_then_decode,427.51116943359375,4048.6731758117676,4476.184345245361,,,15.877149709065755,15.789216041564941,15.933638572692871,16.35451900482178,4030.950212899762,3660.260332531482,,[427.51116943359375],[4048.6731758117676],,,,,0,0,30,20,True,,1.0,1.0,,/data/home/hliu148/mirage/results/qwen3_3d_identical_b1_b64_repeat1/b64_in32_out256/summary.json
64,32,256,32,255,1,0,512,64,64,False,4.5,93.3447265625,completed,,Qwen/Qwen3-8B,identical,85dbb5a41385188deedf671e2fb37373842f61342dfaa7c7ee9a0d900487fd75,cec73259ef6b1952599c9ec97de94f12f18e6321,NVIDIA H100 NVL,590.48.01,2.6.0+cu124,12.4,4.57.1,0.7.0,always,MPK,MPK,split_two_mpk_launches,545.00537109375,2589.1962890625,3134.20166015625,,,10.1537109375,,,,6303.114240098486,5227.487499698154,,[545.00537109375],[2589.1962890625],,30,1.0,1.0,0,0,30,20,True,"[[30, 30, 30, 30, 30, 30, 30, 30, 30, 30, 30, 30, 30, 30, 30, 30, 30, 30, 30, 30, 30, 30, 30, 30, 30, 30, 30, 30, 30, 30, 30, 30, 30, 30, 30, 30, 30, 30, 30, 30, 30, 30, 30, 30, 30, 30, 30, 30, 30, 30, 30, 30, 30, 30, 30, 30, 30, 30, 30, 30, 30, 30, 30, 30]]",1.5636795066154359,1.4281736884225278,,/data/home/hliu148/mirage/results/qwen3_3d_identical_b1_b64_repeat1/b64_in32_out256/summary.json
64,32,256,32,255,1,0,512,64,64,False,4.5,93.3447265625,completed,,Qwen/Qwen3-8B,identical,85dbb5a41385188deedf671e2fb37373842f61342dfaa7c7ee9a0d900487fd75,cec73259ef6b1952599c9ec97de94f12f18e6321,NVIDIA H100 NVL,590.48.01,2.6.0+cu124,12.4,4.57.1,0.7.0,always-continuous,MPK,MPK,continuous_one_mpk_launch,,,,4612.55517578125,3552.044230500715,,,,,,,,,,[4612.55517578125],30,1.0,1.0,0,0,30,20,True,"[[30, 30, 30, 30, 30, 30, 30, 30, 30, 30, 30, 30, 30, 30, 30, 30, 30, 30, 30, 30, 30, 30, 30, 30, 30, 30, 30, 30, 30, 30, 30, 30, 30, 30, 30, 30, 30, 30, 30, 30, 30, 30, 30, 30, 30, 30, 30, 30, 30, 30, 30, 30, 30, 30, 30, 30, 30, 30, 30, 30, 30, 30, 30, 30]]",,,0.9704348619498538,/data/home/hliu148/mirage/results/qwen3_3d_identical_b1_b64_repeat1/b64_in32_out256/summary.json
64,32,256,32,255,1,0,512,64,64,False,4.5,93.3447265625,completed,,Qwen/Qwen3-8B,identical,85dbb5a41385188deedf671e2fb37373842f61342dfaa7c7ee9a0d900487fd75,cec73259ef6b1952599c9ec97de94f12f18e6321,NVIDIA H100 NVL,590.48.01,2.6.0+cu124,12.4,4.57.1,0.7.0,decode-only,NORMAL,MPK,one_prefill_phase_then_decode,391.355712890625,2594.89697265625,2986.252685546875,,,10.176066559436274,,,,6289.267039104884,5486.4747646094065,,[391.355712890625],[2594.89697265625],,30,1.0,1.0,0,0,30,20,True,"[[30, 30, 30, 30, 30, 30, 30, 30, 30, 30, 30, 30, 30, 30, 30, 30, 30, 30, 30, 30, 30, 30, 30, 30, 30, 30, 30, 30, 30, 30, 30, 30, 30, 30, 30, 30, 30, 30, 30, 30, 30, 30, 30, 30, 30, 30, 30, 30, 30, 30, 30, 30, 30, 30, 30, 30, 30, 30, 30, 30, 30, 30, 30, 30]]",1.5602442865650148,1.4989302033647678,,/data/home/hliu148/mirage/results/qwen3_3d_identical_b1_b64_repeat1/b64_in32_out256/summary.json
64,32,256,32,255,1,0,512,64,64,False,4.5,93.3447265625,completed,,Qwen/Qwen3-8B,identical,85dbb5a41385188deedf671e2fb37373842f61342dfaa7c7ee9a0d900487fd75,cec73259ef6b1952599c9ec97de94f12f18e6321,NVIDIA H100 NVL,590.48.01,2.6.0+cu124,12.4,4.57.1,0.7.0,prefill-only,MPK,NORMAL,one_prefill_phase_then_decode,543.869873046875,4377.9977922439575,4921.8676652908325,,,17.16861879311356,15.88377571105957,16.03082275390625,16.296964530944823,3727.731436711193,3328.817659105402,,[543.869873046875],[4377.9977922439575],,30,1.0,1.0,0,0,30,20,True,"[[30, 30, 30, 30, 30, 30, 30, 30, 30, 30, 30, 30, 30, 30, 30, 30, 30, 30, 30, 30, 30, 30, 30, 30, 30, 30, 30, 30, 30, 30, 30, 30, 30, 30, 30, 30, 30, 30, 30, 30, 30, 30, 30, 30, 30, 30, 30, 30, 30, 30, 30, 30, 30, 30, 30, 30, 30, 30, 30, 30, 30, 30, 30, 30]]",0.9247773452477249,0.9094483333657172,,/data/home/hliu148/mirage/results/qwen3_3d_identical_b1_b64_repeat1/b64_in32_out256/summary.json
64,32,512,32,511,1,0,1024,64,64,False,9.0,93.3447265625,completed,,Qwen/Qwen3-8B,identical,85dbb5a41385188deedf671e2fb37373842f61342dfaa7c7ee9a0d900487fd75,cec73259ef6b1952599c9ec97de94f12f18e6321,NVIDIA H100 NVL,590.48.01,2.6.0+cu124,12.4,4.57.1,0.7.0,normal,NORMAL,NORMAL,one_prefill_phase_then_decode,425.3624572753906,8162.0123834609985,8587.37484073639,,,15.97262697350489,15.925151824951172,16.053983688354492,16.43475170135498,4006.8549842278335,3815.8343623893866,,[425.3624572753906],[8162.0123834609985],,,,,0,0,30,20,True,,1.0,1.0,,/data/home/hliu148/mirage/results/qwen3_3d_identical_b1_b64_repeat1/b64_in32_out512/summary.json
64,32,512,32,511,1,0,1024,64,64,False,9.0,93.3447265625,completed,,Qwen/Qwen3-8B,identical,85dbb5a41385188deedf671e2fb37373842f61342dfaa7c7ee9a0d900487fd75,cec73259ef6b1952599c9ec97de94f12f18e6321,NVIDIA H100 NVL,590.48.01,2.6.0+cu124,12.4,4.57.1,0.7.0,always,MPK,MPK,split_two_mpk_launches,547.4613037109375,5491.28466796875,6038.7459716796875,,,10.746153949058218,,,,5955.619126935073,5426.292172857459,,[547.4613037109375],[5491.28466796875],,30,1.0,1.0,0,0,30,20,True,"[[30, 30, 30, 30, 30, 30, 30, 30, 30, 30, 30, 30, 30, 30, 30, 30, 30, 30, 30, 30, 30, 30, 30, 30, 30, 30, 30, 30, 30, 30, 30, 30, 30, 30, 30, 30, 30, 30, 30, 30, 30, 30, 30, 30, 30, 30, 30, 30, 30, 30, 30, 30, 30, 30, 30, 30, 30, 30, 30, 30, 30, 30, 30, 30]]",1.486357542356325,1.4220460474756145,,/data/home/hliu148/mirage/results/qwen3_3d_identical_b1_b64_repeat1/b64_in32_out512/summary.json
64,32,512,32,511,1,0,1024,64,64,False,9.0,93.3447265625,completed,,Qwen/Qwen3-8B,identical,85dbb5a41385188deedf671e2fb37373842f61342dfaa7c7ee9a0d900487fd75,cec73259ef6b1952599c9ec97de94f12f18e6321,NVIDIA H100 NVL,590.48.01,2.6.0+cu124,12.4,4.57.1,0.7.0,always-continuous,MPK,MPK,continuous_one_mpk_launch,,,,7706.55419921875,4251.965165355205,,,,,,,,,,[7706.55419921875],30,1.0,1.0,0,0,30,20,True,"[[30, 30, 30, 30, 30, 30, 30, 30, 30, 30, 30, 30, 30, 30, 30, 30, 30, 30, 30, 30, 30, 30, 30, 30, 30, 30, 30, 30, 30, 30, 30, 30, 30, 30, 30, 30, 30, 30, 30, 30, 30, 30, 30, 30, 30, 30, 30, 30, 30, 30, 30, 30, 30, 30, 30, 30, 30, 30, 30, 30, 30, 30, 30, 30]]",,,1.1142950038042854,/data/home/hliu148/mirage/results/qwen3_3d_identical_b1_b64_repeat1/b64_in32_out512/summary.json
64,32,512,32,511,1,0,1024,64,64,False,9.0,93.3447265625,completed,,Qwen/Qwen3-8B,identical,85dbb5a41385188deedf671e2fb37373842f61342dfaa7c7ee9a0d900487fd75,cec73259ef6b1952599c9ec97de94f12f18e6321,NVIDIA H100 NVL,590.48.01,2.6.0+cu124,12.4,4.57.1,0.7.0,decode-only,NORMAL,MPK,one_prefill_phase_then_decode,393.43243408203125,5493.87939453125,5887.311828613281,,,10.751231691841976,,,,5952.806323443214,5565.867912880418,,[393.43243408203125],[5493.87939453125],,30,1.0,1.0,0,0,30,20,True,"[[30, 30, 30, 30, 30, 30, 30, 30, 30, 30, 30, 30, 30, 30, 30, 30, 30, 30, 30, 30, 30, 30, 30, 30, 30, 30, 30, 30, 30, 30, 30, 30, 30, 30, 30, 30, 30, 30, 30, 30, 30, 30, 30, 30, 30, 30, 30, 30, 30, 30, 30, 30, 30, 30, 30, 30, 30, 30, 30, 30, 30, 30, 30, 30]]",1.485655544529368,1.4586240869729998,,/data/home/hliu148/mirage/results/qwen3_3d_identical_b1_b64_repeat1/b64_in32_out512/summary.json
64,32,512,32,511,1,0,1024,64,64,False,9.0,93.3447265625,completed,,Qwen/Qwen3-8B,identical,85dbb5a41385188deedf671e2fb37373842f61342dfaa7c7ee9a0d900487fd75,cec73259ef6b1952599c9ec97de94f12f18e6321,NVIDIA H100 NVL,590.48.01,2.6.0+cu124,12.4,4.57.1,0.7.0,prefill-only,MPK,NORMAL,one_prefill_phase_then_decode,547.3614501953125,8555.566909790039,9102.928359985352,,,16.742792387064657,16.083616256713867,16.192703247070312,16.87919425964355,3822.5403815820996,3599.720738662688,,[547.3614501953125],[8555.566909790039],,30,1.0,1.0,0,0,30,20,True,"[[30, 30, 30, 30, 30, 30, 30, 30, 30, 30, 30, 30, 30, 30, 30, 30, 30, 30, 30, 30, 30, 30, 30, 30, 30, 30, 30, 30, 30, 30, 30, 30, 30, 30, 30, 30, 30, 30, 30, 30, 30, 30, 30, 30, 30, 30, 30, 30, 30, 30, 30, 30, 30, 30, 30, 30, 30, 30, 30, 30, 30, 30, 30, 30]]",0.954000181346405,0.9433639924581597,,/data/home/hliu148/mirage/results/qwen3_3d_identical_b1_b64_repeat1/b64_in32_out512/summary.json
64,64,16,64,15,1,0,128,64,64,False,1.125,93.3447265625,completed,,Qwen/Qwen3-8B,identical,a0591d87bb65b5148b11da260a9537303e8d6a28b3ba0264b5ca2ec307e73201,cec73259ef6b1952599c9ec97de94f12f18e6321,NVIDIA H100 NVL,590.48.01,2.6.0+cu124,12.4,4.57.1,0.7.0,normal,NORMAL,NORMAL,one_prefill_phase_then_decode,504.78314208984375,257.40636825561523,762.189510345459,,,17.160424550374348,15.921343803405762,16.24779510498047,31.34061195373534,3729.511458887762,1343.4978914048247,,[504.78314208984375],[257.40636825561523],,,,,0,0,16,11,True,,1.0,1.0,,/data/home/hliu148/mirage/results/qwen3_3d_identical_b1_b64_repeat1/b64_in64_out16/summary.json
64,64,16,64,15,1,0,128,64,64,False,1.125,93.3447265625,completed,,Qwen/Qwen3-8B,identical,a0591d87bb65b5148b11da260a9537303e8d6a28b3ba0264b5ca2ec307e73201,cec73259ef6b1952599c9ec97de94f12f18e6321,NVIDIA H100 NVL,590.48.01,2.6.0+cu124,12.4,4.57.1,0.7.0,always,MPK,MPK,split_two_mpk_launches,1089.1968994140625,148.29078674316406,1237.4876861572266,,,9.886052449544271,,,,6473.766989062483,827.4829814103683,,[1089.1968994140625],[148.29078674316406],,16,1.0,1.0,0,0,16,11,True,"[[16, 16, 16, 16, 16, 16, 16, 16, 16, 16, 16, 16, 16, 16, 16, 16, 16, 16, 16, 16, 16, 16, 16, 16, 16, 16, 16, 16, 16, 16, 16, 16, 16, 16, 16, 16, 16, 16, 16, 16, 16, 16, 16, 16, 16, 16, 16, 16, 16, 16, 16, 16, 16, 16, 16, 16, 16, 16, 16, 16, 16, 16, 16, 16]]",1.7358217183204823,0.6159168441605167,,/data/home/hliu148/mirage/results/qwen3_3d_identical_b1_b64_repeat1/b64_in64_out16/summary.json
64,64,16,64,15,1,0,128,64,64,False,1.125,93.3447265625,completed,,Qwen/Qwen3-8B,identical,a0591d87bb65b5148b11da260a9537303e8d6a28b3ba0264b5ca2ec307e73201,cec73259ef6b1952599c9ec97de94f12f18e6321,NVIDIA H100 NVL,590.48.01,2.6.0+cu124,12.4,4.57.1,0.7.0,always-continuous,MPK,MPK,continuous_one_mpk_launch,,,,1471.3609619140625,695.9543079543853,,,,,,,,,,[1471.3609619140625],16,1.0,1.0,0,0,16,11,True,"[[16, 16, 16, 16, 16, 16, 16, 16, 16, 16, 16, 16, 16, 16, 16, 16, 16, 16, 16, 16, 16, 16, 16, 16, 16, 16, 16, 16, 16, 16, 16, 16, 16, 16, 16, 16, 16, 16, 16, 16, 16, 16, 16, 16, 16, 16, 16, 16, 16, 16, 16, 16, 16, 16, 16, 16, 16, 16, 16, 16, 16, 16, 16, 16]]",,,0.5180166730493806,/data/home/hliu148/mirage/results/qwen3_3d_identical_b1_b64_repeat1/b64_in64_out16/summary.json
64,64,16,64,15,1,0,128,64,64,False,1.125,93.3447265625,completed,,Qwen/Qwen3-8B,identical,a0591d87bb65b5148b11da260a9537303e8d6a28b3ba0264b5ca2ec307e73201,cec73259ef6b1952599c9ec97de94f12f18e6321,NVIDIA H100 NVL,590.48.01,2.6.0+cu124,12.4,4.57.1,0.7.0,decode-only,NORMAL,MPK,one_prefill_phase_then_decode,468.58160400390625,156.8186492919922,625.4002532958984,,,10.454576619466145,,,,6121.720881631274,1637.3514315087914,,[468.58160400390625],[156.8186492919922],,16,1.0,1.0,0,0,16,11,True,"[[16, 16, 16, 16, 16, 16, 16, 16, 16, 16, 16, 16, 16, 16, 16, 16, 16, 16, 16, 16, 16, 16, 16, 16, 16, 16, 16, 16, 16, 16, 16, 16, 16, 16, 16, 16, 16, 16, 16, 16, 16, 16, 16, 16, 16, 16, 16, 16, 16, 16, 16, 16, 16, 16, 16, 16, 16, 16, 16, 16, 16, 16, 16, 16]]",1.6414270204325723,1.2187227400831269,,/data/home/hliu148/mirage/results/qwen3_3d_identical_b1_b64_repeat1/b64_in64_out16/summary.json
64,64,16,64,15,1,0,128,64,64,False,1.125,93.3447265625,completed,,Qwen/Qwen3-8B,identical,a0591d87bb65b5148b11da260a9537303e8d6a28b3ba0264b5ca2ec307e73201,cec73259ef6b1952599c9ec97de94f12f18e6321,NVIDIA H100 NVL,590.48.01,2.6.0+cu124,12.4,4.57.1,0.7.0,prefill-only,MPK,NORMAL,one_prefill_phase_then_decode,1088.03125,570.8080234527588,1658.8392734527588,,,38.053868230183916,16.21196746826172,17.206899642944336,296.4768971633909,1681.8263944382898,617.2991056985377,,[1088.03125],[570.8080234527588],,16,1.0,1.0,0,0,16,11,True,"[[16, 16, 16, 16, 16, 16, 16, 16, 16, 16, 16, 16, 16, 16, 16, 16, 16, 16, 16, 16, 16, 16, 16, 16, 16, 16, 16, 16, 16, 16, 16, 16, 16, 16, 16, 16, 16, 16, 16, 16, 16, 16, 16, 16, 16, 16, 16, 16, 16, 16, 16, 16, 16, 16, 16, 16, 16, 16, 16, 16, 16, 16, 16, 16]]",0.4509508585716625,0.4594715850674396,,/data/home/hliu148/mirage/results/qwen3_3d_identical_b1_b64_repeat1/b64_in64_out16/summary.json
64,64,32,64,31,1,0,128,64,64,False,1.125,93.3447265625,completed,,Qwen/Qwen3-8B,identical,a0591d87bb65b5148b11da260a9537303e8d6a28b3ba0264b5ca2ec307e73201,cec73259ef6b1952599c9ec97de94f12f18e6321,NVIDIA H100 NVL,590.48.01,2.6.0+cu124,12.4,4.57.1,0.7.0,normal,NORMAL,NORMAL,one_prefill_phase_then_decode,502.0403137207031,521.8315773010254,1023.8718910217285,,,16.83327668712985,16.31702423095703,16.502975463867188,27.697708129882802,3801.9929921862577,2000.250244155338,,[502.0403137207031],[521.8315773010254],,,,,0,0,30,20,True,,1.0,1.0,,/data/home/hliu148/mirage/results/qwen3_3d_identical_b1_b64_repeat1/b64_in64_out32/summary.json
64,64,32,64,31,1,0,128,64,64,False,1.125,93.3447265625,completed,,Qwen/Qwen3-8B,identical,a0591d87bb65b5148b11da260a9537303e8d6a28b3ba0264b5ca2ec307e73201,cec73259ef6b1952599c9ec97de94f12f18e6321,NVIDIA H100 NVL,590.48.01,2.6.0+cu124,12.4,4.57.1,0.7.0,always,MPK,MPK,split_two_mpk_launches,1087.882080078125,306.04388427734375,1393.9259643554688,,,9.872383363785282,,,,6482.730425032952,1469.2315462729512,,[1087.882080078125],[306.04388427734375],,30,1.0,1.0,0,0,30,20,True,"[[30, 30, 30, 30, 30, 30, 30, 30, 30, 30, 30, 30, 30, 30, 30, 30, 30, 30, 30, 30, 30, 30, 30, 30, 30, 30, 30, 30, 30, 30, 30, 30, 30, 30, 30, 30, 30, 30, 30, 30, 30, 30, 30, 30, 30, 30, 30, 30, 30, 30, 30, 30, 30, 30, 30, 30, 30, 30, 30, 30, 30, 30, 30, 30]]",1.7050874208227276,0.734523867984016,,/data/home/hliu148/mirage/results/qwen3_3d_identical_b1_b64_repeat1/b64_in64_out32/summary.json
64,64,32,64,31,1,0,128,64,64,False,1.125,93.3447265625,completed,,Qwen/Qwen3-8B,identical,a0591d87bb65b5148b11da260a9537303e8d6a28b3ba0264b5ca2ec307e73201,cec73259ef6b1952599c9ec97de94f12f18e6321,NVIDIA H100 NVL,590.48.01,2.6.0+cu124,12.4,4.57.1,0.7.0,always-continuous,MPK,MPK,continuous_one_mpk_launch,,,,1826.4471435546875,1121.3026378710963,,,,,,,,,,[1826.4471435546875],30,1.0,1.0,0,0,30,20,True,"[[30, 30, 30, 30, 30, 30, 30, 30, 30, 30, 30, 30, 30, 30, 30, 30, 30, 30, 30, 30, 30, 30, 30, 30, 30, 30, 30, 30, 30, 30, 30, 30, 30, 30, 30, 30, 30, 30, 30, 30, 30, 30, 30, 30, 30, 30, 30, 30, 30, 30, 30, 30, 30, 30, 30, 30, 30, 30, 30, 30, 30, 30, 30, 30]]",,,0.560581177853873,/data/home/hliu148/mirage/results/qwen3_3d_identical_b1_b64_repeat1/b64_in64_out32/summary.json
64,64,32,64,31,1,0,128,64,64,False,1.125,93.3447265625,completed,,Qwen/Qwen3-8B,identical,a0591d87bb65b5148b11da260a9537303e8d6a28b3ba0264b5ca2ec307e73201,cec73259ef6b1952599c9ec97de94f12f18e6321,NVIDIA H100 NVL,590.48.01,2.6.0+cu124,12.4,4.57.1,0.7.0,decode-only,NORMAL,MPK,one_prefill_phase_then_decode,470.4677734375,313.8401794433594,784.3079528808594,,,10.123876756237399,,,,6321.688967674276,2611.219218774264,,[470.4677734375],[313.8401794433594],,30,1.0,1.0,0,0,30,20,True,"[[30, 30, 30, 30, 30, 30, 30, 30, 30, 30, 30, 30, 30, 30, 30, 30, 30, 30, 30, 30, 30, 30, 30, 30, 30, 30, 30, 30, 30, 30, 30, 30, 30, 30, 30, 30, 30, 30, 30, 30, 30, 30, 30, 30, 30, 30, 30, 30, 30, 30, 30, 30, 30, 30, 30, 30, 30, 30, 30, 30, 30, 30, 30, 30]]",1.6627303050443338,1.3054462692376398,,/data/home/hliu148/mirage/results/qwen3_3d_identical_b1_b64_repeat1/b64_in64_out32/summary.json
64,64,32,64,31,1,0,128,64,64,False,1.125,93.3447265625,completed,,Qwen/Qwen3-8B,identical,a0591d87bb65b5148b11da260a9537303e8d6a28b3ba0264b5ca2ec307e73201,cec73259ef6b1952599c9ec97de94f12f18e6321,NVIDIA H100 NVL,590.48.01,2.6.0+cu124,12.4,4.57.1,0.7.0,prefill-only,MPK,NORMAL,one_prefill_phase_then_decode,1090.2615966796875,833.3556594848633,1923.6172561645508,,,26.88244062854398,16.222047805786133,16.352832794189453,247.16635208129858,2380.7362167869655,1064.6608588256547,,[1090.2615966796875],[833.3556594848633],,30,1.0,1.0,0,0,30,20,True,"[[30, 30, 30, 30, 30, 30, 30, 30, 30, 30, 30, 30, 30, 30, 30, 30, 30, 30, 30, 30, 30, 30, 30, 30, 30, 30, 30, 30, 30, 30, 30, 30, 30, 30, 30, 30, 30, 30, 30, 30, 30, 30, 30, 30, 30, 30, 30, 30, 30, 30, 30, 30, 30, 30, 30, 30, 30, 30, 30, 30, 30, 30, 30, 30]]",0.6261811165038398,0.5322638314563675,,/data/home/hliu148/mirage/results/qwen3_3d_identical_b1_b64_repeat1/b64_in64_out32/summary.json
64,64,64,64,63,1,0,128,64,64,False,1.125,93.3447265625,completed,,Qwen/Qwen3-8B,identical,a0591d87bb65b5148b11da260a9537303e8d6a28b3ba0264b5ca2ec307e73201,cec73259ef6b1952599c9ec97de94f12f18e6321,NVIDIA H100 NVL,590.48.01,2.6.0+cu124,12.4,4.57.1,0.7.0,normal,NORMAL,NORMAL,one_prefill_phase_then_decode,509.44049072265625,1028.120545387268,1537.5610361099243,,,16.31937373630584,15.944191932678223,16.229990005493164,24.493249244689984,3921.7191195038745,2663.959286041095,,[509.44049072265625],[1028.120545387268],,,,,0,0,30,20,True,,1.0,1.0,,/data/home/hliu148/mirage/results/qwen3_3d_identical_b1_b64_repeat1/b64_in64_out64/summary.json
64,64,64,64,63,1,0,128,64,64,False,1.125,93.3447265625,completed,,Qwen/Qwen3-8B,identical,a0591d87bb65b5148b11da260a9537303e8d6a28b3ba0264b5ca2ec307e73201,cec73259ef6b1952599c9ec97de94f12f18e6321,NVIDIA H100 NVL,590.48.01,2.6.0+cu124,12.4,4.57.1,0.7.0,always,MPK,MPK,split_two_mpk_launches,1091.259033203125,623.0712280273438,1714.3302612304688,,,9.89001949249752,,,,6471.17025892111,2389.27124640504,,[1091.259033203125],[623.0712280273438],,30,1.0,1.0,0,0,30,20,True,"[[30, 30, 30, 30, 30, 30, 30, 30, 30, 30, 30, 30, 30, 30, 30, 30, 30, 30, 30, 30, 30, 30, 30, 30, 30, 30, 30, 30, 30, 30, 30, 30, 30, 30, 30, 30, 30, 30, 30, 30, 30, 30, 30, 30, 30, 30, 30, 30, 30, 30, 30, 30, 30, 30, 30, 30, 30, 30, 30, 30, 30, 30, 30, 30]]",1.650085093228135,0.8968872981372519,,/data/home/hliu148/mirage/results/qwen3_3d_identical_b1_b64_repeat1/b64_in64_out64/summary.json
64,64,64,64,63,1,0,128,64,64,False,1.125,93.3447265625,completed,,Qwen/Qwen3-8B,identical,a0591d87bb65b5148b11da260a9537303e8d6a28b3ba0264b5ca2ec307e73201,cec73259ef6b1952599c9ec97de94f12f18e6321,NVIDIA H100 NVL,590.48.01,2.6.0+cu124,12.4,4.57.1,0.7.0,always-continuous,MPK,MPK,continuous_one_mpk_launch,,,,2491.818359375,1643.779525337217,,,,,,,,,,[2491.818359375],30,1.0,1.0,0,0,30,20,True,"[[30, 30, 30, 30, 30, 30, 30, 30, 30, 30, 30, 30, 30, 30, 30, 30, 30, 30, 30, 30, 30, 30, 30, 30, 30, 30, 30, 30, 30, 30, 30, 30, 30, 30, 30, 30, 30, 30, 30, 30, 30, 30, 30, 30, 30, 30, 30, 30, 30, 30, 30, 30, 30, 30, 30, 30, 30, 30, 30, 30, 30, 30, 30, 30]]",,,0.6170437866488698,/data/home/hliu148/mirage/results/qwen3_3d_identical_b1_b64_repeat1/b64_in64_out64/summary.json
64,64,64,64,63,1,0,128,64,64,False,1.125,93.3447265625,completed,,Qwen/Qwen3-8B,identical,a0591d87bb65b5148b11da260a9537303e8d6a28b3ba0264b5ca2ec307e73201,cec73259ef6b1952599c9ec97de94f12f18e6321,NVIDIA H100 NVL,590.48.01,2.6.0+cu124,12.4,4.57.1,0.7.0,decode-only,NORMAL,MPK,one_prefill_phase_then_decode,471.24554443359375,632.5755004882812,1103.821044921875,,,10.040880960131448,,,,6373.942710218343,3710.746428366839,,[471.24554443359375],[632.5755004882812],,30,1.0,1.0,0,0,30,20,True,"[[30, 30, 30, 30, 30, 30, 30, 30, 30, 30, 30, 30, 30, 30, 30, 30, 30, 30, 30, 30, 30, 30, 30, 30, 30, 30, 30, 30, 30, 30, 30, 30, 30, 30, 30, 30, 30, 30, 30, 30, 30, 30, 30, 30, 30, 30, 30, 30, 30, 30, 30, 30, 30, 30, 30, 30, 30, 30, 30, 30, 30, 30, 30, 30]]",1.6252930197164892,1.3929441218605758,,/data/home/hliu148/mirage/results/qwen3_3d_identical_b1_b64_repeat1/b64_in64_out64/summary.json
64,64,64,64,63,1,0,128,64,64,False,1.125,93.3447265625,completed,,Qwen/Qwen3-8B,identical,a0591d87bb65b5148b11da260a9537303e8d6a28b3ba0264b5ca2ec307e73201,cec73259ef6b1952599c9ec97de94f12f18e6321,NVIDIA H100 NVL,590.48.01,2.6.0+cu124,12.4,4.57.1,0.7.0,prefill-only,MPK,NORMAL,one_prefill_phase_then_decode,1089.363525390625,1354.5053081512451,2443.86883354187,,,21.50008425636897,16.283935546875,16.485618591308594,140.90769374847497,2976.7325205268103,1676.0310307094983,,[1089.363525390625],[1354.5053081512451],,30,1.0,1.0,0,0,30,20,True,"[[30, 30, 30, 30, 30, 30, 30, 30, 30, 30, 30, 30, 30, 30, 30, 30, 30, 30, 30, 30, 30, 30, 30, 30, 30, 30, 30, 30, 30, 30, 30, 30, 30, 30, 30, 30, 30, 30, 30, 30, 30, 30, 30, 30, 30, 30, 30, 30, 30, 30, 30, 30, 30, 30, 30, 30, 30, 30, 30, 30, 30, 30, 30, 30]]",0.7590376643045738,0.6291503926098829,,/data/home/hliu148/mirage/results/qwen3_3d_identical_b1_b64_repeat1/b64_in64_out64/summary.json
64,64,128,64,127,1,0,256,64,64,False,2.25,93.3447265625,completed,,Qwen/Qwen3-8B,identical,a0591d87bb65b5148b11da260a9537303e8d6a28b3ba0264b5ca2ec307e73201,cec73259ef6b1952599c9ec97de94f12f18e6321,NVIDIA H100 NVL,590.48.01,2.6.0+cu124,12.4,4.57.1,0.7.0,normal,NORMAL,NORMAL,one_prefill_phase_then_decode,503.9002685546875,2041.4856328964233,2545.385901451111,,,16.074690022806482,15.924192428588867,16.084531021118163,16.290442924499512,3981.4142549061876,3218.372505060936,,[503.9002685546875],[2041.4856328964233],,,,,0,0,30,20,True,,1.0,1.0,,/data/home/hliu148/mirage/results/qwen3_3d_identical_b1_b64_repeat1/b64_in64_out128/summary.json
64,64,128,64,127,1,0,256,64,64,False,2.25,93.3447265625,completed,,Qwen/Qwen3-8B,identical,a0591d87bb65b5148b11da260a9537303e8d6a28b3ba0264b5ca2ec307e73201,cec73259ef6b1952599c9ec97de94f12f18e6321,NVIDIA H100 NVL,590.48.01,2.6.0+cu124,12.4,4.57.1,0.7.0,always,MPK,MPK,split_two_mpk_launches,1092.36474609375,1272.85107421875,2365.2158203125,,,10.022449403297244,,,,6385.664564087987,3463.531712263639,,[1092.36474609375],[1272.85107421875],,30,1.0,1.0,0,0,30,20,True,"[[30, 30, 30, 30, 30, 30, 30, 30, 30, 30, 30, 30, 30, 30, 30, 30, 30, 30, 30, 30, 30, 30, 30, 30, 30, 30, 30, 30, 30, 30, 30, 30, 30, 30, 30, 30, 30, 30, 30, 30, 30, 30, 30, 30, 30, 30, 30, 30, 30, 30, 30, 30, 30, 30, 30, 30, 30, 30, 30, 30, 30, 30, 30, 30]]",1.603868413395845,1.0761749010772328,,/data/home/hliu148/mirage/results/qwen3_3d_identical_b1_b64_repeat1/b64_in64_out128/summary.json
64,64,128,64,127,1,0,256,64,64,False,2.25,93.3447265625,completed,,Qwen/Qwen3-8B,identical,a0591d87bb65b5148b11da260a9537303e8d6a28b3ba0264b5ca2ec307e73201,cec73259ef6b1952599c9ec97de94f12f18e6321,NVIDIA H100 NVL,590.48.01,2.6.0+cu124,12.4,4.57.1,0.7.0,always-continuous,MPK,MPK,continuous_one_mpk_launch,,,,3802.038818359375,2154.633445729769,,,,,,,,,,[3802.038818359375],30,1.0,1.0,0,0,30,20,True,"[[30, 30, 30, 30, 30, 30, 30, 30, 30, 30, 30, 30, 30, 30, 30, 30, 30, 30, 30, 30, 30, 30, 30, 30, 30, 30, 30, 30, 30, 30, 30, 30, 30, 30, 30, 30, 30, 30, 30, 30, 30, 30, 30, 30, 30, 30, 30, 30, 30, 30, 30, 30, 30, 30, 30, 30, 30, 30, 30, 30, 30, 30, 30, 30]]",,,0.6694791986762184,/data/home/hliu148/mirage/results/qwen3_3d_identical_b1_b64_repeat1/b64_in64_out128/summary.json
64,64,128,64,127,1,0,256,64,64,False,2.25,93.3447265625,completed,,Qwen/Qwen3-8B,identical,a0591d87bb65b5148b11da260a9537303e8d6a28b3ba0264b5ca2ec307e73201,cec73259ef6b1952599c9ec97de94f12f18e6321,NVIDIA H100 NVL,590.48.01,2.6.0+cu124,12.4,4.57.1,0.7.0,decode-only,NORMAL,MPK,one_prefill_phase_then_decode,474.1939697265625,1281.9315185546875,1756.12548828125,,,10.093948964997539,,,,6340.432294826409,4664.814704111863,,[474.1939697265625],[1281.9315185546875],,30,1.0,1.0,0,0,30,20,True,"[[30, 30, 30, 30, 30, 30, 30, 30, 30, 30, 30, 30, 30, 30, 30, 30, 30, 30, 30, 30, 30, 30, 30, 30, 30, 30, 30, 30, 30, 30, 30, 30, 30, 30, 30, 30, 30, 30, 30, 30, 30, 30, 30, 30, 30, 30, 30, 30, 30, 30, 30, 30, 30, 30, 30, 30, 30, 30, 30, 30, 30, 30, 30, 30]]",1.592507558592595,1.4494328101474818,,/data/home/hliu148/mirage/results/qwen3_3d_identical_b1_b64_repeat1/b64_in64_out128/summary.json
64,64,128,64,127,1,0,256,64,64,False,2.25,93.3447265625,completed,,Qwen/Qwen3-8B,identical,a0591d87bb65b5148b11da260a9537303e8d6a28b3ba0264b5ca2ec307e73201,cec73259ef6b1952599c9ec97de94f12f18e6321,NVIDIA H100 NVL,590.48.01,2.6.0+cu124,12.4,4.57.1,0.7.0,prefill-only,MPK,NORMAL,one_prefill_phase_then_decode,1092.379638671875,2350.5109157562256,3442.8905544281006,,,18.507959966584455,15.909088134765625,16.11288948059082,17.12013633728027,3457.9716033290547,2379.3959960370494,,[1092.379638671875],[2350.5109157562256],,30,1.0,1.0,0,0,30,20,True,"[[30, 30, 30, 30, 30, 30, 30, 30, 30, 30, 30, 30, 30, 30, 30, 30, 30, 30, 30, 30, 30, 30, 30, 30, 30, 30, 30, 30, 30, 30, 30, 30, 30, 30, 30, 30, 30, 30, 30, 30, 30, 30, 30, 30, 30, 30, 30, 30, 30, 30, 30, 30, 30, 30, 30, 30, 30, 30, 30, 30, 30, 30, 30, 30]]",0.868528462987214,0.7393165310402745,,/data/home/hliu148/mirage/results/qwen3_3d_identical_b1_b64_repeat1/b64_in64_out128/summary.json
64,64,256,64,255,1,0,512,64,64,False,4.5,93.3447265625,completed,,Qwen/Qwen3-8B,identical,a0591d87bb65b5148b11da260a9537303e8d6a28b3ba0264b5ca2ec307e73201,cec73259ef6b1952599c9ec97de94f12f18e6321,NVIDIA H100 NVL,590.48.01,2.6.0+cu124,12.4,4.57.1,0.7.0,normal,NORMAL,NORMAL,one_prefill_phase_then_decode,504.38409423828125,4098.0415687561035,4602.425662994385,,,16.070751250023935,15.983391761779785,16.105151748657228,16.62147846221924,3982.39005783284,3559.861951000074,,[504.38409423828125],[4098.0415687561035],,,,,0,0,30,20,True,,1.0,1.0,,/data/home/hliu148/mirage/results/qwen3_3d_identical_b1_b64_repeat1/b64_in64_out256/summary.json
64,64,256,64,255,1,0,512,64,64,False,4.5,93.3447265625,completed,,Qwen/Qwen3-8B,identical,a0591d87bb65b5148b11da260a9537303e8d6a28b3ba0264b5ca2ec307e73201,cec73259ef6b1952599c9ec97de94f12f18e6321,NVIDIA H100 NVL,590.48.01,2.6.0+cu124,12.4,4.57.1,0.7.0,always,MPK,MPK,split_two_mpk_launches,1088.361083984375,2623.6923828125,3712.053466796875,,,10.288989736519607,,,,6220.241407457062,4413.729529100164,,[1088.361083984375],[2623.6923828125],,30,1.0,1.0,0,0,30,20,True,"[[30, 30, 30, 30, 30, 30, 30, 30, 30, 30, 30, 30, 30, 30, 30, 30, 30, 30, 30, 30, 30, 30, 30, 30, 30, 30, 30, 30, 30, 30, 30, 30, 30, 30, 30, 30, 30, 30, 30, 30, 30, 30, 30, 30, 30, 30, 30, 30, 30, 30, 30, 30, 30, 30, 30, 30, 30, 30, 30, 30, 30, 30, 30, 30]]",1.5619367558490818,1.2398597445218942,,/data/home/hliu148/mirage/results/qwen3_3d_identical_b1_b64_repeat1/b64_in64_out256/summary.json
64,64,256,64,255,1,0,512,64,64,False,4.5,93.3447265625,completed,,Qwen/Qwen3-8B,identical,a0591d87bb65b5148b11da260a9537303e8d6a28b3ba0264b5ca2ec307e73201,cec73259ef6b1952599c9ec97de94f12f18e6321,NVIDIA H100 NVL,590.48.01,2.6.0+cu124,12.4,4.57.1,0.7.0,always-continuous,MPK,MPK,continuous_one_mpk_launch,,,,6278.42919921875,2609.5699226868287,,,,,,,,,,[6278.42919921875],30,1.0,1.0,0,0,30,20,True,"[[30, 30, 30, 30, 30, 30, 30, 30, 30, 30, 30, 30, 30, 30, 30, 30, 30, 30, 30, 30, 30, 30, 30, 30, 30, 30, 30, 30, 30, 30, 30, 30, 30, 30, 30, 30, 30, 30, 30, 30, 30, 30, 30, 30, 30, 30, 30, 30, 30, 30, 30, 30, 30, 30, 30, 30, 30, 30, 30, 30, 30, 30, 30, 30]]",,,0.733053685397469,/data/home/hliu148/mirage/results/qwen3_3d_identical_b1_b64_repeat1/b64_in64_out256/summary.json
64,64,256,64,255,1,0,512,64,64,False,4.5,93.3447265625,completed,,Qwen/Qwen3-8B,identical,a0591d87bb65b5148b11da260a9537303e8d6a28b3ba0264b5ca2ec307e73201,cec73259ef6b1952599c9ec97de94f12f18e6321,NVIDIA H100 NVL,590.48.01,2.6.0+cu124,12.4,4.57.1,0.7.0,decode-only,NORMAL,MPK,one_prefill_phase_then_decode,468.1092224121094,2630.4765625,3098.5857849121094,,,10.315594362745099,,,,6204.198977728014,5287.573472962514,,[468.1092224121094],[2630.4765625],,30,1.0,1.0,0,0,30,20,True,"[[30, 30, 30, 30, 30, 30, 30, 30, 30, 30, 30, 30, 30, 30, 30, 30, 30, 30, 30, 30, 30, 30, 30, 30, 30, 30, 30, 30, 30, 30, 30, 30, 30, 30, 30, 30, 30, 30, 30, 30, 30, 30, 30, 30, 30, 30, 30, 30, 30, 30, 30, 30, 30, 30, 30, 30, 30, 30, 30, 30, 30, 30, 30, 30]]",1.5579084136987453,1.485331045344911,,/data/home/hliu148/mirage/results/qwen3_3d_identical_b1_b64_repeat1/b64_in64_out256/summary.json
64,64,256,64,255,1,0,512,64,64,False,4.5,93.3447265625,completed,,Qwen/Qwen3-8B,identical,a0591d87bb65b5148b11da260a9537303e8d6a28b3ba0264b5ca2ec307e73201,cec73259ef6b1952599c9ec97de94f12f18e6321,NVIDIA H100 NVL,590.48.01,2.6.0+cu124,12.4,4.57.1,0.7.0,prefill-only,MPK,NORMAL,one_prefill_phase_then_decode,1088.439453125,4441.511793136597,5529.951246261597,,,17.417693306418027,16.06831932067871,16.229465866088866,17.783233833313,3674.4245563456698,2962.774764257831,,[1088.439453125],[4441.511793136597],,30,1.0,1.0,0,0,30,20,True,"[[30, 30, 30, 30, 30, 30, 30, 30, 30, 30, 30, 30, 30, 30, 30, 30, 30, 30, 30, 30, 30, 30, 30, 30, 30, 30, 30, 30, 30, 30, 30, 30, 30, 30, 30, 30, 30, 30, 30, 30, 30, 30, 30, 30, 30, 30, 30, 30, 30, 30, 30, 30, 30, 30, 30, 30, 30, 30, 30, 30, 30, 30, 30, 30]]",0.9226681723751691,0.832272376018822,,/data/home/hliu148/mirage/results/qwen3_3d_identical_b1_b64_repeat1/b64_in64_out256/summary.json
64,64,512,64,511,1,0,1024,64,64,False,9.0,93.3447265625,completed,,Qwen/Qwen3-8B,identical,a0591d87bb65b5148b11da260a9537303e8d6a28b3ba0264b5ca2ec307e73201,cec73259ef6b1952599c9ec97de94f12f18e6321,NVIDIA H100 NVL,590.48.01,2.6.0+cu124,12.4,4.57.1,0.7.0,normal,NORMAL,NORMAL,one_prefill_phase_then_decode,505.78729248046875,8132.615931510925,8638.403223991394,,,15.915099670275783,15.87673568725586,15.978431701660156,16.38865509033203,4021.338309274376,3793.2936389208594,,[505.78729248046875],[8132.615931510925],,,,,0,0,30,20,True,,1.0,1.0,,/data/home/hliu148/mirage/results/qwen3_3d_identical_b1_b64_repeat1/b64_in64_out512/summary.json
64,64,512,64,511,1,0,1024,64,64,False,9.0,93.3447265625,completed,,Qwen/Qwen3-8B,identical,a0591d87bb65b5148b11da260a9537303e8d6a28b3ba0264b5ca2ec307e73201,cec73259ef6b1952599c9ec97de94f12f18e6321,NVIDIA H100 NVL,590.48.01,2.6.0+cu124,12.4,4.57.1,0.7.0,always,MPK,MPK,split_two_mpk_launches,1088.9713134765625,5563.1806640625,6652.1519775390625,,,10.886850614603718,,,,5878.65143608656,4925.92473993993,,[1088.9713134765625],[5563.1806640625],,30,1.0,1.0,0,0,30,20,True,"[[30, 30, 30, 30, 30, 30, 30, 30, 30, 30, 30, 30, 30, 30, 30, 30, 30, 30, 30, 30, 30, 30, 30, 30, 30, 30, 30, 30, 30, 30, 30, 30, 30, 30, 30, 30, 30, 30, 30, 30, 30, 30, 30, 30, 30, 30, 30, 30, 30, 30, 30, 30, 30, 30, 30, 30, 30, 30, 30, 30, 30, 30, 30, 30]]",1.4618644301894919,1.2985877732738056,,/data/home/hliu148/mirage/results/qwen3_3d_identical_b1_b64_repeat1/b64_in64_out512/summary.json
64,64,512,64,511,1,0,1024,64,64,False,9.0,93.3447265625,completed,,Qwen/Qwen3-8B,identical,a0591d87bb65b5148b11da260a9537303e8d6a28b3ba0264b5ca2ec307e73201,cec73259ef6b1952599c9ec97de94f12f18e6321,NVIDIA H100 NVL,590.48.01,2.6.0+cu124,12.4,4.57.1,0.7.0,always-continuous,MPK,MPK,continuous_one_mpk_launch,,,,9935.6474609375,3298.0236193795167,,,,,,,,,,[9935.6474609375],30,1.0,1.0,0,0,30,20,True,"[[30, 30, 30, 30, 30, 30, 30, 30, 30, 30, 30, 30, 30, 30, 30, 30, 30, 30, 30, 30, 30, 30, 30, 30, 30, 30, 30, 30, 30, 30, 30, 30, 30, 30, 30, 30, 30, 30, 30, 30, 30, 30, 30, 30, 30, 30, 30, 30, 30, 30, 30, 30, 30, 30, 30, 30, 30, 30, 30, 30, 30, 30, 30, 30]]",,,0.8694353596938411,/data/home/hliu148/mirage/results/qwen3_3d_identical_b1_b64_repeat1/b64_in64_out512/summary.json
64,64,512,64,511,1,0,1024,64,64,False,9.0,93.3447265625,completed,,Qwen/Qwen3-8B,identical,a0591d87bb65b5148b11da260a9537303e8d6a28b3ba0264b5ca2ec307e73201,cec73259ef6b1952599c9ec97de94f12f18e6321,NVIDIA H100 NVL,590.48.01,2.6.0+cu124,12.4,4.57.1,0.7.0,decode-only,NORMAL,MPK,one_prefill_phase_then_decode,471.73638916015625,5574.86865234375,6046.605041503906,,,10.909723390105185,,,,5866.326552151287,5419.23935416327,,[471.73638916015625],[5574.86865234375],,30,1.0,1.0,0,0,30,20,True,"[[30, 30, 30, 30, 30, 30, 30, 30, 30, 30, 30, 30, 30, 30, 30, 30, 30, 30, 30, 30, 30, 30, 30, 30, 30, 30, 30, 30, 30, 30, 30, 30, 30, 30, 30, 30, 30, 30, 30, 30, 30, 30, 30, 30, 30, 30, 30, 30, 30, 30, 30, 30, 30, 30, 30, 30, 30, 30, 30, 30, 30, 30, 30, 30]]",1.4587995589980158,1.4286369234797678,,/data/home/hliu148/mirage/results/qwen3_3d_identical_b1_b64_repeat1/b64_in64_out512/summary.json
64,64,512,64,511,1,0,1024,64,64,False,9.0,93.3447265625,completed,,Qwen/Qwen3-8B,identical,a0591d87bb65b5148b11da260a9537303e8d6a28b3ba0264b5ca2ec307e73201,cec73259ef6b1952599c9ec97de94f12f18e6321,NVIDIA H100 NVL,590.48.01,2.6.0+cu124,12.4,4.57.1,0.7.0,prefill-only,MPK,NORMAL,one_prefill_phase_then_decode,1091.8802490234375,8558.381889343262,9650.2621383667,,,16.748301153313623,16.089439392089844,16.19715118408203,17.103501319885247,3821.28309099205,3395.555429496961,,[1091.8802490234375],[8558.381889343262],,30,1.0,1.0,0,0,30,20,True,"[[30, 30, 30, 30, 30, 30, 30, 30, 30, 30, 30, 30, 30, 30, 30, 30, 30, 30, 30, 30, 30, 30, 30, 30, 30, 30, 30, 30, 30, 30, 30, 30, 30, 30, 30, 30, 30, 30, 30, 30, 30, 30, 30, 30, 30, 30, 30, 30, 30, 30, 30, 30, 30, 30, 30, 30, 30, 30, 30, 30, 30, 30, 30, 30]]",0.9502515822105938,0.8951470022402354,,/data/home/hliu148/mirage/results/qwen3_3d_identical_b1_b64_repeat1/b64_in64_out512/summary.json
64,128,16,128,15,1,0,256,64,64,False,2.25,93.3447265625,completed,,Qwen/Qwen3-8B,identical,ad18e4bc063ce9fb0bf1a98f5d8507d03162351471738476b0cf35d2af28d017,cec73259ef6b1952599c9ec97de94f12f18e6321,NVIDIA H100 NVL,590.48.01,2.6.0+cu124,12.4,4.57.1,0.7.0,normal,NORMAL,NORMAL,one_prefill_phase_then_decode,656.9956665039062,255.74172973632812,912.7373962402344,,,17.049448649088543,15.95088005065918,16.12275848388672,30.202901535034172,3753.7870764766003,1121.8999070467373,,[656.9956665039062],[255.74172973632812],,,,,0,0,16,11,True,,1.0,1.0,,/data/home/hliu148/mirage/results/qwen3_3d_identical_b1_b64_repeat1/b64_in128_out16/summary.json
64,128,16,128,15,1,0,256,64,64,False,2.25,93.3447265625,completed,,Qwen/Qwen3-8B,identical,ad18e4bc063ce9fb0bf1a98f5d8507d03162351471738476b0cf35d2af28d017,cec73259ef6b1952599c9ec97de94f12f18e6321,NVIDIA H100 NVL,590.48.01,2.6.0+cu124,12.4,4.57.1,0.7.0,always,MPK,MPK,split_two_mpk_launches,2203.38720703125,152.16455078125,2355.5517578125,,,10.144303385416666,,,,6308.959577451682,434.71768200540197,,[2203.38720703125],[152.16455078125],,16,1.0,1.0,0,0,16,11,True,"[[16, 16, 16, 16, 16, 16, 16, 16, 16, 16, 16, 16, 16, 16, 16, 16, 16, 16, 16, 16, 16, 16, 16, 16, 16, 16, 16, 16, 16, 16, 16, 16, 16, 16, 16, 16, 16, 16, 16, 16, 16, 16, 16, 16, 16, 16, 16, 16, 16, 16, 16, 16, 16, 16, 16, 16, 16, 16, 16, 16, 16, 16, 16, 16]]",1.680691911639653,0.3874834816144539,,/data/home/hliu148/mirage/results/qwen3_3d_identical_b1_b64_repeat1/b64_in128_out16/summary.json
64,128,16,128,15,1,0,256,64,64,False,2.25,93.3447265625,completed,,Qwen/Qwen3-8B,identical,ad18e4bc063ce9fb0bf1a98f5d8507d03162351471738476b0cf35d2af28d017,cec73259ef6b1952599c9ec97de94f12f18e6321,NVIDIA H100 NVL,590.48.01,2.6.0+cu124,12.4,4.57.1,0.7.0,always-continuous,MPK,MPK,continuous_one_mpk_launch,,,,2627.0751953125,389.787091677896,,,,,,,,,,[2627.0751953125],16,1.0,1.0,0,0,16,11,True,"[[16, 16, 16, 16, 16, 16, 16, 16, 16, 16, 16, 16, 16, 16, 16, 16, 16, 16, 16, 16, 16, 16, 16, 16, 16, 16, 16, 16, 16, 16, 16, 16, 16, 16, 16, 16, 16, 16, 16, 16, 16, 16, 16, 16, 16, 16, 16, 16, 16, 16, 16, 16, 16, 16, 16, 16, 16, 16, 16, 16, 16, 16, 16, 16]]",,,0.34743481947864874,/data/home/hliu148/mirage/results/qwen3_3d_identical_b1_b64_repeat1/b64_in128_out16/summary.json
64,128,16,128,15,1,0,256,64,64,False,2.25,93.3447265625,completed,,Qwen/Qwen3-8B,identical,ad18e4bc063ce9fb0bf1a98f5d8507d03162351471738476b0cf35d2af28d017,cec73259ef6b1952599c9ec97de94f12f18e6321,NVIDIA H100 NVL,590.48.01,2.6.0+cu124,12.4,4.57.1,0.7.0,decode-only,NORMAL,MPK,one_prefill_phase_then_decode,620.1051635742188,161.4593963623047,781.5645599365234,,,10.76395975748698,,,,5945.767305148476,1310.192468403591,,[620.1051635742188],[161.4593963623047],,16,1.0,1.0,0,0,16,11,True,"[[16, 16, 16, 16, 16, 16, 16, 16, 16, 16, 16, 16, 16, 16, 16, 16, 16, 16, 16, 16, 16, 16, 16, 16, 16, 16, 16, 16, 16, 16, 16, 16, 16, 16, 16, 16, 16, 16, 16, 16, 16, 16, 16, 16, 16, 16, 16, 16, 16, 16, 16, 16, 16, 16, 16, 16, 16, 16, 16, 16, 16, 16, 16, 16]]",1.5839383491962267,1.1678336544768155,,/data/home/hliu148/mirage/results/qwen3_3d_identical_b1_b64_repeat1/b64_in128_out16/summary.json
64,128,16,128,15,1,0,256,64,64,False,2.25,93.3447265625,completed,,Qwen/Qwen3-8B,identical,ad18e4bc063ce9fb0bf1a98f5d8507d03162351471738476b0cf35d2af28d017,cec73259ef6b1952599c9ec97de94f12f18e6321,NVIDIA H100 NVL,590.48.01,2.6.0+cu124,12.4,4.57.1,0.7.0,prefill-only,MPK,NORMAL,one_prefill_phase_then_decode,2200.853271484375,576.2506370544434,2777.1039085388184,,,38.41670913696289,16.407136917114258,16.962060928344727,299.8573788833616,1665.9417591399565,368.7294511564678,,[2200.853271484375],[576.2506370544434],,16,1.0,1.0,0,0,16,11,True,"[[16, 16, 16, 16, 16, 16, 16, 16, 16, 16, 16, 16, 16, 16, 16, 16, 16, 16, 16, 16, 16, 16, 16, 16, 16, 16, 16, 16, 16, 16, 16, 16, 16, 16, 16, 16, 16, 16, 16, 16, 16, 16, 16, 16, 16, 16, 16, 16, 16, 16, 16, 16, 16, 16, 16, 16, 16, 16, 16, 16, 16, 16, 16, 16]]",0.4438029449192019,0.32866519449770026,,/data/home/hliu148/mirage/results/qwen3_3d_identical_b1_b64_repeat1/b64_in128_out16/summary.json
64,128,32,128,31,1,0,256,64,64,False,2.25,93.3447265625,completed,,Qwen/Qwen3-8B,identical,ad18e4bc063ce9fb0bf1a98f5d8507d03162351471738476b0cf35d2af28d017,cec73259ef6b1952599c9ec97de94f12f18e6321,NVIDIA H100 NVL,590.48.01,2.6.0+cu124,12.4,4.57.1,0.7.0,normal,NORMAL,NORMAL,one_prefill_phase_then_decode,661.7858276367188,516.2700777053833,1178.055905342102,,,16.653873474367202,16.027040481567383,16.135168075561523,29.07379264831542,3842.9498157594116,1738.4573946898302,,[661.7858276367188],[516.2700777053833],,,,,0,0,30,20,True,,1.0,1.0,,/data/home/hliu148/mirage/results/qwen3_3d_identical_b1_b64_repeat1/b64_in128_out32/summary.json
64,128,32,128,31,1,0,256,64,64,False,2.25,93.3447265625,completed,,Qwen/Qwen3-8B,identical,ad18e4bc063ce9fb0bf1a98f5d8507d03162351471738476b0cf35d2af28d017,cec73259ef6b1952599c9ec97de94f12f18e6321,NVIDIA H100 NVL,590.48.01,2.6.0+cu124,12.4,4.57.1,0.7.0,always,MPK,MPK,split_two_mpk_launches,2200.755615234375,314.2098693847656,2514.9654846191406,,,10.135802238218245,,,,6314.251057373673,814.3252909533045,,[2200.755615234375],[314.2098693847656],,30,1.0,1.0,0,0,30,20,True,"[[30, 30, 30, 30, 30, 30, 30, 30, 30, 30, 30, 30, 30, 30, 30, 30, 30, 30, 30, 30, 30, 30, 30, 30, 30, 30, 30, 30, 30, 30, 30, 30, 30, 30, 30, 30, 30, 30, 30, 30, 30, 30, 30, 30, 30, 30, 30, 30, 30, 30, 30, 30, 30, 30, 30, 30, 30, 30, 30, 30, 30, 30, 30, 30]]",1.6430740342951637,0.4684183192758622,,/data/home/hliu148/mirage/results/qwen3_3d_identical_b1_b64_repeat1/b64_in128_out32/summary.json
64,128,32,128,31,1,0,256,64,64,False,2.25,93.3447265625,completed,,Qwen/Qwen3-8B,identical,ad18e4bc063ce9fb0bf1a98f5d8507d03162351471738476b0cf35d2af28d017,cec73259ef6b1952599c9ec97de94f12f18e6321,NVIDIA H100 NVL,590.48.01,2.6.0+cu124,12.4,4.57.1,0.7.0,always-continuous,MPK,MPK,continuous_one_mpk_launch,,,,3010.883544921875,680.199007847426,,,,,,,,,,[3010.883544921875],29,0.9885416666666667,1.0,0,0,30,20,True,"[[30, 30, 30, 30, 30, 30, 30, 30, 30, 30, 29, 30, 30, 30, 29, 30, 30, 30, 29, 30, 29, 30, 29, 29, 29, 30, 30, 29, 29, 30, 30, 30, 30, 30, 29, 29, 29, 30, 30, 29, 30, 30, 30, 30, 30, 30, 29, 30, 30, 29, 30, 29, 30, 29, 30, 29, 30, 29, 30, 29, 30, 29, 30, 29]]",,,0.3912658486340327,/data/home/hliu148/mirage/results/qwen3_3d_identical_b1_b64_repeat1/b64_in128_out32/summary.json
64,128,32,128,31,1,0,256,64,64,False,2.25,93.3447265625,completed,,Qwen/Qwen3-8B,identical,ad18e4bc063ce9fb0bf1a98f5d8507d03162351471738476b0cf35d2af28d017,cec73259ef6b1952599c9ec97de94f12f18e6321,NVIDIA H100 NVL,590.48.01,2.6.0+cu124,12.4,4.57.1,0.7.0,decode-only,NORMAL,MPK,one_prefill_phase_then_decode,623.1400146484375,326.3201904296875,949.460205078125,,,10.52645775579637,,,,6079.918001357915,2157.0151008398325,,[623.1400146484375],[326.3201904296875],,30,1.0,1.0,0,0,30,20,True,"[[30, 30, 30, 30, 30, 30, 30, 30, 30, 30, 30, 30, 30, 30, 30, 30, 30, 30, 30, 30, 30, 30, 30, 30, 30, 30, 30, 30, 30, 30, 30, 30, 30, 30, 30, 30, 30, 30, 30, 30, 30, 30, 30, 30, 30, 30, 30, 30, 30, 30, 30, 30, 30, 30, 30, 30, 30, 30, 30, 30, 30, 30, 30, 30]]",1.5820966426428476,1.2407638561799095,,/data/home/hliu148/mirage/results/qwen3_3d_identical_b1_b64_repeat1/b64_in128_out32/summary.json
64,128,32,128,31,1,0,256,64,64,False,2.25,93.3447265625,completed,,Qwen/Qwen3-8B,identical,ad18e4bc063ce9fb0bf1a98f5d8507d03162351471738476b0cf35d2af28d017,cec73259ef6b1952599c9ec97de94f12f18e6321,NVIDIA H100 NVL,590.48.01,2.6.0+cu124,12.4,4.57.1,0.7.0,prefill-only,MPK,NORMAL,one_prefill_phase_then_decode,2199.085205078125,844.1749267578125,3043.2601318359375,,,27.231449250252016,16.330720901489258,16.4486083984375,252.85940475463843,2350.223794989821,672.9625175894782,,[2199.085205078125],[844.1749267578125],,30,1.0,1.0,0,0,30,20,True,"[[30, 30, 30, 30, 30, 30, 30, 30, 30, 30, 30, 30, 30, 30, 30, 30, 30, 30, 30, 30, 30, 30, 30, 30, 30, 30, 30, 30, 30, 30, 30, 30, 30, 30, 30, 30, 30, 30, 30, 30, 30, 30, 30, 30, 30, 30, 30, 30, 30, 30, 30, 30, 30, 30, 30, 30, 30, 30, 30, 30, 30, 30, 30, 30]]",0.6115676518469937,0.387103255820397,,/data/home/hliu148/mirage/results/qwen3_3d_identical_b1_b64_repeat1/b64_in128_out32/summary.json
64,128,64,128,63,1,0,256,64,64,False,2.25,93.3447265625,completed,,Qwen/Qwen3-8B,identical,ad18e4bc063ce9fb0bf1a98f5d8507d03162351471738476b0cf35d2af28d017,cec73259ef6b1952599c9ec97de94f12f18e6321,NVIDIA H100 NVL,590.48.01,2.6.0+cu124,12.4,4.57.1,0.7.0,normal,NORMAL,NORMAL,one_prefill_phase_then_decode,658.1326904296875,1015.6832981109619,1673.8159885406494,,,16.121957112872412,15.846336364746094,15.98917121887207,22.5653701782227,3969.7413627840415,2447.1029241220126,,[658.1326904296875],[1015.6832981109619],,,,,0,0,30,20,True,,1.0,1.0,,/data/home/hliu148/mirage/results/qwen3_3d_identical_b1_b64_repeat1/b64_in128_out64/summary.json
64,128,64,128,63,1,0,256,64,64,False,2.25,93.3447265625,completed,,Qwen/Qwen3-8B,identical,ad18e4bc063ce9fb0bf1a98f5d8507d03162351471738476b0cf35d2af28d017,cec73259ef6b1952599c9ec97de94f12f18e6321,NVIDIA H100 NVL,590.48.01,2.6.0+cu124,12.4,4.57.1,0.7.0,always,MPK,MPK,split_two_mpk_launches,2210.248046875,639.2684326171875,2849.5164794921875,,,10.147117978050595,,,,6307.209607539747,1437.43685270069,,[2210.248046875],[639.2684326171875],,30,1.0,1.0,0,0,30,20,True,"[[30, 30, 30, 30, 30, 30, 30, 30, 30, 30, 30, 30, 30, 30, 30, 30, 30, 30, 30, 30, 30, 30, 30, 30, 30, 30, 30, 30, 30, 30, 30, 30, 30, 30, 30, 30, 30, 30, 30, 30, 30, 30, 30, 30, 30, 30, 30, 30, 30, 30, 30, 30, 30, 30, 30, 30, 30, 30, 30, 30, 30, 30, 30, 30]]",1.5888212936664472,0.5874035123456947,,/data/home/hliu148/mirage/results/qwen3_3d_identical_b1_b64_repeat1/b64_in128_out64/summary.json
64,128,64,128,63,1,0,256,64,64,False,2.25,93.3447265625,completed,,Qwen/Qwen3-8B,identical,ad18e4bc063ce9fb0bf1a98f5d8507d03162351471738476b0cf35d2af28d017,cec73259ef6b1952599c9ec97de94f12f18e6321,NVIDIA H100 NVL,590.48.01,2.6.0+cu124,12.4,4.57.1,0.7.0,always-continuous,MPK,MPK,continuous_one_mpk_launch,,,,3740.596923828125,1095.0123959916418,,,,,,,,,,[3740.596923828125],29,0.9848958333333333,1.0,0,0,30,20,True,"[[30, 30, 30, 30, 30, 30, 30, 30, 30, 30, 29, 30, 30, 30, 29, 30, 30, 30, 30, 30, 29, 30, 30, 29, 29, 29, 30, 30, 29, 29, 30, 30, 30, 30, 30, 30, 30, 30, 30, 30, 30, 29, 30, 29, 29, 30, 29, 29, 29, 29, 29, 29, 29, 29, 29, 29, 29, 29, 29, 29, 29, 29, 29, 29]]",,,0.44747296290552124,/data/home/hliu148/mirage/results/qwen3_3d_identical_b1_b64_repeat1/b64_in128_out64/summary.json
64,128,64,128,63,1,0,256,64,64,False,2.25,93.3447265625,completed,,Qwen/Qwen3-8B,identical,ad18e4bc063ce9fb0bf1a98f5d8507d03162351471738476b0cf35d2af28d017,cec73259ef6b1952599c9ec97de94f12f18e6321,NVIDIA H100 NVL,590.48.01,2.6.0+cu124,12.4,4.57.1,0.7.0,decode-only,NORMAL,MPK,one_prefill_phase_then_decode,625.1510009765625,650.1505126953125,1275.301513671875,,,10.319849407862103,,,,6201.64088356193,3211.789491417375,,[625.1510009765625],[650.1505126953125],,30,1.0,1.0,0,0,30,20,True,"[[30, 30, 30, 30, 30, 30, 30, 30, 30, 30, 30, 30, 30, 30, 30, 30, 30, 30, 30, 30, 30, 30, 30, 30, 30, 30, 30, 30, 30, 30, 30, 30, 30, 30, 30, 30, 30, 30, 30, 30, 30, 30, 30, 30, 30, 30, 30, 30, 30, 30, 30, 30, 30, 30, 30, 30, 30, 30, 30, 30, 30, 30, 30, 30]]",1.5622279430347128,1.3124864752346785,,/data/home/hliu148/mirage/results/qwen3_3d_identical_b1_b64_repeat1/b64_in128_out64/summary.json
64,128,64,128,63,1,0,256,64,64,False,2.25,93.3447265625,completed,,Qwen/Qwen3-8B,identical,ad18e4bc063ce9fb0bf1a98f5d8507d03162351471738476b0cf35d2af28d017,cec73259ef6b1952599c9ec97de94f12f18e6321,NVIDIA H100 NVL,590.48.01,2.6.0+cu124,12.4,4.57.1,0.7.0,prefill-only,MPK,NORMAL,one_prefill_phase_then_decode,2209.765869140625,1334.9097900390625,3544.6756591796875,,,21.189044286334326,15.985695838928223,16.123123168945312,140.85850093841634,3020.428818551113,1155.5359061956885,,[2209.765869140625],[1334.9097900390625],,30,1.0,1.0,0,0,30,20,True,"[[30, 30, 30, 30, 30, 30, 30, 30, 30, 30, 30, 30, 30, 30, 30, 30, 30, 30, 30, 30, 30, 30, 30, 30, 30, 30, 30, 30, 30, 30, 30, 30, 30, 30, 30, 30, 30, 30, 30, 30, 30, 30, 30, 30, 30, 30, 30, 30, 30, 30, 30, 30, 30, 30, 30, 30, 30, 30, 30, 30, 30, 30, 30, 30]]",0.7608628730494521,0.47220568240311317,,/data/home/hliu148/mirage/results/qwen3_3d_identical_b1_b64_repeat1/b64_in128_out64/summary.json
64,128,128,128,127,1,0,256,64,64,False,2.25,93.3447265625,completed,,Qwen/Qwen3-8B,identical,ad18e4bc063ce9fb0bf1a98f5d8507d03162351471738476b0cf35d2af28d017,cec73259ef6b1952599c9ec97de94f12f18e6321,NVIDIA H100 NVL,590.48.01,2.6.0+cu124,12.4,4.57.1,0.7.0,normal,NORMAL,NORMAL,one_prefill_phase_then_decode,657.9686889648438,2053.0321006774902,2711.000789642334,,,16.165607091948743,16.02751922607422,16.151385879516603,16.382209014892577,3959.0223637116055,3021.762306856717,,[657.9686889648438],[2053.0321006774902],,,,,0,0,30,20,True,,1.0,1.0,,/data/home/hliu148/mirage/results/qwen3_3d_identical_b1_b64_repeat1/b64_in128_out128/summary.json
64,128,128,128,127,1,0,256,64,64,False,2.25,93.3447265625,completed,,Qwen/Qwen3-8B,identical,ad18e4bc063ce9fb0bf1a98f5d8507d03162351471738476b0cf35d2af28d017,cec73259ef6b1952599c9ec97de94f12f18e6321,NVIDIA H100 NVL,590.48.01,2.6.0+cu124,12.4,4.57.1,0.7.0,always,MPK,MPK,split_two_mpk_launches,2200.80908203125,1306.2174072265625,3507.0264892578125,,,10.285176434854822,,,,6222.547605806178,2335.8819858054912,,[2200.80908203125],[1306.2174072265625],,30,1.0,1.0,0,0,30,20,True,"[[30, 30, 30, 30, 30, 30, 30, 30, 30, 30, 30, 30, 30, 30, 30, 30, 30, 30, 30, 30, 30, 30, 30, 30, 30, 30, 30, 30, 30, 30, 30, 30, 30, 30, 30, 30, 30, 30, 30, 30, 30, 30, 30, 30, 30, 30, 30, 30, 30, 30, 30, 30, 30, 30, 30, 30, 30, 30, 30, 30, 30, 30, 30, 30]]",1.571738432912641,0.7730197641638172,,/data/home/hliu148/mirage/results/qwen3_3d_identical_b1_b64_repeat1/b64_in128_out128/summary.json
64,128,128,128,127,1,0,256,64,64,False,2.25,93.3447265625,completed,,Qwen/Qwen3-8B,identical,ad18e4bc063ce9fb0bf1a98f5d8507d03162351471738476b0cf35d2af28d017,cec73259ef6b1952599c9ec97de94f12f18e6321,NVIDIA H100 NVL,590.48.01,2.6.0+cu124,12.4,4.57.1,0.7.0,always-continuous,MPK,MPK,continuous_one_mpk_launch,,,,5127.7705078125,1597.5753960749496,,,,,,,,,,[5127.7705078125],29,0.9880208333333333,1.0,0,0,30,20,True,"[[30, 30, 30, 30, 30, 30, 30, 30, 30, 30, 29, 30, 30, 30, 29, 30, 30, 30, 30, 30, 29, 30, 30, 29, 29, 29, 30, 30, 29, 30, 29, 29, 30, 30, 29, 29, 29, 30, 30, 29, 30, 30, 30, 29, 30, 30, 29, 29, 30, 30, 30, 30, 30, 29, 30, 29, 29, 30, 30, 29, 29, 30, 29, 29]]",,,0.5286899609707462,/data/home/hliu148/mirage/results/qwen3_3d_identical_b1_b64_repeat1/b64_in128_out128/summary.json
64,128,128,128,127,1,0,256,64,64,False,2.25,93.3447265625,completed,,Qwen/Qwen3-8B,identical,ad18e4bc063ce9fb0bf1a98f5d8507d03162351471738476b0cf35d2af28d017,cec73259ef6b1952599c9ec97de94f12f18e6321,NVIDIA H100 NVL,590.48.01,2.6.0+cu124,12.4,4.57.1,0.7.0,decode-only,NORMAL,MPK,one_prefill_phase_then_decode,621.7195434570312,1315.0068359375,1936.7263793945312,,,10.354384534940944,,,,6180.956461876758,4229.817948037153,,[621.7195434570312],[1315.0068359375],,30,1.0,1.0,0,0,30,20,True,"[[30, 30, 30, 30, 30, 30, 30, 30, 30, 30, 30, 30, 30, 30, 30, 30, 30, 30, 30, 30, 30, 30, 30, 30, 30, 30, 30, 30, 30, 30, 30, 30, 30, 30, 30, 30, 30, 30, 30, 30, 30, 30, 30, 30, 30, 30, 30, 30, 30, 30, 30, 30, 30, 30, 30, 30, 30, 30, 30, 30, 30, 30, 30, 30]]",1.5612330252365831,1.3997851314907273,,/data/home/hliu148/mirage/results/qwen3_3d_identical_b1_b64_repeat1/b64_in128_out128/summary.json
64,128,128,128,127,1,0,256,64,64,False,2.25,93.3447265625,completed,,Qwen/Qwen3-8B,identical,ad18e4bc063ce9fb0bf1a98f5d8507d03162351471738476b0cf35d2af28d017,cec73259ef6b1952599c9ec97de94f12f18e6321,NVIDIA H100 NVL,590.48.01,2.6.0+cu124,12.4,4.57.1,0.7.0,prefill-only,MPK,NORMAL,one_prefill_phase_then_decode,2199.22119140625,2382.4451780319214,4581.666369438171,,,18.75941085064505,16.091392517089844,16.332742309570314,17.253246879577635,3411.6209996967646,1787.9957507697243,,[2199.22119140625],[2382.4451780319214],,30,1.0,1.0,0,0,30,20,True,"[[30, 30, 30, 30, 30, 30, 30, 30, 30, 30, 30, 30, 30, 30, 30, 30, 30, 30, 30, 30, 30, 30, 30, 30, 30, 30, 30, 30, 30, 30, 30, 30, 30, 30, 30, 30, 30, 30, 30, 30, 30, 30, 30, 30, 30, 30, 30, 30, 30, 30, 30, 30, 30, 30, 30, 30, 30, 30, 30, 30, 30, 30, 30, 30]]",0.8617331973084261,0.5917062856706372,,/data/home/hliu148/mirage/results/qwen3_3d_identical_b1_b64_repeat1/b64_in128_out128/summary.json
64,128,256,128,255,1,0,512,64,64,False,4.5,93.3447265625,completed,,Qwen/Qwen3-8B,identical,ad18e4bc063ce9fb0bf1a98f5d8507d03162351471738476b0cf35d2af28d017,cec73259ef6b1952599c9ec97de94f12f18e6321,NVIDIA H100 NVL,590.48.01,2.6.0+cu124,12.4,4.57.1,0.7.0,normal,NORMAL,NORMAL,one_prefill_phase_then_decode,662.5147705078125,4137.596385002136,4800.111155509949,,,16.225868176478965,16.14076805114746,16.278349304199217,16.674428062438967,3944.3189913729525,3413.2542912455565,,[662.5147705078125],[4137.596385002136],,,,,0,0,30,20,True,,1.0,1.0,,/data/home/hliu148/mirage/results/qwen3_3d_identical_b1_b64_repeat1/b64_in128_out256/summary.json
64,128,256,128,255,1,0,512,64,64,False,4.5,93.3447265625,completed,,Qwen/Qwen3-8B,identical,ad18e4bc063ce9fb0bf1a98f5d8507d03162351471738476b0cf35d2af28d017,cec73259ef6b1952599c9ec97de94f12f18e6321,NVIDIA H100 NVL,590.48.01,2.6.0+cu124,12.4,4.57.1,0.7.0,always,MPK,MPK,split_two_mpk_launches,2208.12744140625,2695.30126953125,4903.4287109375,,,10.569808900122549,,,,6054.981750829759,3341.3354136166276,,[2208.12744140625],[2695.30126953125],,30,1.0,1.0,0,0,30,20,True,"[[30, 30, 30, 30, 30, 30, 30, 30, 30, 30, 30, 30, 30, 30, 30, 30, 30, 30, 30, 30, 30, 30, 30, 30, 30, 30, 30, 30, 30, 30, 30, 30, 30, 30, 30, 30, 30, 30, 30, 30, 30, 30, 30, 30, 30, 30, 30, 30, 30, 30, 30, 30, 30, 30, 30, 30, 30, 30, 30, 30, 30, 30, 30, 30]]",1.5351146203117105,0.9789295283936538,,/data/home/hliu148/mirage/results/qwen3_3d_identical_b1_b64_repeat1/b64_in128_out256/summary.json
64,128,256,128,255,1,0,512,64,64,False,4.5,93.3447265625,completed,,Qwen/Qwen3-8B,identical,ad18e4bc063ce9fb0bf1a98f5d8507d03162351471738476b0cf35d2af28d017,cec73259ef6b1952599c9ec97de94f12f18e6321,NVIDIA H100 NVL,590.48.01,2.6.0+cu124,12.4,4.57.1,0.7.0,always-continuous,MPK,MPK,continuous_one_mpk_launch,,,,7959.74755859375,2058.356735486039,,,,,,,,,,[7959.74755859375],29,0.990625,1.0,0,0,30,20,True,"[[30, 30, 30, 30, 30, 30, 30, 30, 30, 30, 29, 30, 30, 30, 29, 30, 30, 30, 30, 30, 29, 30, 30, 29, 29, 29, 30, 30, 29, 30, 29, 29, 30, 30, 29, 29, 29, 30, 30, 29, 30, 30, 30, 29, 29, 30, 30, 30, 30, 30, 29, 30, 30, 30, 30, 30, 30, 30, 29, 30, 30, 30, 29, 30]]",,,0.6030481645523423,/data/home/hliu148/mirage/results/qwen3_3d_identical_b1_b64_repeat1/b64_in128_out256/summary.json
64,128,256,128,255,1,0,512,64,64,False,4.5,93.3447265625,completed,,Qwen/Qwen3-8B,identical,ad18e4bc063ce9fb0bf1a98f5d8507d03162351471738476b0cf35d2af28d017,cec73259ef6b1952599c9ec97de94f12f18e6321,NVIDIA H100 NVL,590.48.01,2.6.0+cu124,12.4,4.57.1,0.7.0,decode-only,NORMAL,MPK,one_prefill_phase_then_decode,623.2771606445312,2702.785400390625,3326.0625610351562,,,10.599158432904412,,,,6038.21524181732,4925.944626519857,,[623.2771606445312],[2702.785400390625],,30,1.0,1.0,0,0,30,20,True,"[[30, 30, 30, 30, 30, 30, 30, 30, 30, 30, 30, 30, 30, 30, 30, 30, 30, 30, 30, 30, 30, 30, 30, 30, 30, 30, 30, 30, 30, 30, 30, 30, 30, 30, 30, 30, 30, 30, 30, 30, 30, 30, 30, 30, 30, 30, 30, 30, 30, 30, 30, 30, 30, 30, 30, 30, 30, 30, 30, 30, 30, 30, 30, 30]]",1.530863820858342,1.4431812593495026,,/data/home/hliu148/mirage/results/qwen3_3d_identical_b1_b64_repeat1/b64_in128_out256/summary.json
64,128,256,128,255,1,0,512,64,64,False,4.5,93.3447265625,completed,,Qwen/Qwen3-8B,identical,ad18e4bc063ce9fb0bf1a98f5d8507d03162351471738476b0cf35d2af28d017,cec73259ef6b1952599c9ec97de94f12f18e6321,NVIDIA H100 NVL,590.48.01,2.6.0+cu124,12.4,4.57.1,0.7.0,prefill-only,MPK,NORMAL,one_prefill_phase_then_decode,2208.751953125,4422.506169319153,6631.258122444153,,,17.343161448310404,16.033952713012695,16.180096054077147,17.204276542663575,3690.215315745387,2470.722704119558,,[2208.751953125],[4422.506169319153],,30,1.0,1.0,0,0,30,20,True,"[[30, 30, 30, 30, 30, 30, 30, 30, 30, 30, 30, 30, 30, 30, 30, 30, 30, 30, 30, 30, 30, 30, 30, 30, 30, 30, 30, 30, 30, 30, 30, 30, 30, 30, 30, 30, 30, 30, 30, 30, 30, 30, 30, 30, 30, 30, 30, 30, 30, 30, 30, 30, 30, 30, 30, 30, 30, 30, 30, 30, 30, 30, 30, 30]]",0.935577300876693,0.7238613045786131,,/data/home/hliu148/mirage/results/qwen3_3d_identical_b1_b64_repeat1/b64_in128_out256/summary.json
64,128,512,128,511,1,0,1024,64,64,False,9.0,93.3447265625,completed,,Qwen/Qwen3-8B,identical,ad18e4bc063ce9fb0bf1a98f5d8507d03162351471738476b0cf35d2af28d017,cec73259ef6b1952599c9ec97de94f12f18e6321,NVIDIA H100 NVL,590.48.01,2.6.0+cu124,12.4,4.57.1,0.7.0,normal,NORMAL,NORMAL,one_prefill_phase_then_decode,661.0577392578125,8275.026688575745,8936.084427833557,,,16.193789997212807,16.133920669555664,16.334335327148438,16.67643547058105,3952.1322686668996,3666.930439682987,,[661.0577392578125],[8275.026688575745],,,,,0,0,30,20,True,,1.0,1.0,,/data/home/hliu148/mirage/results/qwen3_3d_identical_b1_b64_repeat1/b64_in128_out512/summary.json
64,128,512,128,511,1,0,1024,64,64,False,9.0,93.3447265625,completed,,Qwen/Qwen3-8B,identical,ad18e4bc063ce9fb0bf1a98f5d8507d03162351471738476b0cf35d2af28d017,cec73259ef6b1952599c9ec97de94f12f18e6321,NVIDIA H100 NVL,590.48.01,2.6.0+cu124,12.4,4.57.1,0.7.0,always,MPK,MPK,split_two_mpk_launches,2201.918701171875,5716.7880859375,7918.706787109375,,,11.187452222969668,,,,5720.694821703689,4138.049416521148,,[2201.918701171875],[5716.7880859375],,30,1.0,1.0,0,0,30,20,True,"[[30, 30, 30, 30, 30, 30, 30, 30, 30, 30, 30, 30, 30, 30, 30, 30, 30, 30, 30, 30, 30, 30, 30, 30, 30, 30, 30, 30, 30, 30, 30, 30, 30, 30, 30, 30, 30, 30, 30, 30, 30, 30, 30, 30, 30, 30, 30, 30, 30, 30, 30, 30, 30, 30, 30, 30, 30, 30, 30, 30, 30, 30, 30, 30]]",1.4474957903251922,1.1284777512384143,,/data/home/hliu148/mirage/results/qwen3_3d_identical_b1_b64_repeat1/b64_in128_out512/summary.json
64,128,512,128,511,1,0,1024,64,64,False,9.0,93.3447265625,completed,,Qwen/Qwen3-8B,identical,ad18e4bc063ce9fb0bf1a98f5d8507d03162351471738476b0cf35d2af28d017,cec73259ef6b1952599c9ec97de94f12f18e6321,NVIDIA H100 NVL,590.48.01,2.6.0+cu124,12.4,4.57.1,0.7.0,always-continuous,MPK,MPK,continuous_one_mpk_launch,,,,13633.064453125,2403.5681862040087,,,,,,,,,,[13633.064453125],29,0.9901041666666667,1.0,0,0,30,20,True,"[[30, 30, 30, 30, 30, 30, 30, 30, 30, 30, 29, 30, 30, 30, 29, 30, 30, 30, 30, 30, 29, 30, 30, 29, 29, 29, 30, 30, 29, 30, 29, 29, 30, 30, 29, 29, 29, 30, 30, 29, 30, 30, 30, 29, 29, 30, 30, 30, 30, 30, 29, 30, 30, 30, 30, 30, 30, 30, 29, 30, 29, 29, 30, 30]]",,,0.6554714428702938,/data/home/hliu148/mirage/results/qwen3_3d_identical_b1_b64_repeat1/b64_in128_out512/summary.json
64,128,512,128,511,1,0,1024,64,64,False,9.0,93.3447265625,completed,,Qwen/Qwen3-8B,identical,ad18e4bc063ce9fb0bf1a98f5d8507d03162351471738476b0cf35d2af28d017,cec73259ef6b1952599c9ec97de94f12f18e6321,NVIDIA H100 NVL,590.48.01,2.6.0+cu124,12.4,4.57.1,0.7.0,decode-only,NORMAL,MPK,one_prefill_phase_then_decode,623.0128173828125,5718.77001953125,6341.7828369140625,,,11.191330762292074,,,,5718.71222103816,5167.00127435222,,[623.0128173828125],[5718.77001953125],,30,1.0,1.0,0,0,30,20,True,"[[30, 30, 30, 30, 30, 30, 30, 30, 30, 30, 30, 30, 30, 30, 30, 30, 30, 30, 30, 30, 30, 30, 30, 30, 30, 30, 30, 30, 30, 30, 30, 30, 30, 30, 30, 30, 30, 30, 30, 30, 30, 30, 30, 30, 30, 30, 30, 30, 30, 30, 30, 30, 30, 30, 30, 30, 30, 30, 30, 30, 30, 30, 30, 30]]",1.4469941369060375,1.4090807991435248,,/data/home/hliu148/mirage/results/qwen3_3d_identical_b1_b64_repeat1/b64_in128_out512/summary.json
64,128,512,128,511,1,0,1024,64,64,False,9.0,93.3447265625,completed,,Qwen/Qwen3-8B,identical,ad18e4bc063ce9fb0bf1a98f5d8507d03162351471738476b0cf35d2af28d017,cec73259ef6b1952599c9ec97de94f12f18e6321,NVIDIA H100 NVL,590.48.01,2.6.0+cu124,12.4,4.57.1,0.7.0,prefill-only,MPK,NORMAL,one_prefill_phase_then_decode,2195.4443359375,8684.380702972412,10879.825038909912,,,16.994874174114308,16.333280563354492,16.420927047729492,17.115944862365712,3765.8413557119125,3011.813138796866,,[2195.4443359375],[8684.380702972412],,30,1.0,1.0,0,0,30,20,True,"[[30, 30, 30, 30, 30, 30, 30, 30, 30, 30, 30, 30, 30, 30, 30, 30, 30, 30, 30, 30, 30, 30, 30, 30, 30, 30, 30, 30, 30, 30, 30, 30, 30, 30, 30, 30, 30, 30, 30, 30, 30, 30, 30, 30, 30, 30, 30, 30, 30, 30, 30, 30, 30, 30, 30, 30, 30, 30, 30, 30, 30, 30, 30, 30]]",0.9528631887065295,0.8213444973494625,,/data/home/hliu148/mirage/results/qwen3_3d_identical_b1_b64_repeat1/b64_in128_out512/summary.json
64,256,16,256,15,1,0,512,64,64,False,4.5,93.3447265625,completed,,Qwen/Qwen3-8B,identical,b2e68f61102e0ff0b2a5394aa354b39c73779a67a175ad66454fd4d007e173e7,cec73259ef6b1952599c9ec97de94f12f18e6321,NVIDIA H100 NVL,590.48.01,2.6.0+cu124,12.4,4.57.1,0.7.0,normal,NORMAL,NORMAL,one_prefill_phase_then_decode,1037.8978271484375,265.54432106018066,1303.4421482086182,,,17.702954737345376,16.44041633605957,16.62296905517578,32.57696060180663,3615.215705488328,785.612158857477,,[1037.8978271484375],[265.54432106018066],,,,,0,0,16,11,True,,1.0,1.0,,/data/home/hliu148/mirage/results/qwen3_3d_identical_b1_b64_repeat1/b64_in256_out16/summary.json
64,256,16,256,15,1,0,512,64,64,False,4.5,93.3447265625,completed,,Qwen/Qwen3-8B,identical,b2e68f61102e0ff0b2a5394aa354b39c73779a67a175ad66454fd4d007e173e7,cec73259ef6b1952599c9ec97de94f12f18e6321,NVIDIA H100 NVL,590.48.01,2.6.0+cu124,12.4,4.57.1,0.7.0,always,MPK,MPK,split_two_mpk_launches,4493.20458984375,160.3526153564453,4653.557205200195,,,10.690174357096355,,,,5986.8060016734435,220.0467201425426,,[4493.20458984375],[160.3526153564453],,16,1.0,1.0,0,0,16,11,True,"[[16, 16, 16, 16, 16, 16, 16, 16, 16, 16, 16, 16, 16, 16, 16, 16, 16, 16, 16, 16, 16, 16, 16, 16, 16, 16, 16, 16, 16, 16, 16, 16, 16, 16, 16, 16, 16, 16, 16, 16, 16, 16, 16, 16, 16, 16, 16, 16, 16, 16, 16, 16, 16, 16, 16, 16, 16, 16, 16, 16, 16, 16, 16, 16]]",1.6560024323264473,0.2800958687586487,,/data/home/hliu148/mirage/results/qwen3_3d_identical_b1_b64_repeat1/b64_in256_out16/summary.json
64,256,16,256,15,1,0,512,64,64,False,4.5,93.3447265625,completed,,Qwen/Qwen3-8B,identical,b2e68f61102e0ff0b2a5394aa354b39c73779a67a175ad66454fd4d007e173e7,cec73259ef6b1952599c9ec97de94f12f18e6321,NVIDIA H100 NVL,590.48.01,2.6.0+cu124,12.4,4.57.1,0.7.0,always-continuous,MPK,MPK,continuous_one_mpk_launch,,,,5092.181640625,201.09259100865796,,,,,,,,,,[5092.181640625],16,1.0,1.0,0,0,16,11,True,"[[16, 16, 16, 16, 16, 16, 16, 16, 16, 16, 16, 16, 16, 16, 16, 16, 16, 16, 16, 16, 16, 16, 16, 16, 16, 16, 16, 16, 16, 16, 16, 16, 16, 16, 16, 16, 16, 16, 16, 16, 16, 16, 16, 16, 16, 16, 16, 16, 16, 16, 16, 16, 16, 16, 16, 16, 16, 16, 16, 16, 16, 16, 16, 16]]",,,0.2559692957159787,/data/home/hliu148/mirage/results/qwen3_3d_identical_b1_b64_repeat1/b64_in256_out16/summary.json
64,256,16,256,15,1,0,512,64,64,False,4.5,93.3447265625,completed,,Qwen/Qwen3-8B,identical,b2e68f61102e0ff0b2a5394aa354b39c73779a67a175ad66454fd4d007e173e7,cec73259ef6b1952599c9ec97de94f12f18e6321,NVIDIA H100 NVL,590.48.01,2.6.0+cu124,12.4,4.57.1,0.7.0,decode-only,NORMAL,MPK,one_prefill_phase_then_decode,930.063232421875,172.0716094970703,1102.1348419189453,,,11.471440633138021,,,,5579.072589638007,929.1059143154358,,[930.063232421875],[172.0716094970703],,16,1.0,1.0,0,0,16,11,True,"[[16, 16, 16, 16, 16, 16, 16, 16, 16, 16, 16, 16, 16, 16, 16, 16, 16, 16, 16, 16, 16, 16, 16, 16, 16, 16, 16, 16, 16, 16, 16, 16, 16, 16, 16, 16, 16, 16, 16, 16, 16, 16, 16, 16, 16, 16, 16, 16, 16, 16, 16, 16, 16, 16, 16, 16, 16, 16, 16, 16, 16, 16, 16, 16]]",1.5432198364175922,1.182652157098285,,/data/home/hliu148/mirage/results/qwen3_3d_identical_b1_b64_repeat1/b64_in256_out16/summary.json
64,256,16,256,15,1,0,512,64,64,False,4.5,93.3447265625,completed,,Qwen/Qwen3-8B,identical,b2e68f61102e0ff0b2a5394aa354b39c73779a67a175ad66454fd4d007e173e7,cec73259ef6b1952599c9ec97de94f12f18e6321,NVIDIA H100 NVL,590.48.01,2.6.0+cu124,12.4,4.57.1,0.7.0,prefill-only,MPK,NORMAL,one_prefill_phase_then_decode,4496.03759765625,584.8443145751953,5080.881912231445,,,38.989620971679685,16.436416625976562,17.03562240600586,306.7710078430174,1641.4624816816438,201.539814876405,,[4496.03759765625],[584.8443145751953],,16,1.0,1.0,0,0,16,11,True,"[[16, 16, 16, 16, 16, 16, 16, 16, 16, 16, 16, 16, 16, 16, 16, 16, 16, 16, 16, 16, 16, 16, 16, 16, 16, 16, 16, 16, 16, 16, 16, 16, 16, 16, 16, 16, 16, 16, 16, 16, 16, 16, 16, 16, 16, 16, 16, 16, 16, 16, 16, 16, 16, 16, 16, 16, 16, 16, 16, 16, 16, 16, 16, 16]]",0.4540427502540743,0.25653856372272316,,/data/home/hliu148/mirage/results/qwen3_3d_identical_b1_b64_repeat1/b64_in256_out16/summary.json
64,256,32,256,31,1,0,512,64,64,False,4.5,93.3447265625,completed,,Qwen/Qwen3-8B,identical,b2e68f61102e0ff0b2a5394aa354b39c73779a67a175ad66454fd4d007e173e7,cec73259ef6b1952599c9ec97de94f12f18e6321,NVIDIA H100 NVL,590.48.01,2.6.0+cu124,12.4,4.57.1,0.7.0,normal,NORMAL,NORMAL,one_prefill_phase_then_decode,969.193115234375,512.5772800445557,1481.7703952789307,,,16.534750969179214,15.966015815734863,16.0696964263916,28.388144874572742,3870.635857733572,1382.1304613218983,,[969.193115234375],[512.5772800445557],,,,,0,0,30,20,True,,1.0,1.0,,/data/home/hliu148/mirage/results/qwen3_3d_identical_b1_b64_repeat1/b64_in256_out32/summary.json
64,256,32,256,31,1,0,512,64,64,False,4.5,93.3447265625,completed,,Qwen/Qwen3-8B,identical,b2e68f61102e0ff0b2a5394aa354b39c73779a67a175ad66454fd4d007e173e7,cec73259ef6b1952599c9ec97de94f12f18e6321,NVIDIA H100 NVL,590.48.01,2.6.0+cu124,12.4,4.57.1,0.7.0,always,MPK,MPK,split_two_mpk_launches,4487.12939453125,331.45062255859375,4818.580017089844,,,10.69195556640625,,,,5985.808639262003,425.0214778495842,,[4487.12939453125],[331.45062255859375],,30,1.0,1.0,0,0,30,20,True,"[[30, 30, 30, 30, 30, 30, 30, 30, 30, 30, 30, 30, 30, 30, 30, 30, 30, 30, 30, 30, 30, 30, 30, 30, 30, 30, 30, 30, 30, 30, 30, 30, 30, 30, 30, 30, 30, 30, 30, 30, 30, 30, 30, 30, 30, 30, 30, 30, 30, 30, 30, 30, 30, 30, 30, 30, 30, 30, 30, 30, 30, 30, 30, 30]]",1.5464664874899803,0.30751183751719413,,/data/home/hliu148/mirage/results/qwen3_3d_identical_b1_b64_repeat1/b64_in256_out32/summary.json
64,256,32,256,31,1,0,512,64,64,False,4.5,93.3447265625,completed,,Qwen/Qwen3-8B,identical,b2e68f61102e0ff0b2a5394aa354b39c73779a67a175ad66454fd4d007e173e7,cec73259ef6b1952599c9ec97de94f12f18e6321,NVIDIA H100 NVL,590.48.01,2.6.0+cu124,12.4,4.57.1,0.7.0,always-continuous,MPK,MPK,continuous_one_mpk_launch,,,,5484.0166015625,373.44890593811954,,,,,,,,,,[5484.0166015625],30,1.0,1.0,0,0,30,20,True,"[[30, 30, 30, 30, 30, 30, 30, 30, 30, 30, 30, 30, 30, 30, 30, 30, 30, 30, 30, 30, 30, 30, 30, 30, 30, 30, 30, 30, 30, 30, 30, 30, 30, 30, 30, 30, 30, 30, 30, 30, 30, 30, 30, 30, 30, 30, 30, 30, 30, 30, 30, 30, 30, 30, 30, 30, 30, 30, 30, 30, 30, 30, 30, 30]]",,,0.2701980141447322,/data/home/hliu148/mirage/results/qwen3_3d_identical_b1_b64_repeat1/b64_in256_out32/summary.json
64,256,32,256,31,1,0,512,64,64,False,4.5,93.3447265625,completed,,Qwen/Qwen3-8B,identical,b2e68f61102e0ff0b2a5394aa354b39c73779a67a175ad66454fd4d007e173e7,cec73259ef6b1952599c9ec97de94f12f18e6321,NVIDIA H100 NVL,590.48.01,2.6.0+cu124,12.4,4.57.1,0.7.0,decode-only,NORMAL,MPK,one_prefill_phase_then_decode,930.5062255859375,344.2406005859375,1274.746826171875,,,11.104535502772178,,,,5763.410813898771,1606.5935273988803,,[930.5062255859375],[344.2406005859375],,30,1.0,1.0,0,0,30,20,True,"[[30, 30, 30, 30, 30, 30, 30, 30, 30, 30, 30, 30, 30, 30, 30, 30, 30, 30, 30, 30, 30, 30, 30, 30, 30, 30, 30, 30, 30, 30, 30, 30, 30, 30, 30, 30, 30, 30, 30, 30, 30, 30, 30, 30, 30, 30, 30, 30, 30, 30, 30, 30, 30, 30, 30, 30, 30, 30, 30, 30, 30, 30, 30, 30]]",1.4890087897014168,1.162403674876177,,/data/home/hliu148/mirage/results/qwen3_3d_identical_b1_b64_repeat1/b64_in256_out32/summary.json
64,256,32,256,31,1,0,512,64,64,False,4.5,93.3447265625,completed,,Qwen/Qwen3-8B,identical,b2e68f61102e0ff0b2a5394aa354b39c73779a67a175ad66454fd4d007e173e7,cec73259ef6b1952599c9ec97de94f12f18e6321,NVIDIA H100 NVL,590.48.01,2.6.0+cu124,12.4,4.57.1,0.7.0,prefill-only,MPK,NORMAL,one_prefill_phase_then_decode,4503.8828125,842.5124406814575,5346.3952531814575,,,27.17782066714379,16.15692710876465,16.240095138549805,255.15119419097877,2354.861369637773,383.06183942934354,,[4503.8828125],[842.5124406814575],,30,1.0,1.0,0,0,30,20,True,"[[30, 30, 30, 30, 30, 30, 30, 30, 30, 30, 30, 30, 30, 30, 30, 30, 30, 30, 30, 30, 30, 30, 30, 30, 30, 30, 30, 30, 30, 30, 30, 30, 30, 30, 30, 30, 30, 30, 30, 30, 30, 30, 30, 30, 30, 30, 30, 30, 30, 30, 30, 30, 30, 30, 30, 30, 30, 30, 30, 30, 30, 30, 30, 30]]",0.6083913486547009,0.27715317052123667,,/data/home/hliu148/mirage/results/qwen3_3d_identical_b1_b64_repeat1/b64_in256_out32/summary.json
64,256,64,256,63,1,0,512,64,64,False,4.5,93.3447265625,completed,,Qwen/Qwen3-8B,identical,b2e68f61102e0ff0b2a5394aa354b39c73779a67a175ad66454fd4d007e173e7,cec73259ef6b1952599c9ec97de94f12f18e6321,NVIDIA H100 NVL,590.48.01,2.6.0+cu124,12.4,4.57.1,0.7.0,normal,NORMAL,NORMAL,one_prefill_phase_then_decode,966.813232421875,1025.9656629562378,1992.7788953781128,,,16.285169253273615,15.998847961425781,16.12717475891113,23.102807922363326,3929.956084867514,2055.421205784508,,[966.813232421875],[1025.9656629562378],,,,,0,0,30,20,True,,1.0,1.0,,/data/home/hliu148/mirage/results/qwen3_3d_identical_b1_b64_repeat1/b64_in256_out64/summary.json
64,256,64,256,63,1,0,512,64,64,False,4.5,93.3447265625,completed,,Qwen/Qwen3-8B,identical,b2e68f61102e0ff0b2a5394aa354b39c73779a67a175ad66454fd4d007e173e7,cec73259ef6b1952599c9ec97de94f12f18e6321,NVIDIA H100 NVL,590.48.01,2.6.0+cu124,12.4,4.57.1,0.7.0,always,MPK,MPK,split_two_mpk_launches,4505.89208984375,675.3797607421875,5181.2718505859375,,,10.720313662574405,,,,5969.97457485128,790.5394887814646,,[4505.89208984375],[675.3797607421875],,30,1.0,1.0,0,0,30,20,True,"[[30, 30, 30, 30, 30, 30, 30, 30, 30, 30, 30, 30, 30, 30, 30, 30, 30, 30, 30, 30, 30, 30, 30, 30, 30, 30, 30, 30, 30, 30, 30, 30, 30, 30, 30, 30, 30, 30, 30, 30, 30, 30, 30, 30, 30, 30, 30, 30, 30, 30, 30, 30, 30, 30, 30, 30, 30, 30, 30, 30, 30, 30, 30, 30]]",1.5190944748311452,0.38461191631023073,,/data/home/hliu148/mirage/results/qwen3_3d_identical_b1_b64_repeat1/b64_in256_out64/summary.json
64,256,64,256,63,1,0,512,64,64,False,4.5,93.3447265625,completed,,Qwen/Qwen3-8B,identical,b2e68f61102e0ff0b2a5394aa354b39c73779a67a175ad66454fd4d007e173e7,cec73259ef6b1952599c9ec97de94f12f18e6321,NVIDIA H100 NVL,590.48.01,2.6.0+cu124,12.4,4.57.1,0.7.0,always-continuous,MPK,MPK,continuous_one_mpk_launch,,,,6284.384765625,651.7742233742177,,,,,,,,,,[6284.384765625],30,1.0,1.0,0,0,30,20,True,"[[30, 30, 30, 30, 30, 30, 30, 30, 30, 30, 30, 30, 30, 30, 30, 30, 30, 30, 30, 30, 30, 30, 30, 30, 30, 30, 30, 30, 30, 30, 30, 30, 30, 30, 30, 30, 30, 30, 30, 30, 30, 30, 30, 30, 30, 30, 30, 30, 30, 30, 30, 30, 30, 30, 30, 30, 30, 30, 30, 30, 30, 30, 30, 30]]",,,0.31710007736611356,/data/home/hliu148/mirage/results/qwen3_3d_identical_b1_b64_repeat1/b64_in256_out64/summary.json
64,256,64,256,63,1,0,512,64,64,False,4.5,93.3447265625,completed,,Qwen/Qwen3-8B,identical,b2e68f61102e0ff0b2a5394aa354b39c73779a67a175ad66454fd4d007e173e7,cec73259ef6b1952599c9ec97de94f12f18e6321,NVIDIA H100 NVL,590.48.01,2.6.0+cu124,12.4,4.57.1,0.7.0,decode-only,NORMAL,MPK,one_prefill_phase_then_decode,928.6534423828125,688.0526123046875,1616.7060546875,,,10.921470036582342,,,,5860.016992733291,2533.546520793932,,[928.6534423828125],[688.0526123046875],,30,1.0,1.0,0,0,30,20,True,"[[30, 30, 30, 30, 30, 30, 30, 30, 30, 30, 30, 30, 30, 30, 30, 30, 30, 30, 30, 30, 30, 30, 30, 30, 30, 30, 30, 30, 30, 30, 30, 30, 30, 30, 30, 30, 30, 30, 30, 30, 30, 30, 30, 30, 30, 30, 30, 30, 30, 30, 30, 30, 30, 30, 30, 30, 30, 30, 30, 30, 30, 30, 30, 30]]",1.4911151336518924,1.2326167082755841,,/data/home/hliu148/mirage/results/qwen3_3d_identical_b1_b64_repeat1/b64_in256_out64/summary.json
64,256,64,256,63,1,0,512,64,64,False,4.5,93.3447265625,completed,,Qwen/Qwen3-8B,identical,b2e68f61102e0ff0b2a5394aa354b39c73779a67a175ad66454fd4d007e173e7,cec73259ef6b1952599c9ec97de94f12f18e6321,NVIDIA H100 NVL,590.48.01,2.6.0+cu124,12.4,4.57.1,0.7.0,prefill-only,MPK,NORMAL,one_prefill_phase_then_decode,4487.2353515625,1378.759084701538,5865.994436264038,,,21.88506483653235,15.927840232849121,16.136120986938476,158.0793210983286,2924.368763722643,698.2618283232944,,[4487.2353515625],[1378.759084701538],,30,1.0,1.0,0,0,30,20,True,"[[30, 30, 30, 30, 30, 30, 30, 30, 30, 30, 30, 30, 30, 30, 30, 30, 30, 30, 30, 30, 30, 30, 30, 30, 30, 30, 30, 30, 30, 30, 30, 30, 30, 30, 30, 30, 30, 30, 30, 30, 30, 30, 30, 30, 30, 30, 30, 30, 30, 30, 30, 30, 30, 30, 30, 30, 30, 30, 30, 30, 30, 30, 30, 30]]",0.7441225043157775,0.33971714719990137,,/data/home/hliu148/mirage/results/qwen3_3d_identical_b1_b64_repeat1/b64_in256_out64/summary.json
64,256,128,256,127,1,0,512,64,64,False,4.5,93.3447265625,completed,,Qwen/Qwen3-8B,identical,b2e68f61102e0ff0b2a5394aa354b39c73779a67a175ad66454fd4d007e173e7,cec73259ef6b1952599c9ec97de94f12f18e6321,NVIDIA H100 NVL,590.48.01,2.6.0+cu124,12.4,4.57.1,0.7.0,normal,NORMAL,NORMAL,one_prefill_phase_then_decode,967.665283203125,2064.294816970825,3031.96010017395,,,16.25428989740807,16.09823989868164,16.28810844421387,16.581070251464844,3937.4220838897127,2701.882521320121,,[967.665283203125],[2064.294816970825],,,,,0,0,30,20,True,,1.0,1.0,,/data/home/hliu148/mirage/results/qwen3_3d_identical_b1_b64_repeat1/b64_in256_out128/summary.json
64,256,128,256,127,1,0,512,64,64,False,4.5,93.3447265625,completed,,Qwen/Qwen3-8B,identical,b2e68f61102e0ff0b2a5394aa354b39c73779a67a175ad66454fd4d007e173e7,cec73259ef6b1952599c9ec97de94f12f18e6321,NVIDIA H100 NVL,590.48.01,2.6.0+cu124,12.4,4.57.1,0.7.0,always,MPK,MPK,split_two_mpk_launches,4505.57861328125,1379.504150390625,5885.082763671875,,,10.86223740465059,,,,5891.972124693099,1391.9940175809477,,[4505.57861328125],[1379.504150390625],,30,1.0,1.0,0,0,30,20,True,"[[30, 30, 30, 30, 30, 30, 30, 30, 30, 30, 30, 30, 30, 30, 30, 30, 30, 30, 30, 30, 30, 30, 30, 30, 30, 30, 30, 30, 30, 30, 30, 30, 30, 30, 30, 30, 30, 30, 30, 30, 30, 30, 30, 30, 30, 30, 30, 30, 30, 30, 30, 30, 30, 30, 30, 30, 30, 30, 30, 30, 30, 30, 30, 30]]",1.496403484097016,0.5151941309797692,,/data/home/hliu148/mirage/results/qwen3_3d_identical_b1_b64_repeat1/b64_in256_out128/summary.json
64,256,128,256,127,1,0,512,64,64,False,4.5,93.3447265625,completed,,Qwen/Qwen3-8B,identical,b2e68f61102e0ff0b2a5394aa354b39c73779a67a175ad66454fd4d007e173e7,cec73259ef6b1952599c9ec97de94f12f18e6321,NVIDIA H100 NVL,590.48.01,2.6.0+cu124,12.4,4.57.1,0.7.0,always-continuous,MPK,MPK,continuous_one_mpk_launch,,,,7835.00732421875,1045.5637960513134,,,,,,,,,,[7835.00732421875],30,1.0,1.0,0,0,30,20,True,"[[30, 30, 30, 30, 30, 30, 30, 30, 30, 30, 30, 30, 30, 30, 30, 30, 30, 30, 30, 30, 30, 30, 30, 30, 30, 30, 30, 30, 30, 30, 30, 30, 30, 30, 30, 30, 30, 30, 30, 30, 30, 30, 30, 30, 30, 30, 30, 30, 30, 30, 30, 30, 30, 30, 30, 30, 30, 30, 30, 30, 30, 30, 30, 30]]",,,0.38697603903979444,/data/home/hliu148/mirage/results/qwen3_3d_identical_b1_b64_repeat1/b64_in256_out128/summary.json
64,256,128,256,127,1,0,512,64,64,False,4.5,93.3447265625,completed,,Qwen/Qwen3-8B,identical,b2e68f61102e0ff0b2a5394aa354b39c73779a67a175ad66454fd4d007e173e7,cec73259ef6b1952599c9ec97de94f12f18e6321,NVIDIA H100 NVL,590.48.01,2.6.0+cu124,12.4,4.57.1,0.7.0,decode-only,NORMAL,MPK,one_prefill_phase_then_decode,925.908935546875,1395.0902099609375,2320.9991455078125,,,10.984962283156989,,,,5826.146540177917,3529.5144403026775,,[925.908935546875],[1395.0902099609375],,30,1.0,1.0,0,0,30,20,True,"[[30, 30, 30, 30, 30, 30, 30, 30, 30, 30, 30, 30, 30, 30, 30, 30, 30, 30, 30, 30, 30, 30, 30, 30, 30, 30, 30, 30, 30, 30, 30, 30, 30, 30, 30, 30, 30, 30, 30, 30, 30, 30, 30, 30, 30, 30, 30, 30, 30, 30, 30, 30, 30, 30, 30, 30, 30, 30, 30, 30, 30, 30, 30, 30]]",1.4796855445130142,1.306316767088075,,/data/home/hliu148/mirage/results/qwen3_3d_identical_b1_b64_repeat1/b64_in256_out128/summary.json
64,256,128,256,127,1,0,512,64,64,False,4.5,93.3447265625,completed,,Qwen/Qwen3-8B,identical,b2e68f61102e0ff0b2a5394aa354b39c73779a67a175ad66454fd4d007e173e7,cec73259ef6b1952599c9ec97de94f12f18e6321,NVIDIA H100 NVL,590.48.01,2.6.0+cu124,12.4,4.57.1,0.7.0,prefill-only,MPK,NORMAL,one_prefill_phase_then_decode,4483.884765625,2357.4408283233643,6841.325593948364,,,18.562526207270583,15.842880249023438,16.072608184814452,18.931232185363758,3447.8065800619547,1197.42875667932,,[4483.884765625],[2357.4408283233643],,30,1.0,1.0,0,0,30,20,True,"[[30, 30, 30, 30, 30, 30, 30, 30, 30, 30, 30, 30, 30, 30, 30, 30, 30, 30, 30, 30, 30, 30, 30, 30, 30, 30, 30, 30, 30, 30, 30, 30, 30, 30, 30, 30, 30, 30, 30, 30, 30, 30, 30, 30, 30, 30, 30, 30, 30, 30, 30, 30, 30, 30, 30, 30, 30, 30, 30, 30, 30, 30, 30, 30]]",0.8756507447268453,0.4431831314761474,,/data/home/hliu148/mirage/results/qwen3_3d_identical_b1_b64_repeat1/b64_in256_out128/summary.json
64,256,256,256,255,1,0,512,64,64,False,4.5,93.3447265625,completed,,Qwen/Qwen3-8B,identical,b2e68f61102e0ff0b2a5394aa354b39c73779a67a175ad66454fd4d007e173e7,cec73259ef6b1952599c9ec97de94f12f18e6321,NVIDIA H100 NVL,590.48.01,2.6.0+cu124,12.4,4.57.1,0.7.0,normal,NORMAL,NORMAL,one_prefill_phase_then_decode,968.7756958007812,4112.387937545776,5081.163633346558,,,16.12701151978736,16.034143447875977,16.167308807373047,16.68670116424561,3968.4971962396085,3224.45825056202,,[968.7756958007812],[4112.387937545776],,,,,0,0,30,20,True,,1.0,1.0,,/data/home/hliu148/mirage/results/qwen3_3d_identical_b1_b64_repeat1/b64_in256_out256/summary.json
64,256,256,256,255,1,0,512,64,64,False,4.5,93.3447265625,completed,,Qwen/Qwen3-8B,identical,b2e68f61102e0ff0b2a5394aa354b39c73779a67a175ad66454fd4d007e173e7,cec73259ef6b1952599c9ec97de94f12f18e6321,NVIDIA H100 NVL,590.48.01,2.6.0+cu124,12.4,4.57.1,0.7.0,always,MPK,MPK,split_two_mpk_launches,4504.83056640625,2847.8916015625,7352.72216796875,,,11.168202359068628,,,,5730.555190740409,2228.2903699768403,,[4504.83056640625],[2847.8916015625],,30,1.0,1.0,0,0,30,20,True,"[[30, 30, 30, 30, 30, 30, 30, 30, 30, 30, 30, 30, 30, 30, 30, 30, 30, 30, 30, 30, 30, 30, 30, 30, 30, 30, 30, 30, 30, 30, 30, 30, 30, 30, 30, 30, 30, 30, 30, 30, 30, 30, 30, 30, 30, 30, 30, 30, 30, 30, 30, 30, 30, 30, 30, 30, 30, 30, 30, 30, 30, 30, 30, 30]]",1.444011399622622,0.6910588374305826,,/data/home/hliu148/mirage/results/qwen3_3d_identical_b1_b64_repeat1/b64_in256_out256/summary.json
64,256,256,256,255,1,0,512,64,64,False,4.5,93.3447265625,completed,,Qwen/Qwen3-8B,identical,b2e68f61102e0ff0b2a5394aa354b39c73779a67a175ad66454fd4d007e173e7,cec73259ef6b1952599c9ec97de94f12f18e6321,NVIDIA H100 NVL,590.48.01,2.6.0+cu124,12.4,4.57.1,0.7.0,always-continuous,MPK,MPK,continuous_one_mpk_launch,,,,10860.1533203125,1508.6343182057906,,,,,,,,,,[10860.1533203125],30,1.0,1.0,0,0,30,20,True,"[[30, 30, 30, 30, 30, 30, 30, 30, 30, 30, 30, 30, 30, 30, 30, 30, 30, 30, 30, 30, 30, 30, 30, 30, 30, 30, 30, 30, 30, 30, 30, 30, 30, 30, 30, 30, 30, 30, 30, 30, 30, 30, 30, 30, 30, 30, 30, 30, 30, 30, 30, 30, 30, 30, 30, 30, 30, 30, 30, 30, 30, 30, 30, 30]]",,,0.4678721822318018,/data/home/hliu148/mirage/results/qwen3_3d_identical_b1_b64_repeat1/b64_in256_out256/summary.json
64,256,256,256,255,1,0,512,64,64,False,4.5,93.3447265625,completed,,Qwen/Qwen3-8B,identical,b2e68f61102e0ff0b2a5394aa354b39c73779a67a175ad66454fd4d007e173e7,cec73259ef6b1952599c9ec97de94f12f18e6321,NVIDIA H100 NVL,590.48.01,2.6.0+cu124,12.4,4.57.1,0.7.0,decode-only,NORMAL,MPK,one_prefill_phase_then_decode,929.6220703125,2860.73095703125,3790.35302734375,,,11.218552772671568,,,,5704.8356679218205,4322.552512076106,,[929.6220703125],[2860.73095703125],,30,1.0,1.0,0,0,30,20,True,"[[30, 30, 30, 30, 30, 30, 30, 30, 30, 30, 30, 30, 30, 30, 30, 30, 30, 30, 30, 30, 30, 30, 30, 30, 30, 30, 30, 30, 30, 30, 30, 30, 30, 30, 30, 30, 30, 30, 30, 30, 30, 30, 30, 30, 30, 30, 30, 30, 30, 30, 30, 30, 30, 30, 30, 30, 30, 30, 30, 30, 30, 30, 30, 30]]",1.4375304771104533,1.3405515519770457,,/data/home/hliu148/mirage/results/qwen3_3d_identical_b1_b64_repeat1/b64_in256_out256/summary.json
64,256,256,256,255,1,0,512,64,64,False,4.5,93.3447265625,completed,,Qwen/Qwen3-8B,identical,b2e68f61102e0ff0b2a5394aa354b39c73779a67a175ad66454fd4d007e173e7,cec73259ef6b1952599c9ec97de94f12f18e6321,NVIDIA H100 NVL,590.48.01,2.6.0+cu124,12.4,4.57.1,0.7.0,prefill-only,MPK,NORMAL,one_prefill_phase_then_decode,4493.34033203125,4449.525659561157,8942.865991592407,,,17.449120233573165,16.099071502685547,16.25189094543457,17.647554740905772,3667.8066941655957,1832.0748645236706,,[4493.34033203125],[4449.525659561157],,30,1.0,1.0,0,0,30,20,True,"[[30, 30, 30, 30, 30, 30, 30, 30, 30, 30, 30, 30, 30, 30, 30, 30, 30, 30, 30, 30, 30, 30, 30, 30, 30, 30, 30, 30, 30, 30, 30, 30, 30, 30, 30, 30, 30, 30, 30, 30, 30, 30, 30, 30, 30, 30, 30, 30, 30, 30, 30, 30, 30, 30, 30, 30, 30, 30, 30, 30, 30, 30, 30, 30]]",0.9242306376431524,0.5681806747550047,,/data/home/hliu148/mirage/results/qwen3_3d_identical_b1_b64_repeat1/b64_in256_out256/summary.json
64,256,512,256,511,1,0,1024,64,64,False,9.0,93.3447265625,completed,,Qwen/Qwen3-8B,identical,b2e68f61102e0ff0b2a5394aa354b39c73779a67a175ad66454fd4d007e173e7,cec73259ef6b1952599c9ec97de94f12f18e6321,NVIDIA H100 NVL,590.48.01,2.6.0+cu124,12.4,4.57.1,0.7.0,normal,NORMAL,NORMAL,one_prefill_phase_then_decode,970.087890625,8293.902820587158,9263.990711212158,,,16.230729590190133,16.15782356262207,16.45244789123535,16.71255702972412,3943.1375924518916,3537.1365345111008,,[970.087890625],[8293.902820587158],,,,,0,0,30,20,True,,1.0,1.0,,/data/home/hliu148/mirage/results/qwen3_3d_identical_b1_b64_repeat1/b64_in256_out512/summary.json
64,256,512,256,511,1,0,1024,64,64,False,9.0,93.3447265625,completed,,Qwen/Qwen3-8B,identical,b2e68f61102e0ff0b2a5394aa354b39c73779a67a175ad66454fd4d007e173e7,cec73259ef6b1952599c9ec97de94f12f18e6321,NVIDIA H100 NVL,590.48.01,2.6.0+cu124,12.4,4.57.1,0.7.0,always,MPK,MPK,split_two_mpk_launches,4481.9677734375,6028.6650390625,10510.6328125,,,11.797778941413894,,,,5424.749888755754,3117.6048659058797,,[4481.9677734375],[6028.6650390625],,30,1.0,1.0,0,0,30,20,True,"[[30, 30, 30, 30, 30, 30, 30, 30, 30, 30, 30, 30, 30, 30, 30, 30, 30, 30, 30, 30, 30, 30, 30, 30, 30, 30, 30, 30, 30, 30, 30, 30, 30, 30, 30, 30, 30, 30, 30, 30, 30, 30, 30, 30, 30, 30, 30, 30, 30, 30, 30, 30, 30, 30, 30, 30, 30, 30, 30, 30, 30, 30, 30, 30]]",1.375744508418885,0.8813922887872893,,/data/home/hliu148/mirage/results/qwen3_3d_identical_b1_b64_repeat1/b64_in256_out512/summary.json
64,256,512,256,511,1,0,1024,64,64,False,9.0,93.3447265625,completed,,Qwen/Qwen3-8B,identical,b2e68f61102e0ff0b2a5394aa354b39c73779a67a175ad66454fd4d007e173e7,cec73259ef6b1952599c9ec97de94f12f18e6321,NVIDIA H100 NVL,590.48.01,2.6.0+cu124,12.4,4.57.1,0.7.0,always-continuous,MPK,MPK,continuous_one_mpk_launch,,,,17170.296875,1908.4119650668533,,,,,,,,,,[17170.296875],30,1.0,1.0,0,0,30,20,True,"[[30, 30, 30, 30, 30, 30, 30, 30, 30, 30, 30, 30, 30, 30, 30, 30, 30, 30, 30, 30, 30, 30, 30, 30, 30, 30, 30, 30, 30, 30, 30, 30, 30, 30, 30, 30, 30, 30, 30, 30, 30, 30, 30, 30, 30, 30, 30, 30, 30, 30, 30, 30, 30, 30, 30, 30, 30, 30, 30, 30, 30, 30, 30, 30]]",,,0.5395358495344688,/data/home/hliu148/mirage/results/qwen3_3d_identical_b1_b64_repeat1/b64_in256_out512/summary.json
64,256,512,256,511,1,0,1024,64,64,False,9.0,93.3447265625,completed,,Qwen/Qwen3-8B,identical,b2e68f61102e0ff0b2a5394aa354b39c73779a67a175ad66454fd4d007e173e7,cec73259ef6b1952599c9ec97de94f12f18e6321,NVIDIA H100 NVL,590.48.01,2.6.0+cu124,12.4,4.57.1,0.7.0,decode-only,NORMAL,MPK,one_prefill_phase_then_decode,931.2905883789062,6044.7568359375,6976.047424316406,,,11.82926973764677,,,,5410.308617472755,4697.215773760452,,[931.2905883789062],[6044.7568359375],,30,1.0,1.0,0,0,30,20,True,"[[30, 30, 30, 30, 30, 30, 30, 30, 30, 30, 30, 30, 30, 30, 30, 30, 30, 30, 30, 30, 30, 30, 30, 30, 30, 30, 30, 30, 30, 30, 30, 30, 30, 30, 30, 30, 30, 30, 30, 30, 30, 30, 30, 30, 30, 30, 30, 30, 30, 30, 30, 30, 30, 30, 30, 30, 30, 30, 30, 30, 30, 30, 30, 30]]",1.372082127651183,1.3279712920128193,,/data/home/hliu148/mirage/results/qwen3_3d_identical_b1_b64_repeat1/b64_in256_out512/summary.json
64,256,512,256,511,1,0,1024,64,64,False,9.0,93.3447265625,completed,,Qwen/Qwen3-8B,identical,b2e68f61102e0ff0b2a5394aa354b39c73779a67a175ad66454fd4d007e173e7,cec73259ef6b1952599c9ec97de94f12f18e6321,NVIDIA H100 NVL,590.48.01,2.6.0+cu124,12.4,4.57.1,0.7.0,prefill-only,MPK,NORMAL,one_prefill_phase_then_decode,4506.578125,8545.523572921753,13052.101697921753,,,16.72313810747897,16.002656936645508,16.40060806274414,16.779565429687494,3827.0329162310595,2510.553530640782,,[4506.578125],[8545.523572921753],,30,1.0,1.0,0,0,30,20,True,"[[30, 30, 30, 30, 30, 30, 30, 30, 30, 30, 30, 30, 30, 30, 30, 30, 30, 30, 30, 30, 30, 30, 30, 30, 30, 30, 30, 30, 30, 30, 30, 30, 30, 30, 30, 30, 30, 30, 30, 30, 30, 30, 30, 30, 30, 30, 30, 30, 30, 30, 30, 30, 30, 30, 30, 30, 30, 30, 30, 30, 30, 30, 30, 30]]",0.9705552561891109,0.7097700374712247,,/data/home/hliu148/mirage/results/qwen3_3d_identical_b1_b64_repeat1/b64_in256_out512/summary.json
64,512,16,512,15,1,0,1024,64,64,False,9.0,93.3447265625,completed,,Qwen/Qwen3-8B,identical,5057b14909dba49261b1972069e04c4dbd6294040afa1c49010fde815d60c3e2,cec73259ef6b1952599c9ec97de94f12f18e6321,NVIDIA H100 NVL,590.48.01,2.6.0+cu124,12.4,4.57.1,0.7.0,normal,NORMAL,NORMAL,one_prefill_phase_then_decode,1656.1939697265625,263.1391658782959,1919.3331356048584,,,17.54261105855306,16.212703704833984,16.702426147460937,32.97272048950194,3648.259645407587,533.5186378040083,,[1656.1939697265625],[263.1391658782959],,,,,0,0,16,11,True,,1.0,1.0,,/data/home/hliu148/mirage/results/qwen3_3d_identical_b1_b64_repeat1/b64_in512_out16/summary.json
64,512,16,512,15,1,0,1024,64,64,False,9.0,93.3447265625,completed,,Qwen/Qwen3-8B,identical,5057b14909dba49261b1972069e04c4dbd6294040afa1c49010fde815d60c3e2,cec73259ef6b1952599c9ec97de94f12f18e6321,NVIDIA H100 NVL,590.48.01,2.6.0+cu124,12.4,4.57.1,0.7.0,always,MPK,MPK,split_two_mpk_launches,9286.6572265625,178.82850646972656,9465.485733032227,,,11.921900431315104,,,,5368.271641649683,108.18250947508069,,[9286.6572265625],[178.82850646972656],,16,1.0,1.0,0,0,16,11,True,"[[16, 16, 16, 16, 16, 16, 16, 16, 16, 16, 16, 16, 16, 16, 16, 16, 16, 16, 16, 16, 16, 16, 16, 16, 16, 16, 16, 16, 16, 16, 16, 16, 16, 16, 16, 16, 16, 16, 16, 16, 16, 16, 16, 16, 16, 16, 16, 16, 16, 16, 16, 16, 16, 16, 16, 16, 16, 16, 16, 16, 16, 16, 16, 16]]",1.4714609604081332,0.20277175305508685,,/data/home/hliu148/mirage/results/qwen3_3d_identical_b1_b64_repeat1/b64_in512_out16/summary.json
64,512,16,512,15,1,0,1024,64,64,False,9.0,93.3447265625,completed,,Qwen/Qwen3-8B,identical,5057b14909dba49261b1972069e04c4dbd6294040afa1c49010fde815d60c3e2,cec73259ef6b1952599c9ec97de94f12f18e6321,NVIDIA H100 NVL,590.48.01,2.6.0+cu124,12.4,4.57.1,0.7.0,always-continuous,MPK,MPK,continuous_one_mpk_launch,,,,10340.1435546875,99.0315071144046,,,,,,,,,,[10340.1435546875],16,1.0,1.0,0,0,16,11,True,"[[16, 16, 16, 16, 16, 16, 16, 16, 16, 16, 16, 16, 16, 16, 16, 16, 16, 16, 16, 16, 16, 16, 16, 16, 16, 16, 16, 16, 16, 16, 16, 16, 16, 16, 16, 16, 16, 16, 16, 16, 16, 16, 16, 16, 16, 16, 16, 16, 16, 16, 16, 16, 16, 16, 16, 16, 16, 16, 16, 16, 16, 16, 16, 16]]",,,0.18561958307965334,/data/home/hliu148/mirage/results/qwen3_3d_identical_b1_b64_repeat1/b64_in512_out16/summary.json
64,512,16,512,15,1,0,1024,64,64,False,9.0,93.3447265625,completed,,Qwen/Qwen3-8B,identical,5057b14909dba49261b1972069e04c4dbd6294040afa1c49010fde815d60c3e2,cec73259ef6b1952599c9ec97de94f12f18e6321,NVIDIA H100 NVL,590.48.01,2.6.0+cu124,12.4,4.57.1,0.7.0,decode-only,NORMAL,MPK,one_prefill_phase_then_decode,1623.223876953125,195.2211151123047,1818.4449920654297,,,13.014741007486979,,,,4917.500852547337,563.1184910558765,,[1623.223876953125],[195.2211151123047],,16,1.0,1.0,0,0,16,11,True,"[[16, 16, 16, 16, 16, 16, 16, 16, 16, 16, 16, 16, 16, 16, 16, 16, 16, 16, 16, 16, 16, 16, 16, 16, 16, 16, 16, 16, 16, 16, 16, 16, 16, 16, 16, 16, 16, 16, 16, 16, 16, 16, 16, 16, 16, 16, 16, 16, 16, 16, 16, 16, 16, 16, 16, 16, 16, 16, 16, 16, 16, 16, 16, 16]]",1.3479032005678282,1.0554804483938982,,/data/home/hliu148/mirage/results/qwen3_3d_identical_b1_b64_repeat1/b64_in512_out16/summary.json
64,512,16,512,15,1,0,1024,64,64,False,9.0,93.3447265625,completed,,Qwen/Qwen3-8B,identical,5057b14909dba49261b1972069e04c4dbd6294040afa1c49010fde815d60c3e2,cec73259ef6b1952599c9ec97de94f12f18e6321,NVIDIA H100 NVL,590.48.01,2.6.0+cu124,12.4,4.57.1,0.7.0,prefill-only,MPK,NORMAL,one_prefill_phase_then_decode,9300.322265625,621.1038150787354,9921.426080703735,,,41.406921005249025,16.382848739624023,16.980691528320314,338.7281506347654,1545.6353297045903,103.21096903514568,,[9300.322265625],[621.1038150787354],,16,1.0,1.0,0,0,16,11,True,"[[16, 16, 16, 16, 16, 16, 16, 16, 16, 16, 16, 16, 16, 16, 16, 16, 16, 16, 16, 16, 16, 16, 16, 16, 16, 16, 16, 16, 16, 16, 16, 16, 16, 16, 16, 16, 16, 16, 16, 16, 16, 16, 16, 16, 16, 16, 16, 16, 16, 16, 16, 16, 16, 16, 16, 16, 16, 16, 16, 16, 16, 16, 16, 16]]",0.4236637410525945,0.19345335237015832,,/data/home/hliu148/mirage/results/qwen3_3d_identical_b1_b64_repeat1/b64_in512_out16/summary.json
64,512,32,512,31,1,0,1024,64,64,False,9.0,93.3447265625,completed,,Qwen/Qwen3-8B,identical,5057b14909dba49261b1972069e04c4dbd6294040afa1c49010fde815d60c3e2,cec73259ef6b1952599c9ec97de94f12f18e6321,NVIDIA H100 NVL,590.48.01,2.6.0+cu124,12.4,4.57.1,0.7.0,normal,NORMAL,NORMAL,one_prefill_phase_then_decode,1654.8583984375,524.1703681945801,2179.02876663208,,,16.908721554663874,16.2873592376709,16.381568908691406,30.05097675323485,3785.0289149948835,939.8682712965746,,[1654.8583984375],[524.1703681945801],,,,,0,0,30,20,True,,1.0,1.0,,/data/home/hliu148/mirage/results/qwen3_3d_identical_b1_b64_repeat1/b64_in512_out32/summary.json
64,512,32,512,31,1,0,1024,64,64,False,9.0,93.3447265625,completed,,Qwen/Qwen3-8B,identical,5057b14909dba49261b1972069e04c4dbd6294040afa1c49010fde815d60c3e2,cec73259ef6b1952599c9ec97de94f12f18e6321,NVIDIA H100 NVL,590.48.01,2.6.0+cu124,12.4,4.57.1,0.7.0,always,MPK,MPK,split_two_mpk_launches,9302.8251953125,369.44140625,9672.2666015625,,,11.917464717741936,,,,5370.269727312138,211.73940756235535,,[9302.8251953125],[369.44140625],,30,1.0,1.0,0,0,30,20,True,"[[30, 30, 30, 30, 30, 30, 30, 30, 30, 30, 30, 30, 30, 30, 30, 30, 30, 30, 30, 30, 30, 30, 30, 30, 30, 30, 30, 30, 30, 30, 30, 30, 30, 30, 30, 30, 30, 30, 30, 30, 30, 30, 30, 30, 30, 30, 30, 30, 30, 30, 30, 30, 30, 30, 30, 30, 30, 30, 30, 30, 30, 30, 30, 30]]",1.4188186795712752,0.22528625981836256,,/data/home/hliu148/mirage/results/qwen3_3d_identical_b1_b64_repeat1/b64_in512_out32/summary.json
64,512,32,512,31,1,0,1024,64,64,False,9.0,93.3447265625,completed,,Qwen/Qwen3-8B,identical,5057b14909dba49261b1972069e04c4dbd6294040afa1c49010fde815d60c3e2,cec73259ef6b1952599c9ec97de94f12f18e6321,NVIDIA H100 NVL,590.48.01,2.6.0+cu124,12.4,4.57.1,0.7.0,always-continuous,MPK,MPK,continuous_one_mpk_launch,,,,10810.5,189.4454465565885,,,,,,,,,,[10810.5],30,1.0,1.0,0,0,30,20,True,"[[30, 30, 30, 30, 30, 30, 30, 30, 30, 30, 30, 30, 30, 30, 30, 30, 30, 30, 30, 30, 30, 30, 30, 30, 30, 30, 30, 30, 30, 30, 30, 30, 30, 30, 30, 30, 30, 30, 30, 30, 30, 30, 30, 30, 30, 30, 30, 30, 30, 30, 30, 30, 30, 30, 30, 30, 30, 30, 30, 30, 30, 30, 30, 30]]",,,0.20156595593470053,/data/home/hliu148/mirage/results/qwen3_3d_identical_b1_b64_repeat1/b64_in512_out32/summary.json
64,512,32,512,31,1,0,1024,64,64,False,9.0,93.3447265625,completed,,Qwen/Qwen3-8B,identical,5057b14909dba49261b1972069e04c4dbd6294040afa1c49010fde815d60c3e2,cec73259ef6b1952599c9ec97de94f12f18e6321,NVIDIA H100 NVL,590.48.01,2.6.0+cu124,12.4,4.57.1,0.7.0,decode-only,NORMAL,MPK,one_prefill_phase_then_decode,1618.2427978515625,386.86676025390625,2005.1095581054688,,,12.47957291141633,,,,5128.380630834947,1021.3905727600522,,[1618.2427978515625],[386.86676025390625],,30,1.0,1.0,0,0,30,20,True,"[[30, 30, 30, 30, 30, 30, 30, 30, 30, 30, 30, 30, 30, 30, 30, 30, 30, 30, 30, 30, 30, 30, 30, 30, 30, 30, 30, 30, 30, 30, 30, 30, 30, 30, 30, 30, 30, 30, 30, 30, 30, 30, 30, 30, 30, 30, 30, 30, 30, 30, 30, 30, 30, 30, 30, 30, 30, 30, 30, 30, 30, 30, 30, 30]]",1.3549118767674935,1.0867380078178568,,/data/home/hliu148/mirage/results/qwen3_3d_identical_b1_b64_repeat1/b64_in512_out32/summary.json
64,512,32,512,31,1,0,1024,64,64,False,9.0,93.3447265625,completed,,Qwen/Qwen3-8B,identical,5057b14909dba49261b1972069e04c4dbd6294040afa1c49010fde815d60c3e2,cec73259ef6b1952599c9ec97de94f12f18e6321,NVIDIA H100 NVL,590.48.01,2.6.0+cu124,12.4,4.57.1,0.7.0,prefill-only,MPK,NORMAL,one_prefill_phase_then_decode,9321.2021484375,887.5273532867432,10208.729501724243,,,28.629914622153006,16.501728057861328,16.643840789794922,279.3844347000119,2235.424060624988,200.61262272196507,,[9321.2021484375],[887.5273532867432],,30,1.0,1.0,0,0,30,20,True,"[[30, 30, 30, 30, 30, 30, 30, 30, 30, 30, 30, 30, 30, 30, 30, 30, 30, 30, 30, 30, 30, 30, 30, 30, 30, 30, 30, 30, 30, 30, 30, 30, 30, 30, 30, 30, 30, 30, 30, 30, 30, 30, 30, 30, 30, 30, 30, 30, 30, 30, 30, 30, 30, 30, 30, 30, 30, 30, 30, 30, 30, 30, 30, 30]]",0.5905962968391247,0.21344759563509294,,/data/home/hliu148/mirage/results/qwen3_3d_identical_b1_b64_repeat1/b64_in512_out32/summary.json
64,512,64,512,63,1,0,1024,64,64,False,9.0,93.3447265625,completed,,Qwen/Qwen3-8B,identical,5057b14909dba49261b1972069e04c4dbd6294040afa1c49010fde815d60c3e2,cec73259ef6b1952599c9ec97de94f12f18e6321,NVIDIA H100 NVL,590.48.01,2.6.0+cu124,12.4,4.57.1,0.7.0,normal,NORMAL,NORMAL,one_prefill_phase_then_decode,1651.82177734375,1034.415454864502,2686.237232208252,,,16.419292934357173,16.128864288330078,16.230533599853516,23.38137702941899,3897.853595515113,1524.8094810423115,,[1651.82177734375],[1034.415454864502],,,,,0,0,30,20,True,,1.0,1.0,,/data/home/hliu148/mirage/results/qwen3_3d_identical_b1_b64_repeat1/b64_in512_out64/summary.json
64,512,64,512,63,1,0,1024,64,64,False,9.0,93.3447265625,completed,,Qwen/Qwen3-8B,identical,5057b14909dba49261b1972069e04c4dbd6294040afa1c49010fde815d60c3e2,cec73259ef6b1952599c9ec97de94f12f18e6321,NVIDIA H100 NVL,590.48.01,2.6.0+cu124,12.4,4.57.1,0.7.0,always,MPK,MPK,split_two_mpk_launches,9306.4765625,752.291015625,10058.767578125,,,11.941127232142858,,,,5359.628011309204,407.20694341398763,,[9306.4765625],[752.291015625],,30,1.0,1.0,0,0,30,20,True,"[[30, 30, 30, 30, 30, 30, 30, 30, 30, 30, 30, 30, 30, 30, 30, 30, 30, 30, 30, 30, 30, 30, 30, 30, 30, 30, 30, 30, 30, 30, 30, 30, 30, 30, 30, 30, 30, 30, 30, 30, 30, 30, 30, 30, 30, 30, 30, 30, 30, 30, 30, 30, 30, 30, 30, 30, 30, 30, 30, 30, 30, 30, 30, 30]]",1.375020349013625,0.2670543097198175,,/data/home/hliu148/mirage/results/qwen3_3d_identical_b1_b64_repeat1/b64_in512_out64/summary.json
64,512,64,512,63,1,0,1024,64,64,False,9.0,93.3447265625,completed,,Qwen/Qwen3-8B,identical,5057b14909dba49261b1972069e04c4dbd6294040afa1c49010fde815d60c3e2,cec73259ef6b1952599c9ec97de94f12f18e6321,NVIDIA H100 NVL,590.48.01,2.6.0+cu124,12.4,4.57.1,0.7.0,always-continuous,MPK,MPK,continuous_one_mpk_launch,,,,11696.580078125,350.18783034370523,,,,,,,,,,[11696.580078125],30,1.0,1.0,0,0,30,20,True,"[[30, 30, 30, 30, 30, 30, 30, 30, 30, 30, 30, 30, 30, 30, 30, 30, 30, 30, 30, 30, 30, 30, 30, 30, 30, 30, 30, 30, 30, 30, 30, 30, 30, 30, 30, 30, 30, 30, 30, 30, 30, 30, 30, 30, 30, 30, 30, 30, 30, 30, 30, 30, 30, 30, 30, 30, 30, 30, 30, 30, 30, 30, 30, 30]]",,,0.22966005569714054,/data/home/hliu148/mirage/results/qwen3_3d_identical_b1_b64_repeat1/b64_in512_out64/summary.json
64,512,64,512,63,1,0,1024,64,64,False,9.0,93.3447265625,completed,,Qwen/Qwen3-8B,identical,5057b14909dba49261b1972069e04c4dbd6294040afa1c49010fde815d60c3e2,cec73259ef6b1952599c9ec97de94f12f18e6321,NVIDIA H100 NVL,590.48.01,2.6.0+cu124,12.4,4.57.1,0.7.0,decode-only,NORMAL,MPK,one_prefill_phase_then_decode,1627.2547607421875,766.3121337890625,2393.56689453125,,,12.163684663318453,,,,5261.563561656798,1711.253614577649,,[1627.2547607421875],[766.3121337890625],,30,1.0,1.0,0,0,30,20,True,"[[30, 30, 30, 30, 30, 30, 30, 30, 30, 30, 30, 30, 30, 30, 30, 30, 30, 30, 30, 30, 30, 30, 30, 30, 30, 30, 30, 30, 30, 30, 30, 30, 30, 30, 30, 30, 30, 30, 30, 30, 30, 30, 30, 30, 30, 30, 30, 30, 30, 30, 30, 30, 30, 30, 30, 30, 30, 30, 30, 30, 30, 30, 30, 30]]",1.3498617720559785,1.1222737239329665,,/data/home/hliu148/mirage/results/qwen3_3d_identical_b1_b64_repeat1/b64_in512_out64/summary.json
64,512,64,512,63,1,0,1024,64,64,False,9.0,93.3447265625,completed,,Qwen/Qwen3-8B,identical,5057b14909dba49261b1972069e04c4dbd6294040afa1c49010fde815d60c3e2,cec73259ef6b1952599c9ec97de94f12f18e6321,NVIDIA H100 NVL,590.48.01,2.6.0+cu124,12.4,4.57.1,0.7.0,prefill-only,MPK,NORMAL,one_prefill_phase_then_decode,9291.2021484375,1394.515214920044,10685.717363357544,,,22.135162141587998,16.08348846435547,16.214949798583984,161.27346862793067,2891.3273637040807,383.3153976209045,,[9291.2021484375],[1394.515214920044],,30,1.0,1.0,0,0,30,20,True,"[[30, 30, 30, 30, 30, 30, 30, 30, 30, 30, 30, 30, 30, 30, 30, 30, 30, 30, 30, 30, 30, 30, 30, 30, 30, 30, 30, 30, 30, 30, 30, 30, 30, 30, 30, 30, 30, 30, 30, 30, 30, 30, 30, 30, 30, 30, 30, 30, 30, 30, 30, 30, 30, 30, 30, 30, 30, 30, 30, 30, 30, 30, 30, 30]]",0.7417742336528119,0.2513857648359336,,/data/home/hliu148/mirage/results/qwen3_3d_identical_b1_b64_repeat1/b64_in512_out64/summary.json
64,512,128,512,127,1,0,1024,64,64,False,9.0,93.3447265625,completed,,Qwen/Qwen3-8B,identical,5057b14909dba49261b1972069e04c4dbd6294040afa1c49010fde815d60c3e2,cec73259ef6b1952599c9ec97de94f12f18e6321,NVIDIA H100 NVL,590.48.01,2.6.0+cu124,12.4,4.57.1,0.7.0,normal,NORMAL,NORMAL,one_prefill_phase_then_decode,1657.07763671875,2071.9000148773193,3728.9776515960693,,,16.314173345490705,16.14998435974121,16.314565658569336,16.665169563293457,3922.969227103979,2196.8487787781933,,[1657.07763671875],[2071.9000148773193],,,,,0,0,30,20,True,,1.0,1.0,,/data/home/hliu148/mirage/results/qwen3_3d_identical_b1_b64_repeat1/b64_in512_out128/summary.json
64,512,128,512,127,1,0,1024,64,64,False,9.0,93.3447265625,completed,,Qwen/Qwen3-8B,identical,5057b14909dba49261b1972069e04c4dbd6294040afa1c49010fde815d60c3e2,cec73259ef6b1952599c9ec97de94f12f18e6321,NVIDIA H100 NVL,590.48.01,2.6.0+cu124,12.4,4.57.1,0.7.0,always,MPK,MPK,split_two_mpk_launches,9290.5068359375,1537.2337646484375,10827.740600585938,,,12.104202871247539,,,,5287.4196409931565,756.57519903614,,[9290.5068359375],[1537.2337646484375],,30,1.0,1.0,0,0,30,20,True,"[[30, 30, 30, 30, 30, 30, 30, 30, 30, 30, 30, 30, 30, 30, 30, 30, 30, 30, 30, 30, 30, 30, 30, 30, 30, 30, 30, 30, 30, 30, 30, 30, 30, 30, 30, 30, 30, 30, 30, 30, 30, 30, 30, 30, 30, 30, 30, 30, 30, 30, 30, 30, 30, 30, 30, 30, 30, 30, 30, 30, 30, 30, 30, 30]]",1.3478106339611653,0.34439111437470876,,/data/home/hliu148/mirage/results/qwen3_3d_identical_b1_b64_repeat1/b64_in512_out128/summary.json
64,512,128,512,127,1,0,1024,64,64,False,9.0,93.3447265625,completed,,Qwen/Qwen3-8B,identical,5057b14909dba49261b1972069e04c4dbd6294040afa1c49010fde815d60c3e2,cec73259ef6b1952599c9ec97de94f12f18e6321,NVIDIA H100 NVL,590.48.01,2.6.0+cu124,12.4,4.57.1,0.7.0,always-continuous,MPK,MPK,continuous_one_mpk_launch,,,,13498.59375,606.8780312764061,,,,,,,,,,[13498.59375],30,1.0,1.0,0,0,30,20,True,"[[30, 30, 30, 30, 30, 30, 30, 30, 30, 30, 30, 30, 30, 30, 30, 30, 30, 30, 30, 30, 30, 30, 30, 30, 30, 30, 30, 30, 30, 30, 30, 30, 30, 30, 30, 30, 30, 30, 30, 30, 30, 30, 30, 30, 30, 30, 30, 30, 30, 30, 30, 30, 30, 30, 30, 30, 30, 30, 30, 30, 30, 30, 30, 30]]",,,0.276249342758098,/data/home/hliu148/mirage/results/qwen3_3d_identical_b1_b64_repeat1/b64_in512_out128/summary.json
64,512,128,512,127,1,0,1024,64,64,False,9.0,93.3447265625,completed,,Qwen/Qwen3-8B,identical,5057b14909dba49261b1972069e04c4dbd6294040afa1c49010fde815d60c3e2,cec73259ef6b1952599c9ec97de94f12f18e6321,NVIDIA H100 NVL,590.48.01,2.6.0+cu124,12.4,4.57.1,0.7.0,decode-only,NORMAL,MPK,one_prefill_phase_then_decode,1619.94677734375,1550.4608154296875,3170.4075927734375,,,12.208352877399115,,,,5242.312426804185,2583.894896880981,,[1619.94677734375],[1550.4608154296875],,30,1.0,1.0,0,0,30,20,True,"[[30, 30, 30, 30, 30, 30, 30, 30, 30, 30, 30, 30, 30, 30, 30, 30, 30, 30, 30, 30, 30, 30, 30, 30, 30, 30, 30, 30, 30, 30, 30, 30, 30, 30, 30, 30, 30, 30, 30, 30, 30, 30, 30, 30, 30, 30, 30, 30, 30, 30, 30, 30, 30, 30, 30, 30, 30, 30, 30, 30, 30, 30, 30, 30]]",1.3363124009703673,1.1761824126638558,,/data/home/hliu148/mirage/results/qwen3_3d_identical_b1_b64_repeat1/b64_in512_out128/summary.json
64,512,128,512,127,1,0,1024,64,64,False,9.0,93.3447265625,completed,,Qwen/Qwen3-8B,identical,5057b14909dba49261b1972069e04c4dbd6294040afa1c49010fde815d60c3e2,cec73259ef6b1952599c9ec97de94f12f18e6321,NVIDIA H100 NVL,590.48.01,2.6.0+cu124,12.4,4.57.1,0.7.0,prefill-only,MPK,NORMAL,one_prefill_phase_then_decode,9322.5478515625,2451.2772102355957,11773.825061798096,,,19.301395356185793,16.30998420715332,16.445254516601562,17.17338096618652,3315.822448012237,695.7806793460986,,[9322.5478515625],[2451.2772102355957],,30,1.0,1.0,0,0,30,20,True,"[[30, 30, 30, 30, 30, 30, 30, 30, 30, 30, 30, 30, 30, 30, 30, 30, 30, 30, 30, 30, 30, 30, 30, 30, 30, 30, 30, 30, 30, 30, 30, 30, 30, 30, 30, 30, 30, 30, 30, 30, 30, 30, 30, 30, 30, 30, 30, 30, 30, 30, 30, 30, 30, 30, 30, 30, 30, 30, 30, 30, 30, 30, 30, 30]]",0.8452328468709527,0.316717602989982,,/data/home/hliu148/mirage/results/qwen3_3d_identical_b1_b64_repeat1/b64_in512_out128/summary.json
64,512,256,512,255,1,0,1024,64,64,False,9.0,93.3447265625,completed,,Qwen/Qwen3-8B,identical,5057b14909dba49261b1972069e04c4dbd6294040afa1c49010fde815d60c3e2,cec73259ef6b1952599c9ec97de94f12f18e6321,NVIDIA H100 NVL,590.48.01,2.6.0+cu124,12.4,4.57.1,0.7.0,normal,NORMAL,NORMAL,one_prefill_phase_then_decode,1659.777587890625,4131.393977165222,5791.171565055847,,,16.201545008491067,16.081024169921875,16.41944351196289,16.61574676513672,3950.2405459762167,2829.133935326953,,[1659.777587890625],[4131.393977165222],,,,,0,0,30,20,True,,1.0,1.0,,/data/home/hliu148/mirage/results/qwen3_3d_identical_b1_b64_repeat1/b64_in512_out256/summary.json
64,512,256,512,255,1,0,1024,64,64,False,9.0,93.3447265625,completed,,Qwen/Qwen3-8B,identical,5057b14909dba49261b1972069e04c4dbd6294040afa1c49010fde815d60c3e2,cec73259ef6b1952599c9ec97de94f12f18e6321,NVIDIA H100 NVL,590.48.01,2.6.0+cu124,12.4,4.57.1,0.7.0,always,MPK,MPK,split_two_mpk_launches,9298.17578125,3170.049560546875,12468.225341796875,,,12.431566904105392,,,,5148.184496265284,1314.060305364901,,[9298.17578125],[3170.049560546875],,30,1.0,1.0,0,0,30,20,True,"[[30, 30, 30, 30, 30, 30, 30, 30, 30, 30, 30, 30, 30, 30, 30, 30, 30, 30, 30, 30, 30, 30, 30, 30, 30, 30, 30, 30, 30, 30, 30, 30, 30, 30, 30, 30, 30, 30, 30, 30, 30, 30, 30, 30, 30, 30, 30, 30, 30, 30, 30, 30, 30, 30, 30, 30, 30, 30, 30, 30, 30, 30, 30, 30]]",1.30325848169153,0.46447440644517934,,/data/home/hliu148/mirage/results/qwen3_3d_identical_b1_b64_repeat1/b64_in512_out256/summary.json
64,512,256,512,255,1,0,1024,64,64,False,9.0,93.3447265625,completed,,Qwen/Qwen3-8B,identical,5057b14909dba49261b1972069e04c4dbd6294040afa1c49010fde815d60c3e2,cec73259ef6b1952599c9ec97de94f12f18e6321,NVIDIA H100 NVL,590.48.01,2.6.0+cu124,12.4,4.57.1,0.7.0,always-continuous,MPK,MPK,continuous_one_mpk_launch,,,,16928.125,967.8567472770907,,,,,,,,,,[16928.125],30,1.0,1.0,0,0,30,20,True,"[[30, 30, 30, 30, 30, 30, 30, 30, 30, 30, 30, 30, 30, 30, 30, 30, 30, 30, 30, 30, 30, 30, 30, 30, 30, 30, 30, 30, 30, 30, 30, 30, 30, 30, 30, 30, 30, 30, 30, 30, 30, 30, 30, 30, 30, 30, 30, 30, 30, 30, 30, 30, 30, 30, 30, 30, 30, 30, 30, 30, 30, 30, 30, 30]]",,,0.34210354454825015,/data/home/hliu148/mirage/results/qwen3_3d_identical_b1_b64_repeat1/b64_in512_out256/summary.json
64,512,256,512,255,1,0,1024,64,64,False,9.0,93.3447265625,completed,,Qwen/Qwen3-8B,identical,5057b14909dba49261b1972069e04c4dbd6294040afa1c49010fde815d60c3e2,cec73259ef6b1952599c9ec97de94f12f18e6321,NVIDIA H100 NVL,590.48.01,2.6.0+cu124,12.4,4.57.1,0.7.0,decode-only,NORMAL,MPK,one_prefill_phase_then_decode,1621.7291259765625,3181.7783203125,4803.5074462890625,,,12.477562040441176,,,,5129.207115345836,3410.8409705198683,,[1621.7291259765625],[3181.7783203125],,30,1.0,1.0,0,0,30,20,True,"[[30, 30, 30, 30, 30, 30, 30, 30, 30, 30, 30, 30, 30, 30, 30, 30, 30, 30, 30, 30, 30, 30, 30, 30, 30, 30, 30, 30, 30, 30, 30, 30, 30, 30, 30, 30, 30, 30, 30, 30, 30, 30, 30, 30, 30, 30, 30, 30, 30, 30, 30, 30, 30, 30, 30, 30, 30, 30, 30, 30, 30, 30, 30, 30]]",1.2984543740179408,1.2056131128785492,,/data/home/hliu148/mirage/results/qwen3_3d_identical_b1_b64_repeat1/b64_in512_out256/summary.json
64,512,256,512,255,1,0,1024,64,64,False,9.0,93.3447265625,completed,,Qwen/Qwen3-8B,identical,5057b14909dba49261b1972069e04c4dbd6294040afa1c49010fde815d60c3e2,cec73259ef6b1952599c9ec97de94f12f18e6321,NVIDIA H100 NVL,590.48.01,2.6.0+cu124,12.4,4.57.1,0.7.0,prefill-only,MPK,NORMAL,one_prefill_phase_then_decode,9291.7802734375,4565.768737792969,13857.549011230469,,,17.904975442325366,16.424928665161133,16.53749771118164,17.269595947265625,3574.4254554357626,1182.3158616810258,,[9291.7802734375],[4565.768737792969],,30,1.0,1.0,0,0,30,20,True,"[[30, 30, 30, 30, 30, 30, 30, 30, 30, 30, 30, 30, 30, 30, 30, 30, 30, 30, 30, 30, 30, 30, 30, 30, 30, 30, 30, 30, 30, 30, 30, 30, 30, 30, 30, 30, 30, 30, 30, 30, 30, 30, 30, 30, 30, 30, 30, 30, 30, 30, 30, 30, 30, 30, 30, 30, 30, 30, 30, 30, 30, 30, 30, 30]]",0.9048627327459171,0.41790734857676143,,/data/home/hliu148/mirage/results/qwen3_3d_identical_b1_b64_repeat1/b64_in512_out256/summary.json
64,512,512,512,511,1,0,1024,64,64,False,9.0,93.3447265625,completed,,Qwen/Qwen3-8B,identical,5057b14909dba49261b1972069e04c4dbd6294040afa1c49010fde815d60c3e2,cec73259ef6b1952599c9ec97de94f12f18e6321,NVIDIA H100 NVL,590.48.01,2.6.0+cu124,12.4,4.57.1,0.7.0,normal,NORMAL,NORMAL,one_prefill_phase_then_decode,1665.2454833984375,8523.356132507324,10188.601615905762,,,16.67975759786169,16.67091178894043,17.596832275390625,17.6868537902832,3836.9862166464973,3216.1430228898926,,[1665.2454833984375],[8523.356132507324],,,,,0,0,30,20,True,,1.0,1.0,,/data/home/hliu148/mirage/results/qwen3_3d_identical_b1_b64_repeat1/b64_in512_out512/summary.json
64,512,512,512,511,1,0,1024,64,64,False,9.0,93.3447265625,completed,,Qwen/Qwen3-8B,identical,5057b14909dba49261b1972069e04c4dbd6294040afa1c49010fde815d60c3e2,cec73259ef6b1952599c9ec97de94f12f18e6321,NVIDIA H100 NVL,590.48.01,2.6.0+cu124,12.4,4.57.1,0.7.0,always,MPK,MPK,split_two_mpk_launches,9299.3447265625,6670.01611328125,15969.36083984375,,,13.052869106225538,,,,4903.136580866756,2051.9293369740535,,[9299.3447265625],[6670.01611328125],,30,1.0,1.0,0,0,30,20,True,"[[30, 30, 30, 30, 30, 30, 30, 30, 30, 30, 30, 30, 30, 30, 30, 30, 30, 30, 30, 30, 30, 30, 30, 30, 30, 30, 30, 30, 30, 30, 30, 30, 30, 30, 30, 30, 30, 30, 30, 30, 30, 30, 30, 30, 30, 30, 30, 30, 30, 30, 30, 30, 30, 30, 30, 30, 30, 30, 30, 30, 30, 30, 30, 30]]",1.2778614005947793,0.6380093554204798,,/data/home/hliu148/mirage/results/qwen3_3d_identical_b1_b64_repeat1/b64_in512_out512/summary.json
64,512,512,512,511,1,0,1024,64,64,False,9.0,93.3447265625,completed,,Qwen/Qwen3-8B,identical,5057b14909dba49261b1972069e04c4dbd6294040afa1c49010fde815d60c3e2,cec73259ef6b1952599c9ec97de94f12f18e6321,NVIDIA H100 NVL,590.48.01,2.6.0+cu124,12.4,4.57.1,0.7.0,always-continuous,MPK,MPK,continuous_one_mpk_launch,,,,23796.234375,1377.0245948840382,,,,,,,,,,[23796.234375],30,1.0,1.0,0,0,30,20,True,"[[30, 30, 30, 30, 30, 30, 30, 30, 30, 30, 30, 30, 30, 30, 30, 30, 30, 30, 30, 30, 30, 30, 30, 30, 30, 30, 30, 30, 30, 30, 30, 30, 30, 30, 30, 30, 30, 30, 30, 30, 30, 30, 30, 30, 30, 30, 30, 30, 30, 30, 30, 30, 30, 30, 30, 30, 30, 30, 30, 30, 30, 30, 30, 30]]",,,0.4281602481865689,/data/home/hliu148/mirage/results/qwen3_3d_identical_b1_b64_repeat1/b64_in512_out512/summary.json
64,512,512,512,511,1,0,1024,64,64,False,9.0,93.3447265625,completed,,Qwen/Qwen3-8B,identical,5057b14909dba49261b1972069e04c4dbd6294040afa1c49010fde815d60c3e2,cec73259ef6b1952599c9ec97de94f12f18e6321,NVIDIA H100 NVL,590.48.01,2.6.0+cu124,12.4,4.57.1,0.7.0,decode-only,NORMAL,MPK,one_prefill_phase_then_decode,1627.896484375,6683.1806640625,8311.0771484375,,,13.078631436521526,,,,4893.478366649488,3942.689908270248,,[1627.896484375],[6683.1806640625],,30,1.0,1.0,0,0,30,20,True,"[[30, 30, 30, 30, 30, 30, 30, 30, 30, 30, 30, 30, 30, 30, 30, 30, 30, 30, 30, 30, 30, 30, 30, 30, 30, 30, 30, 30, 30, 30, 30, 30, 30, 30, 30, 30, 30, 30, 30, 30, 30, 30, 30, 30, 30, 30, 30, 30, 30, 30, 30, 30, 30, 30, 30, 30, 30, 30, 30, 30, 30, 30, 30, 30]]",1.2753442650952127,1.225906273511279,,/data/home/hliu148/mirage/results/qwen3_3d_identical_b1_b64_repeat1/b64_in512_out512/summary.json
64,512,512,512,511,1,0,1024,64,64,False,9.0,93.3447265625,completed,,Qwen/Qwen3-8B,identical,5057b14909dba49261b1972069e04c4dbd6294040afa1c49010fde815d60c3e2,cec73259ef6b1952599c9ec97de94f12f18e6321,NVIDIA H100 NVL,590.48.01,2.6.0+cu124,12.4,4.57.1,0.7.0,prefill-only,MPK,NORMAL,one_prefill_phase_then_decode,9296.1083984375,8993.581775665283,18289.690174102783,,,17.599964335939887,16.744735717773438,17.67535972595215,17.76564826965332,3636.3710049860288,1791.6104476388412,,[9296.1083984375],[8993.581775665283],,30,1.0,1.0,0,0,30,20,True,"[[30, 30, 30, 30, 30, 30, 30, 30, 30, 30, 30, 30, 30, 30, 30, 30, 30, 30, 30, 30, 30, 30, 30, 30, 30, 30, 30, 30, 30, 30, 30, 30, 30, 30, 30, 30, 30, 30, 30, 30, 30, 30, 30, 30, 30, 30, 30, 30, 30, 30, 30, 30, 30, 30, 30, 30, 30, 30, 30, 30, 30, 30, 30, 30]]",0.9477154202978073,0.5570680267909772,,/data/home/hliu148/mirage/results/qwen3_3d_identical_b1_b64_repeat1/b64_in512_out512/summary.json
